{
    "1_1_actor_calls_async": [
        5527.366120616061,
        68.56222032938759
    ],
    "1_1_actor_calls_concurrent": [
        4559.390870183433,
        73.37443346763226
    ],
    "1_1_actor_calls_sync": [
        2082.809412734267,
        13.02432324806919
    ],
    "1_1_async_actor_calls_async": [
        3139.49980520724,
        96.66645578125751
    ],
    "1_1_async_actor_calls_sync": [
        1420.8106806469973,
        16.822145181503164
    ],
    "1_1_async_actor_calls_with_args_async": [
        2023.9170870876683,
        107.3469098987445
    ],
    "1_n_actor_calls_async": [
        9776.098319672998,
        136.20972276848508
    ],
    "1_n_async_actor_calls_async": [
        9342.424700071011,
        144.433579497907
    ],
    "client__1_1_actor_calls_async": [
        821.4352581170906,
        6.150113924779009
    ],
    "client__1_1_actor_calls_concurrent": [
        804.9706224772015,
        25.457327776258953
    ],
    "client__1_1_actor_calls_sync": [
        450.5952014989901,
        12.25592468026156
    ],
    "client__get_calls": [
        956.6077536457494,
        37.74260337659458
    ],
    "client__put_calls": [
        718.2016898221807,
        21.7642664575563
    ],
    "client__put_gigabytes": [
        0.045608530388438914,
        0.0006565835953076584
    ],
    "client__tasks_and_get_batch": [
        0.7092464123407864,
        0.015532451549238263
    ],
    "client__tasks_and_put_batch": [
        9999.853574374314,
        78.67187572973815
    ],
    "multi_client_put_calls_Plasma_Store": [
        11290.253448125495,
        195.99894123801667
    ],
    "multi_client_put_gigabytes": [
        28.928286311767714,
        1.855105020236441
    ],
    "multi_client_tasks_async": [
        29309.433492209027,
        1615.3815590223753
    ],
    "n_n_actor_calls_async": [
        30834.808377005815,
        582.5942517228842
    ],
    "n_n_actor_calls_with_arg_async": [
        2733.0985238434005,
        6.591818689701025
    ],
    "n_n_async_actor_calls_async": [
        25500.066206417083,
        333.32781941584733
    ],
    "perf_metrics": [
        {
            "perf_metric_name": "single_client_get_calls_Plasma_Store",
            "perf_metric_type": "THROUGHPUT",
            "perf_metric_value": 6808.923194721655
        },
        {
            "perf_metric_name": "single_client_put_calls_Plasma_Store",
            "perf_metric_type": "THROUGHPUT",
            "perf_metric_value": 5442.071069131358
        },
        {
            "perf_metric_name": "multi_client_put_calls_Plasma_Store",
            "perf_metric_type": "THROUGHPUT",
            "perf_metric_value": 11290.253448125495
        },
        {
            "perf_metric_name": "single_client_put_gigabytes",
            "perf_metric_type": "THROUGHPUT",
            "perf_metric_value": 19.34338494332012
        },
        {
            "perf_metric_name": "single_client_tasks_and_get_batch",
            "perf_metric_type": "THROUGHPUT",
            "perf_metric_value": 10.102375809036388
        },
        {
            "perf_metric_name": "multi_client_put_gigabytes",
            "perf_metric_type": "THROUGHPUT",
            "perf_metric_value": 28.928286311767714
        },
        {
            "perf_metric_name": "single_client_get_object_containing_10k_refs",
            "perf_metric_type": "THROUGHPUT",
            "perf_metric_value": 12.511246050946344
        },
        {
            "perf_metric_name": "single_client_tasks_sync",
            "perf_metric_type": "THROUGHPUT",
            "perf_metric_value": 1183.6629906022138
        },
        {
            "perf_metric_name": "single_client_tasks_async",
            "perf_metric_type": "THROUGHPUT",
            "perf_metric_value": 10247.298811196548
        },
        {
            "perf_metric_name": "multi_client_tasks_async",
            "perf_metric_type": "THROUGHPUT",
            "perf_metric_value": 29309.433492209027
        },
        {
            "perf_metric_name": "1_1_actor_calls_sync",
            "perf_metric_type": "THROUGHPUT",
            "perf_metric_value": 2082.809412734267
        },
        {
            "perf_metric_name": "1_1_actor_calls_async",
            "perf_metric_type": "THROUGHPUT",
            "perf_metric_value": 5527.366120616061
        },
        {
            "perf_metric_name": "1_1_actor_calls_concurrent",
            "perf_metric_type": "THROUGHPUT",
            "perf_metric_value": 4559.390870183433
        },
        {
            "perf_metric_name": "1_n_actor_calls_async",
            "perf_metric_type": "THROUGHPUT",
            "perf_metric_value": 9776.098319672998
        },
        {
            "perf_metric_name": "n_n_actor_calls_async",
            "perf_metric_type": "THROUGHPUT",
            "perf_metric_value": 30834.808377005815
        },
        {
            "perf_metric_name": "n_n_actor_calls_with_arg_async",
            "perf_metric_type": "THROUGHPUT",
            "perf_metric_value": 2733.0985238434005
        },
        {
            "perf_metric_name": "1_1_async_actor_calls_sync",
            "perf_metric_type": "THROUGHPUT",
            "perf_metric_value": 1420.8106806469973
        },
        {
            "perf_metric_name": "1_1_async_actor_calls_async",
            "perf_metric_type": "THROUGHPUT",
            "perf_metric_value": 3139.49980520724
        },
        {
            "perf_metric_name": "1_1_async_actor_calls_with_args_async",
            "perf_metric_type": "THROUGHPUT",
            "perf_metric_value": 2023.9170870876683
        },
        {
            "perf_metric_name": "1_n_async_actor_calls_async",
            "perf_metric_type": "THROUGHPUT",
            "perf_metric_value": 9342.424700071011
        },
        {
            "perf_metric_name": "n_n_async_actor_calls_async",
            "perf_metric_type": "THROUGHPUT",
            "perf_metric_value": 25500.066206417083
        },
        {
            "perf_metric_name": "placement_group_create/removal",
            "perf_metric_type": "THROUGHPUT",
            "perf_metric_value": 1155.565611459354
        },
        {
            "perf_metric_name": "client__get_calls",
            "perf_metric_type": "THROUGHPUT",
            "perf_metric_value": 956.6077536457494
        },
        {
            "perf_metric_name": "client__put_calls",
            "perf_metric_type": "THROUGHPUT",
            "perf_metric_value": 718.2016898221807
        },
        {
            "perf_metric_name": "client__put_gigabytes",
            "perf_metric_type": "THROUGHPUT",
            "perf_metric_value": 0.045608530388438914
        },
        {
            "perf_metric_name": "client__tasks_and_put_batch",
            "perf_metric_type": "THROUGHPUT",
            "perf_metric_value": 9999.853574374314
        },
        {
            "perf_metric_name": "client__1_1_actor_calls_sync",
            "perf_metric_type": "THROUGHPUT",
            "perf_metric_value": 450.5952014989901
        },
        {
            "perf_metric_name": "client__1_1_actor_calls_async",
            "perf_metric_type": "THROUGHPUT",
            "perf_metric_value": 821.4352581170906
        },
        {
            "perf_metric_name": "client__1_1_actor_calls_concurrent",
            "perf_metric_type": "THROUGHPUT",
            "perf_metric_value": 804.9706224772015
        },
        {
            "perf_metric_name": "client__tasks_and_get_batch",
            "perf_metric_type": "THROUGHPUT",
            "perf_metric_value": 0.7092464123407864
        }
    ],
    "placement_group_create/removal": [
        1155.565611459354,
        6.233813703188593
    ],
    "single_client_get_calls_Plasma_Store": [
        6808.923194721655,
        545.3060562282661
    ],
    "single_client_get_object_containing_10k_refs": [
        12.511246050946344,
        0.2963989418694619
    ],