{
    "1_1_actor_calls_async": [
        5631.483382626066,
        223.810520480638
    ],
    "1_1_actor_calls_concurrent": [
        4583.5059867607715,
        36.52042345861818
    ],
    "1_1_actor_calls_sync": [
        2131.8616319033135,
        22.50050581633058
    ],
    "1_1_async_actor_calls_async": [
        3166.1882821973886,
        28.51401311208011
    ],
    "1_1_async_actor_calls_sync": [
        1415.0943362961186,
        15.282777618430453
    ],
    "1_1_async_actor_calls_with_args_async": [
        2206.58423412772,
        38.072663067601155
    ],
    "1_n_actor_calls_async": [
        11009.660096443835,
        163.6782501434691
    ],
    "1_n_async_actor_calls_async": [
        10569.338871858476,
        162.6320348963779
    ],
    "client__1_1_actor_calls_async": [
        811.4490658310496,
        16.92016227284989
    ],
    "client__1_1_actor_calls_concurrent": [
        811.553977563801,
        8.71519177627188
    ],
    "client__1_1_actor_calls_sync": [
        442.1432738407789,
        3.5829796095953625
    ],
    "client__get_calls": [
        941.929617804315,
        55.08919279928277
    ],
    "client__put_calls": [
        738.9474963366578,
        22.924126531327868
    ],
    "client__put_gigabytes": [
        0.04478212908608378,
        0.0005759462551166838
    ],
    "client__tasks_and_get_batch": [
        0.7332867881385338,
        0.017127261636831658
    ],
    "client__tasks_and_put_batch": [
        10017.379503533473,
        131.62435440311083
    ],
    "multi_client_put_calls_Plasma_Store": [
        11043.190408837896,
        182.2789113153384
    ],
    "multi_client_put_gigabytes": [
        36.22342803548649,
        1.9423599434343468
    ],
    "multi_client_tasks_async": [
        34542.44693416779,
        1451.966108026388
    ],
    "n_n_actor_calls_async": [
        34387.26578495381,
        358.0603459980823
    ],
    "n_n_actor_calls_with_arg_async": [
        2725.039943761716,
        13.230389166349154
    ],
    "n_n_async_actor_calls_async": [
        28315.067181307353,
        477.92349487311765
    ],
    "perf_metrics": [
        {
            "perf_metric_name": "single_client_get_calls_Plasma_Store",
            "perf_metric_type": "THROUGHPUT",
            "perf_metric_value": 6270.806091875935
        },
        {
            "perf_metric_name": "single_client_put_calls_Plasma_Store",
            "perf_metric_type": "THROUGHPUT",
            "perf_metric_value": 5382.000563319075
        },
        {
            "perf_metric_name": "multi_client_put_calls_Plasma_Store",
            "perf_metric_type": "THROUGHPUT",
            "perf_metric_value": 11043.190408837896
        },
        {
            "perf_metric_name": "single_client_put_gigabytes",
            "perf_metric_type": "THROUGHPUT",
            "perf_metric_value": 20.440651433770228
        },
        {
            "perf_metric_name": "single_client_tasks_and_get_batch",
            "perf_metric_type": "THROUGHPUT",
            "perf_metric_value": 10.34283928313525
        },
        {
            "perf_metric_name": "multi_client_put_gigabytes",
            "perf_metric_type": "THROUGHPUT",
            "perf_metric_value": 36.22342803548649
        },
        {
            "perf_metric_name": "single_client_get_object_containing_10k_refs",
            "perf_metric_type": "THROUGHPUT",
            "perf_metric_value": 12.368070202442663
        },
        {
            "perf_metric_name": "single_client_tasks_sync",
            "perf_metric_type": "THROUGHPUT",
            "perf_metric_value": 1224.07938894957
        },
        {
            "perf_metric_name": "single_client_tasks_async",
            "perf_metric_type": "THROUGHPUT",
            "perf_metric_value": 11258.337063584091
        },
        {
            "perf_metric_name": "multi_client_tasks_async",
            "perf_metric_type": "THROUGHPUT",
            "perf_metric_value": 34542.44693416779
        },
        {
            "perf_metric_name": "1_1_actor_calls_sync",
            "perf_metric_type": "THROUGHPUT",
            "perf_metric_value": 2131.8616319033135
        },
        {
            "perf_metric_name": "1_1_actor_calls_async",
            "perf_metric_type": "THROUGHPUT",
            "perf_metric_value": 5631.483382626066
        },
        {
            "perf_metric_name": "1_1_actor_calls_concurrent",
            "perf_metric_type": "THROUGHPUT",
            "perf_metric_value": 4583.5059867607715
        },
        {
            "perf_metric_name": "1_n_actor_calls_async",
            "perf_metric_type": "THROUGHPUT",
            "perf_metric_value": 11009.660096443835
        },
        {
            "perf_metric_name": "n_n_actor_calls_async",
            "perf_metric_type": "THROUGHPUT",
            "perf_metric_value": 34387.26578495381
        },
        {
            "perf_metric_name": "n_n_actor_calls_with_arg_async",
            "perf_metric_type": "THROUGHPUT",
            "perf_metric_value": 2725.039943761716
        },
        {
            "perf_metric_name": "1_1_async_actor_calls_sync",
            "perf_metric_type": "THROUGHPUT",
            "perf_metric_value": 1415.0943362961186
        },
        {
            "perf_metric_name": "1_1_async_actor_calls_async",
            "perf_metric_type": "THROUGHPUT",
            "perf_metric_value": 3166.1882821973886
        },
        {
            "perf_metric_name": "1_1_async_actor_calls_with_args_async",
            "perf_metric_type": "THROUGHPUT",
            "perf_metric_value": 2206.58423412772
        },
        {
            "perf_metric_name": "1_n_async_actor_calls_async",
            "perf_metric_type": "THROUGHPUT",
            "perf_metric_value": 10569.338871858476
        },
        {
            "perf_metric_name": "n_n_async_actor_calls_async",
            "perf_metric_type": "THROUGHPUT",
            "perf_metric_value": 28315.067181307353
        },
        {
            "perf_metric_name": "placement_group_create/removal",
            "perf_metric_type": "THROUGHPUT",
            "perf_metric_value": 1109.1744040381384
        },
        {
            "perf_metric_name": "client__get_calls",
            "perf_metric_type": "THROUGHPUT",
            "perf_metric_value": 941.929617804315
        },
        {
            "perf_metric_name": "client__put_calls",
            "perf_metric_type": "THROUGHPUT",
            "perf_metric_value": 738.9474963366578
        },
        {
            "perf_metric_name": "client__put_gigabytes",
            "perf_metric_type": "THROUGHPUT",
            "perf_metric_value": 0.04478212908608378
        },
        {
            "perf_metric_name": "client__tasks_and_put_batch",
            "perf_metric_type": "THROUGHPUT",
            "perf_metric_value": 10017.379503533473
        },
        {
            "perf_metric_name": "client__1_1_actor_calls_sync",
            "perf_metric_type": "THROUGHPUT",
            "perf_metric_value": 442.1432738407789
        },
        {
            "perf_metric_name": "client__1_1_actor_calls_async",
            "perf_metric_type": "THROUGHPUT",
            "perf_metric_value": 811.4490658310496
        },
        {
            "perf_metric_name": "client__1_1_actor_calls_concurrent",
            "perf_metric_type": "THROUGHPUT",
            "perf_metric_value": 811.553977563801
        },
        {
            "perf_metric_name": "client__tasks_and_get_batch",
            "perf_metric_type": "THROUGHPUT",
            "perf_metric_value": 0.7332867881385338
        }
    ],
    "placement_group_create/removal": [
        1109.1744040381384,
        22.59458472369242
    ],
    "single_client_get_calls_Plasma_Store": [
        6270.806091875935,
        266.376328283859
    ],
    "single_client_get_object_containing_10k_refs": [
        12.368070202442663,
        0.6740463526902457
    ],