{
    "1_1_actor_calls_async": [
        5482.480029399892,
        26.8699759701768
    ],
    "1_1_actor_calls_concurrent": [
        4626.349511571564,
        101.9315107404382
    ],
    "1_1_actor_calls_sync": [
        2047.2098533129422,
        26.038145351588508
    ],
    "1_1_async_actor_calls_async": [
        3029.1841111634003,
        82.67908559450481
    ],
    "1_1_async_actor_calls_sync": [
        1438.5973389999976,
        27.43616306301559
    ],
    "1_1_async_actor_calls_with_args_async": [
        2175.734195780654,
        36.44950868526974
    ],
    "1_n_actor_calls_async": [
        9853.614042761306,
        326.658837424405
    ],
    "1_n_async_actor_calls_async": [
        9707.827279530908,
        93.93778406680742
    ],
    "client__1_1_actor_calls_async": [
        771.6053758964747,
        15.843608761776576
    ],
    "client__1_1_actor_calls_concurrent": [
        771.0549973501569,
        19.662324450043656
    ],
    "client__1_1_actor_calls_sync": [
        418.3036268623504,
        21.85288009085474
    ],
    "client__get_calls": [
        1030.2656860830916,
        14.54924115907164
    ],
    "client__put_calls": [
        745.286927127252,
        13.058910983842068
    ],
    "client__put_gigabytes": [
        0.044579406657846266,
        0.001138618439457418
    ],
    "client__tasks_and_get_batch": [
        0.7513080679783254,
        0.024662353302675435
    ],
    "client__tasks_and_put_batch": [
        10541.535798002802,
        62.6206742572593
    ],
    "multi_client_put_calls_Plasma_Store": [
        11732.694887355348,
        27.536869451349016
    ],
    "multi_client_put_gigabytes": [
        32.718809233987116,
        2.434599782141157
    ],
    "multi_client_tasks_async": [
        28140.17915742337,
        683.3598990142999
    ],
    "n_n_actor_calls_async": [
        31105.20354147678,
        883.943802245786
    ],
    "n_n_actor_calls_with_arg_async": [
        2772.751234464892,
        25.78622943565545
    ],
    "n_n_async_actor_calls_async": [
        25428.504786731086,
        591.6646912046238
    ],
    "perf_metrics": [
        {
            "perf_metric_name": "single_client_get_calls_Plasma_Store",
            "perf_metric_type": "THROUGHPUT",
            "perf_metric_value": 5976.344788418281
        },
        {
            "perf_metric_name": "single_client_put_calls_Plasma_Store",
            "perf_metric_type": "THROUGHPUT",
            "perf_metric_value": 5546.6809660942
        },
        {
            "perf_metric_name": "multi_client_put_calls_Plasma_Store",
            "perf_metric_type": "THROUGHPUT",
            "perf_metric_value": 11732.694887355348
        },
        {
            "perf_metric_name": "single_client_put_gigabytes",
            "perf_metric_type": "THROUGHPUT",
            "perf_metric_value": 20.371540616488115
        },
        {
            "perf_metric_name": "single_client_tasks_and_get_batch",
            "perf_metric_type": "THROUGHPUT",
            "perf_metric_value": 9.302655136662878
        },
        {
            "perf_metric_name": "multi_client_put_gigabytes",
            "perf_metric_type": "THROUGHPUT",
            "perf_metric_value": 32.718809233987116
        },
        {
            "perf_metric_name": "single_client_get_object_containing_10k_refs",
            "perf_metric_type": "THROUGHPUT",
            "perf_metric_value": 12.700660371691297
        },
        {
            "perf_metric_name": "single_client_tasks_sync",
            "perf_metric_type": "THROUGHPUT",
            "perf_metric_value": 1203.986339221608
        },
        {
            "perf_metric_name": "single_client_tasks_async",
            "perf_metric_type": "THROUGHPUT",
            "perf_metric_value": 10141.794659129571
        },
        {
            "perf_metric_name": "multi_client_tasks_async",
            "perf_metric_type": "THROUGHPUT",
            "perf_metric_value": 28140.17915742337
        },
        {
            "perf_metric_name": "1_1_actor_calls_sync",
            "perf_metric_type": "THROUGHPUT",
            "perf_metric_value": 2047.2098533129422
        },
        {
            "perf_metric_name": "1_1_actor_calls_async",
            "perf_metric_type": "THROUGHPUT",
            "perf_metric_value": 5482.480029399892
        },
        {
            "perf_metric_name": "1_1_actor_calls_concurrent",
            "perf_metric_type": "THROUGHPUT",
            "perf_metric_value": 4626.349511571564
        },
        {
            "perf_metric_name": "1_n_actor_calls_async",
            "perf_metric_type": "THROUGHPUT",
            "perf_metric_value": 9853.614042761306
        },
        {
            "perf_metric_name": "n_n_actor_calls_async",
            "perf_metric_type": "THROUGHPUT",
            "perf_metric_value": 31105.20354147678
        },
        {
            "perf_metric_name": "n_n_actor_calls_with_arg_async",
            "perf_metric_type": "THROUGHPUT",
            "perf_metric_value": 2772.751234464892
        },
        {
            "perf_metric_name": "1_1_async_actor_calls_sync",
            "perf_metric_type": "THROUGHPUT",
            "perf_metric_value": 1438.5973389999976
        },
        {
            "perf_metric_name": "1_1_async_actor_calls_async",
            "perf_metric_type": "THROUGHPUT",
            "perf_metric_value": 3029.1841111634003
        },
        {
            "perf_metric_name": "1_1_async_actor_calls_with_args_async",
            "perf_metric_type": "THROUGHPUT",
            "perf_metric_value": 2175.734195780654
        },
        {
            "perf_metric_name": "1_n_async_actor_calls_async",
            "perf_metric_type": "THROUGHPUT",
            "perf_metric_value": 9707.827279530908
        },
        {
            "perf_metric_name": "n_n_async_actor_calls_async",
            "perf_metric_type": "THROUGHPUT",
            "perf_metric_value": 25428.504786731086
        },
        {
            "perf_metric_name": "placement_group_create/removal",
            "perf_metric_type": "THROUGHPUT",
            "perf_metric_value": 1157.8918291438627
        },
        {
            "perf_metric_name": "client__get_calls",
            "perf_metric_type": "THROUGHPUT",
            "perf_metric_value": 1030.2656860830916
        },
        {
            "perf_metric_name": "client__put_calls",
            "perf_metric_type": "THROUGHPUT",
            "perf_metric_value": 745.286927127252
        },
        {
            "perf_metric_name": "client__put_gigabytes",
            "perf_metric_type": "THROUGHPUT",
            "perf_metric_value": 0.044579406657846266
        },
        {
            "perf_metric_name": "client__tasks_and_put_batch",
            "perf_metric_type": "THROUGHPUT",
            "perf_metric_value": 10541.535798002802
        },
        {
            "perf_metric_name": "client__1_1_actor_calls_sync",
            "perf_metric_type": "THROUGHPUT",
            "perf_metric_value": 418.3036268623504
        },
        {
            "perf_metric_name": "client__1_1_actor_calls_async",
            "perf_metric_type": "THROUGHPUT",
            "perf_metric_value": 771.6053758964747
        },
        {
            "perf_metric_name": "client__1_1_actor_calls_concurrent",
            "perf_metric_type": "THROUGHPUT",
            "perf_metric_value": 771.0549973501569
        },
        {
            "perf_metric_name": "client__tasks_and_get_batch",
            "perf_metric_type": "THROUGHPUT",
            "perf_metric_value": 0.7513080679783254
        }
    ],
    "placement_group_create/removal": [
        1157.8918291438627,
        23.35234311893003
    ],
    "single_client_get_calls_Plasma_Store": [
        5976.344788418281,
        423.14441760940736
    ],
    "single_client_get_object_containing_10k_refs": [
        12.700660371691297,
        0.2657689761937565
    ],