{
    "1_1_actor_calls_async": [
        5549.791987736533,
        53.69875694886329
    ],
    "1_1_actor_calls_concurrent": [
        4617.331069486231,
        30.665758034661824
    ],
    "1_1_actor_calls_sync": [
        1980.6709927019367,
        27.46304097954537
    ],
    "1_1_async_actor_calls_async": [
        2961.0717874015963,
        70.38801610728527
    ],
    "1_1_async_actor_calls_sync": [
        1433.7583753316355,
        14.871431319768048
    ],
    "1_1_async_actor_calls_with_args_async": [
        2052.4156885379575,
        29.114211512492087
    ],
    "1_n_actor_calls_async": [
        10054.35440127822,
        109.58746986170082
    ],
    "1_n_async_actor_calls_async": [
        9447.481056226263,
        131.59071838366395
    ],
    "client__1_1_actor_calls_async": [
        767.7572813551345,
        12.566866624605067
    ],
    "client__1_1_actor_calls_concurrent": [
        841.9446698625136,
        13.404643353842605
    ],
    "client__1_1_actor_calls_sync": [
        448.8749062374793,
        11.9669807687998
    ],
    "client__get_calls": [
        1004.731039312652,
        17.137889912264377
    ],
    "client__put_calls": [
        727.7240169438921,
        14.384565425420707
    ],
    "client__put_gigabytes": [
        0.044660675727385205,
        0.0007077322698137689
    ],
    "client__tasks_and_get_batch": [
        0.695693373413776,
        0.010220881453462321
    ],
    "client__tasks_and_put_batch": [
        10137.59207352854,
        173.83036428748065
    ],
    "multi_client_put_calls_Plasma_Store": [
        11204.23455092776,
        105.50858330852685
    ],
    "multi_client_put_gigabytes": [
        39.1716490761622,
        3.364809308821821
    ],
    "multi_client_tasks_async": [
        28494.519582835805,
        2435.4055378577746
    ],
    "n_n_actor_calls_async": [
        30107.02649669408,
        669.3066064700328
    ],
    "n_n_actor_calls_with_arg_async": [
        2802.6699197987427,
        42.577619452796924
    ],
    "n_n_async_actor_calls_async": [
        25803.486473347235,
        518.1251984476067
    ],
    "perf_metrics": [
        {
            "perf_metric_name": "single_client_get_calls_Plasma_Store",
            "perf_metric_type": "THROUGHPUT",
            "perf_metric_value": 6026.569564611291
        },
        {
            "perf_metric_name": "single_client_put_calls_Plasma_Store",
            "perf_metric_type": "THROUGHPUT",
            "perf_metric_value": 5403.624636224201
        },
        {
            "perf_metric_name": "multi_client_put_calls_Plasma_Store",
            "perf_metric_type": "THROUGHPUT",
            "perf_metric_value": 11204.23455092776
        },
        {
            "perf_metric_name": "single_client_put_gigabytes",
            "perf_metric_type": "THROUGHPUT",
            "perf_metric_value": 19.742942022386288
        },
        {
            "perf_metric_name": "single_client_tasks_and_get_batch",
            "perf_metric_type": "THROUGHPUT",
            "perf_metric_value": 9.856680552925923
        },
        {
            "perf_metric_name": "multi_client_put_gigabytes",
            "perf_metric_type": "THROUGHPUT",
            "perf_metric_value": 39.1716490761622
        },
        {
            "perf_metric_name": "single_client_get_object_containing_10k_refs",
            "perf_metric_type": "THROUGHPUT",
            "perf_metric_value": 12.477695035987352
        },
        {
            "perf_metric_name": "single_client_tasks_sync",
            "perf_metric_type": "THROUGHPUT",
            "perf_metric_value": 1202.922271014491
        },
        {
            "perf_metric_name": "single_client_tasks_async",
            "perf_metric_type": "THROUGHPUT",
            "perf_metric_value": 9822.38504793694
        },
        {
            "perf_metric_name": "multi_client_tasks_async",
            "perf_metric_type": "THROUGHPUT",
            "perf_metric_value": 28494.519582835805
        },
        {
            "perf_metric_name": "1_1_actor_calls_sync",
            "perf_metric_type": "THROUGHPUT",
            "perf_metric_value": 1980.6709927019367
        },
        {
            "perf_metric_name": "1_1_actor_calls_async",
            "perf_metric_type": "THROUGHPUT",
            "perf_metric_value": 5549.791987736533
        },
        {
            "perf_metric_name": "1_1_actor_calls_concurrent",
            "perf_metric_type": "THROUGHPUT",
            "perf_metric_value": 4617.331069486231
        },
        {
            "perf_metric_name": "1_n_actor_calls_async",
            "perf_metric_type": "THROUGHPUT",
            "perf_metric_value": 10054.35440127822
        },
        {
            "perf_metric_name": "n_n_actor_calls_async",
            "perf_metric_type": "THROUGHPUT",
            "perf_metric_value": 30107.02649669408
        },
        {
            "perf_metric_name": "n_n_actor_calls_with_arg_async",
            "perf_metric_type": "THROUGHPUT",
            "perf_metric_value": 2802.6699197987427
        },
        {
            "perf_metric_name": "1_1_async_actor_calls_sync",
            "perf_metric_type": "THROUGHPUT",
            "perf_metric_value": 1433.7583753316355
        },
        {
            "perf_metric_name": "1_1_async_actor_calls_async",
            "perf_metric_type": "THROUGHPUT",
            "perf_metric_value": 2961.0717874015963
        },
        {
            "perf_metric_name": "1_1_async_actor_calls_with_args_async",
            "perf_metric_type": "THROUGHPUT",
            "perf_metric_value": 2052.4156885379575
        },
        {
            "perf_metric_name": "1_n_async_actor_calls_async",
            "perf_metric_type": "THROUGHPUT",
            "perf_metric_value": 9447.481056226263
        },
        {
            "perf_metric_name": "n_n_async_actor_calls_async",
            "perf_metric_type": "THROUGHPUT",
            "perf_metric_value": 25803.486473347235
        },
        {
            "perf_metric_name": "placement_group_create/removal",
            "perf_metric_type": "THROUGHPUT",
            "perf_metric_value": 1002.6180441954206
        },
        {
            "perf_metric_name": "client__get_calls",
            "perf_metric_type": "THROUGHPUT",
            "perf_metric_value": 1004.731039312652
        },
        {
            "perf_metric_name": "client__put_calls",
            "perf_metric_type": "THROUGHPUT",
            "perf_metric_value": 727.7240169438921
        },
        {
            "perf_metric_name": "client__put_gigabytes",
            "perf_metric_type": "THROUGHPUT",
            "perf_metric_value": 0.044660675727385205
        },
        {
            "perf_metric_name": "client__tasks_and_put_batch",
            "perf_metric_type": "THROUGHPUT",
            "perf_metric_value": 10137.59207352854
        },
        {
            "perf_metric_name": "client__1_1_actor_calls_sync",
            "perf_metric_type": "THROUGHPUT",
            "perf_metric_value": 448.8749062374793
        },
        {
            "perf_metric_name": "client__1_1_actor_calls_async",
            "perf_metric_type": "THROUGHPUT",
            "perf_metric_value": 767.7572813551345
        },
        {
            "perf_metric_name": "client__1_1_actor_calls_concurrent",
            "perf_metric_type": "THROUGHPUT",
            "perf_metric_value": 841.9446698625136
        },
        {
            "perf_metric_name": "client__tasks_and_get_batch",
            "perf_metric_type": "THROUGHPUT",
            "perf_metric_value": 0.695693373413776
        }
    ],
    "placement_group_create/removal": [
        1002.6180441954206,
        13.029216180650002
    ],
    "single_client_get_calls_Plasma_Store": [
        6026.569564611291,
        97.03704415596333
    ],
    "single_client_get_object_containing_10k_refs": [
        12.477695035987352,
        0.11268132028960398
    ],