{
    "avg_iteration_time": 1.4939605140686034,
    "max_iteration_time": 9.932291746139526,
    "min_iteration_time": 0.734281063079834,
    "perf_metrics": [
        {
            "perf_metric_name": "avg_iteration_time",
            "perf_metric_type": "LATENCY",
            "perf_metric_value": 1.4939605140686034
        }
    ],
    "success": 1,
    "total_time": 149.39628982543945
}
