{
  "1_1_actor_calls_async": [
      7071.099554298774,
      257.4223319979731
  ],
  "1_1_actor_calls_concurrent": [
      4120.675758279317,
      26.794189473763392
  ],
  "1_1_actor_calls_sync": [
      2487.6723215591733,
      56.19353379955123
  ],
  "1_1_async_actor_calls_async": [
      3205.723563608249,
      169.27759475940087
  ],
  "1_1_async_actor_calls_sync": [
      1618.025424766097,
      40.247746440418496
  ],
  "1_1_async_actor_calls_with_args_async": [
      2143.8917643130876,
      79.8746730560346
  ],
  "1_n_actor_calls_async": [
      10913.7276772858,
      77.77202575621601
  ],
  "1_n_async_actor_calls_async": [
      9724.349231622422,
      544.5967606169743
  ],
  "client__1_1_actor_calls_async": [
      1078.3453052279847,
      23.715839226203823
  ],
  "client__1_1_actor_calls_concurrent": [
      1077.2411229240686,
      4.825408825915279
  ],
  "client__1_1_actor_calls_sync": [
      574.8051693384633,
      7.750944026530735
  ],
  "client__get_calls": [
      1118.3649651648952,
      68.25706777999272
  ],
  "client__put_calls": [
      926.2667743496318,
      31.60490215076247
  ],
  "client__put_gigabytes": [
      0.045408255910534503,
      0.00036000407475369236
  ],
  "client__tasks_and_get_batch": [
      0.981484971780231,
      0.014047686848267958
  ],
  "client__tasks_and_put_batch": [
      11911.126382588296,
      348.24496876409614
  ],
  "multi_client_put_calls_Plasma_Store": [
      12983.592050013154,
      214.42370865523603
  ],
  "multi_client_put_gigabytes": [
      31.06510673981671,
      1.111670485593122
  ],
  "multi_client_tasks_async": [
      33197.41647911688,
      3431.638755615634
  ],
  "n_n_actor_calls_async": [
      31409.316745808974,
      921.4350559330312
  ],
  "n_n_actor_calls_with_arg_async": [
      2826.0248893479916,
      16.74574942772575
  ],
  "n_n_async_actor_calls_async": [
      25516.899715804935,
      880.4108571667296
  ],
  "perf_metrics": [
      {
          "perf_metric_name": "single_client_get_calls_Plasma_Store",
          "perf_metric_type": "THROUGHPUT",
          "perf_metric_value": 6364.911421412406
      },
      {
          "perf_metric_name": "single_client_put_calls_Plasma_Store",
          "perf_metric_type": "THROUGHPUT",
          "perf_metric_value": 6068.336482874376
      },
      {
          "perf_metric_name": "multi_client_put_calls_Plasma_Store",
          "perf_metric_type": "THROUGHPUT",
          "perf_metric_value": 12983.592050013154
      },
      {
          "perf_metric_name": "single_client_put_gigabytes",
          "perf_metric_type": "THROUGHPUT",
          "perf_metric_value": 19.186810040461282
      },
      {
          "perf_metric_name": "single_client_tasks_and_get_batch",
          "perf_metric_type": "THROUGHPUT",
          "perf_metric_value": 11.400838244630286
      },
      {
          "perf_metric_name": "multi_client_put_gigabytes",
          "perf_metric_type": "THROUGHPUT",
          "perf_metric_value": 31.06510673981671
      },
      {
          "perf_metric_name": "single_client_get_object_containing_10k_refs",
          "perf_metric_type": "THROUGHPUT",
          "perf_metric_value": 13.124771856344726
      },
      {
          "perf_metric_name": "single_client_wait_1k_refs",
          "perf_metric_type": "THROUGHPUT",
          "perf_metric_value": 5.758205476333477
      },
      {
          "perf_metric_name": "single_client_tasks_sync",
          "perf_metric_type": "THROUGHPUT",
          "perf_metric_value": 1443.1014794512396
      },
      {
          "perf_metric_name": "single_client_tasks_async",
          "perf_metric_type": "THROUGHPUT",
          "perf_metric_value": 11045.253478441951
      },
      {
          "perf_metric_name": "multi_client_tasks_async",
          "perf_metric_type": "THROUGHPUT",
          "perf_metric_value": 33197.41647911688
      },
      {
          "perf_metric_name": "1_1_actor_calls_sync",
          "perf_metric_type": "THROUGHPUT",
          "perf_metric_value": 2487.6723215591733
      },
      {
          "perf_metric_name": "1_1_actor_calls_async",
          "perf_metric_type": "THROUGHPUT",
          "perf_metric_value": 7071.099554298774
      },
      {
          "perf_metric_name": "1_1_actor_calls_concurrent",
          "perf_metric_type": "THROUGHPUT",
          "perf_metric_value": 4120.675758279317
      },
      {
          "perf_metric_name": "1_n_actor_calls_async",
          "perf_metric_type": "THROUGHPUT",
          "perf_metric_value": 10913.7276772858
      },
      {
          "perf_metric_name": "n_n_actor_calls_async",
          "perf_metric_type": "THROUGHPUT",
          "perf_metric_value": 31409.316745808974
      },
      {
          "perf_metric_name": "n_n_actor_calls_with_arg_async",
          "perf_metric_type": "THROUGHPUT",
          "perf_metric_value": 2826.0248893479916
      },
      {
          "perf_metric_name": "1_1_async_actor_calls_sync",
          "perf_metric_type": "THROUGHPUT",
          "perf_metric_value": 1618.025424766097
      },
      {
          "perf_metric_name": "1_1_async_actor_calls_async",
          "perf_metric_type": "THROUGHPUT",
          "perf_metric_value": 3205.723563608249
      },
      {
          "perf_metric_name": "1_1_async_actor_calls_with_args_async",
          "perf_metric_type": "THROUGHPUT",
          "perf_metric_value": 2143.8917643130876
      },
      {
          "perf_metric_name": "1_n_async_actor_calls_async",
          "perf_metric_type": "THROUGHPUT",
          "perf_metric_value": 9724.349231622422
      },
      {
          "perf_metric_name": "n_n_async_actor_calls_async",
          "perf_metric_type": "THROUGHPUT",
          "perf_metric_value": 25516.899715804935
      },
      {
          "perf_metric_name": "placement_group_create/removal",
          "perf_metric_type": "THROUGHPUT",
          "perf_metric_value": 457.4090363878954
      },
      {
          "perf_metric_name": "client__get_calls",
          "perf_metric_type": "THROUGHPUT",
          "perf_metric_value": 1118.3649651648952
      },
      {
          "perf_metric_name": "client__put_calls",
          "perf_metric_type": "THROUGHPUT",
          "perf_metric_value": 926.2667743496318
      },
      {
          "perf_metric_name": "client__put_gigabytes",
          "perf_metric_type": "THROUGHPUT",
          "perf_metric_value": 0.045408255910534503
      },
      {
          "perf_metric_name": "client__tasks_and_put_batch",
          "perf_metric_type": "THROUGHPUT",
          "perf_metric_value": 11911.126382588296
      },
      {
          "perf_metric_name": "client__1_1_actor_calls_sync",
          "perf_metric_type": "THROUGHPUT",
          "perf_metric_value": 574.8051693384633
      },
      {
          "perf_metric_name": "client__1_1_actor_calls_async",
          "perf_metric_type": "THROUGHPUT",
          "perf_metric_value": 1078.3453052279847
      },
      {
          "perf_metric_name": "client__1_1_actor_calls_concurrent",
          "perf_metric_type": "THROUGHPUT",
          "perf_metric_value": 1077.2411229240686
      },
      {
          "perf_metric_name": "client__tasks_and_get_batch",
          "perf_metric_type": "THROUGHPUT",
          "perf_metric_value": 0.981484971780231
      }
  ],
  "placement_group_create/removal": [
      457.4090363878954,
      4.658625372455764
  ],
  "single_client_get_calls_Plasma_Store": [
      6364.911421412406,
      296.32958425715907
  ],
  "single_client_get_object_containing_10k_refs": [
      13.124771856344726,
      0.037525974334810586
  ],
  "single_client_put_calls_Plasma_Store": [
      6068.336482874376,
      70.20471379738852
  ],
  "single_client_put_gigabytes": [
      19.186810040461282,
      6.118442264461651
  ],
  "single_client_tasks_and_get_batch": [
      11.400838244630286,
      0.4833761212046362
  ],
  "single_client_tasks_async": [
      11045.253478441951,
      558.6487622601893
  ],