{
  "1_1_actor_calls_async": [
      7875.2205662523575,
      91.32036915829057
  ],
  "1_1_actor_calls_concurrent": [
      4898.403930689569,
      18.787428785414974
  ],
  "1_1_actor_calls_sync": [
      2490.1228801310986,
      61.66895883060133
  ],
  "1_1_async_actor_calls_async": [
      2893.7637668160814,
      58.54240700476942
  ],
  "1_1_async_actor_calls_sync": [
      1663.656683863718,
      82.11634772966543
  ],
  "1_1_async_actor_calls_with_args_async": [
      2053.88520928116,
      77.88191802930348
  ],
  "1_n_actor_calls_async": [
      10918.570247859934,
      252.77023513295532
  ],
  "1_n_async_actor_calls_async": [
      10007.72780551488,
      63.167900610588546
  ],
  "client__1_1_actor_calls_async": [
      1053.9221163152763,
      16.386239593374267
  ],
  "client__1_1_actor_calls_concurrent": [
      1067.680489513954,
      12.709001083081098
  ],
  "client__1_1_actor_calls_sync": [
      587.2290114221607,
      11.254483031373043
  ],
  "client__get_calls": [
      1169.0846386325316,
      30.090440134694333
  ],
  "client__put_calls": [
      953.6497274525543,
      27.62987622516938
  ],
  "client__put_gigabytes": [
      0.04453569846336401,
      0.0005889062724214797
  ],
  "client__tasks_and_get_batch": [
      0.9962426891274011,
      0.012695780047090623
  ],
  "client__tasks_and_put_batch": [
      11636.76543061424,
      344.5895993880181
  ],
  "multi_client_put_calls_Plasma_Store": [
      12782.464998678728,
      303.0850304711337
  ],
  "multi_client_put_gigabytes": [
      25.409834920338362,
      0.9620047718388134
  ],
  "multi_client_tasks_async": [
      29499.600819285548,
      1838.097234923537
  ],
  "n_n_actor_calls_async": [
      31558.549225320676,
      675.1014999204177
  ],
  "n_n_actor_calls_with_arg_async": [
      3114.287612859598,
      43.68969356632565
  ],
  "n_n_async_actor_calls_async": [
      25348.416455631697,
      927.5572889075144
  ],
  "perf_metrics": [
      {
          "perf_metric_name": "single_client_get_calls_Plasma_Store",
          "perf_metric_type": "THROUGHPUT",
          "perf_metric_value": 6717.39789740067
      },
      {
          "perf_metric_name": "single_client_put_calls_Plasma_Store",
          "perf_metric_type": "THROUGHPUT",
          "perf_metric_value": 6141.116222223478
      },
      {
          "perf_metric_name": "multi_client_put_calls_Plasma_Store",
          "perf_metric_type": "THROUGHPUT",
          "perf_metric_value": 12782.464998678728
      },
      {
          "perf_metric_name": "single_client_put_gigabytes",
          "perf_metric_type": "THROUGHPUT",
          "perf_metric_value": 19.77763371659089
      },
      {
          "perf_metric_name": "single_client_tasks_and_get_batch",
          "perf_metric_type": "THROUGHPUT",
          "perf_metric_value": 10.903109137328919
      },
      {
          "perf_metric_name": "multi_client_put_gigabytes",
          "perf_metric_type": "THROUGHPUT",
          "perf_metric_value": 25.409834920338362
      },
      {
          "perf_metric_name": "single_client_get_object_containing_10k_refs",
          "perf_metric_type": "THROUGHPUT",
          "perf_metric_value": 12.601815520396993
      },
      {
          "perf_metric_name": "single_client_wait_1k_refs",
          "perf_metric_type": "THROUGHPUT",
          "perf_metric_value": 6.25672193789162
      },
      {
          "perf_metric_name": "single_client_tasks_sync",
          "perf_metric_type": "THROUGHPUT",
          "perf_metric_value": 1315.6532263025485
      },
      {
          "perf_metric_name": "single_client_tasks_async",
          "perf_metric_type": "THROUGHPUT",
          "perf_metric_value": 10565.441516164923
      },
      {
          "perf_metric_name": "multi_client_tasks_async",
          "perf_metric_type": "THROUGHPUT",
          "perf_metric_value": 29499.600819285548
      },
      {
          "perf_metric_name": "1_1_actor_calls_sync",
          "perf_metric_type": "THROUGHPUT",
          "perf_metric_value": 2490.1228801310986
      },
      {
          "perf_metric_name": "1_1_actor_calls_async",
          "perf_metric_type": "THROUGHPUT",
          "perf_metric_value": 7875.2205662523575
      },
      {
          "perf_metric_name": "1_1_actor_calls_concurrent",
          "perf_metric_type": "THROUGHPUT",
          "perf_metric_value": 4898.403930689569
      },
      {
          "perf_metric_name": "1_n_actor_calls_async",
          "perf_metric_type": "THROUGHPUT",
          "perf_metric_value": 10918.570247859934
      },
      {
          "perf_metric_name": "n_n_actor_calls_async",
          "perf_metric_type": "THROUGHPUT",
          "perf_metric_value": 31558.549225320676
      },
      {
          "perf_metric_name": "n_n_actor_calls_with_arg_async",
          "perf_metric_type": "THROUGHPUT",
          "perf_metric_value": 3114.287612859598
      },
      {
          "perf_metric_name": "1_1_async_actor_calls_sync",
          "perf_metric_type": "THROUGHPUT",
          "perf_metric_value": 1663.656683863718
      },
      {
          "perf_metric_name": "1_1_async_actor_calls_async",
          "perf_metric_type": "THROUGHPUT",
          "perf_metric_value": 2893.7637668160814
      },
      {
          "perf_metric_name": "1_1_async_actor_calls_with_args_async",
          "perf_metric_type": "THROUGHPUT",
          "perf_metric_value": 2053.88520928116
      },
      {
          "perf_metric_name": "1_n_async_actor_calls_async",
          "perf_metric_type": "THROUGHPUT",
          "perf_metric_value": 10007.72780551488
      },
      {
          "perf_metric_name": "n_n_async_actor_calls_async",
          "perf_metric_type": "THROUGHPUT",
          "perf_metric_value": 25348.416455631697
      },
      {
          "perf_metric_name": "placement_group_create/removal",
          "perf_metric_type": "THROUGHPUT",
          "perf_metric_value": 1010.4619236411705
      },
      {
          "perf_metric_name": "client__get_calls",
          "perf_metric_type": "THROUGHPUT",
          "perf_metric_value": 1169.0846386325316
      },
      {
          "perf_metric_name": "client__put_calls",
          "perf_metric_type": "THROUGHPUT",
          "perf_metric_value": 953.6497274525543
      },
      {
          "perf_metric_name": "client__put_gigabytes",
          "perf_metric_type": "THROUGHPUT",
          "perf_metric_value": 0.04453569846336401
      },
      {
          "perf_metric_name": "client__tasks_and_put_batch",
          "perf_metric_type": "THROUGHPUT",
          "perf_metric_value": 11636.76543061424
      },
      {
          "perf_metric_name": "client__1_1_actor_calls_sync",
          "perf_metric_type": "THROUGHPUT",
          "perf_metric_value": 587.2290114221607
      },
      {
          "perf_metric_name": "client__1_1_actor_calls_async",
          "perf_metric_type": "THROUGHPUT",
          "perf_metric_value": 1053.9221163152763
      },
      {
          "perf_metric_name": "client__1_1_actor_calls_concurrent",
          "perf_metric_type": "THROUGHPUT",
          "perf_metric_value": 1067.680489513954
      },
      {
          "perf_metric_name": "client__tasks_and_get_batch",
          "perf_metric_type": "THROUGHPUT",
          "perf_metric_value": 0.9962426891274011
      }
  ],
  "placement_group_create/removal": [
      1010.4619236411705,
      10.079449349718745
  ],
  "single_client_get_calls_Plasma_Store": [
      6717.39789740067,
      383.3989162609101
  ],
  "single_client_get_object_containing_10k_refs": [
      12.601815520396993,
      0.02598969871083366
  ],
  "single_client_put_calls_Plasma_Store": [
      6141.116222223478,
      55.35476909877019
  ],
  "single_client_put_gigabytes": [
      19.77763371659089,
      4.567428080163564
  ],
  "single_client_tasks_and_get_batch": [
      10.903109137328919,
      0.578088867627798
  ],
  "single_client_tasks_async": [
      10565.441516164923,
      517.415416188027
  ],