{
    "1_1_actor_calls_async": [
        8990.782172872434,
        144.1898920201686
    ],
    "1_1_actor_calls_concurrent": [
        5670.438625700268,
        337.2616701257121
    ],
    "1_1_actor_calls_sync": [
        2689.688468320471,
        34.63540268050717
    ],
    "1_1_async_actor_calls_async": [
        3313.1084457833867,
        28.734163657975234
    ],
    "1_1_async_actor_calls_sync": [
        1511.2648529046176,
        71.78171002164119
    ],
    "1_1_async_actor_calls_with_args_async": [
        2130.0587779072152,
        212.74653619742017
    ],
    "1_n_actor_calls_async": [
        11321.008248322265,
        48.673418455082974
    ],
    "1_n_async_actor_calls_async": [
        10115.831510968357,
        36.83950723662827
    ],
    "client__1_1_actor_calls_async": [
        1054.587791550183,
        46.84325128700479
    ],
    "client__1_1_actor_calls_concurrent": [
        1085.291483182114,
        8.032579543260663
    ],
    "client__1_1_actor_calls_sync": [
        563.3857503311799,
        16.263345928675296
    ],
    "client__get_calls": [
        1215.1272468912698,
        23.29438664251936
    ],
    "client__put_calls": [
        869.5149850702991,
        37.98852698448833
    ],
    "client__put_gigabytes": [
        0.1314067485249572,
        0.005385156820939452
    ],
    "client__tasks_and_get_batch": [
        0.9471389903287719,
        0.037512205868741134
    ],
    "client__tasks_and_put_batch": [
        12385.903842704765,
        135.39075220118798
    ],
    "multi_client_put_calls_Plasma_Store": [
        12375.685490980472,
        295.8612627622317
    ],
    "multi_client_put_gigabytes": [
        33.59172867644227,
        1.0314546431634681
    ],
    "multi_client_tasks_async": [
        30585.131212669916,
        774.5244121624659
    ],
    "n_n_actor_calls_async": [
        32660.848689867187,
        1425.5996800238026
    ],
    "n_n_actor_calls_with_arg_async": [
        2788.6583635916804,
        17.657749060251135
    ],
    "n_n_async_actor_calls_async": [
        26474.32542066824,
        707.9101239947419
    ],
    "perf_metrics": [
        {
            "perf_metric_name": "single_client_get_calls_Plasma_Store",
            "perf_metric_type": "THROUGHPUT",
            "perf_metric_value": 5440.718453668873
        },
        {
            "perf_metric_name": "single_client_put_calls_Plasma_Store",
            "perf_metric_type": "THROUGHPUT",
            "perf_metric_value": 6254.038323211789
        },
        {
            "perf_metric_name": "multi_client_put_calls_Plasma_Store",
            "perf_metric_type": "THROUGHPUT",
            "perf_metric_value": 12375.685490980472
        },
        {
            "perf_metric_name": "single_client_put_gigabytes",
            "perf_metric_type": "THROUGHPUT",
            "perf_metric_value": 19.834536063703087
        },
        {
            "perf_metric_name": "single_client_tasks_and_get_batch",
            "perf_metric_type": "THROUGHPUT",
            "perf_metric_value": 9.723367541871092
        },
        {
            "perf_metric_name": "multi_client_put_gigabytes",
            "perf_metric_type": "THROUGHPUT",
            "perf_metric_value": 33.59172867644227
        },
        {
            "perf_metric_name": "single_client_get_object_containing_10k_refs",
            "perf_metric_type": "THROUGHPUT",
            "perf_metric_value": 13.526228724000664
        },
        {
            "perf_metric_name": "single_client_wait_1k_refs",
            "perf_metric_type": "THROUGHPUT",
            "perf_metric_value": 3.663840989441561
        },
        {
            "perf_metric_name": "single_client_tasks_sync",
            "perf_metric_type": "THROUGHPUT",
            "perf_metric_value": 1342.6280036412572
        },
        {
            "perf_metric_name": "single_client_tasks_async",
            "perf_metric_type": "THROUGHPUT",
            "perf_metric_value": 11160.600428504982
        },
        {
            "perf_metric_name": "multi_client_tasks_async",
            "perf_metric_type": "THROUGHPUT",
            "perf_metric_value": 30585.131212669916
        },
        {
            "perf_metric_name": "1_1_actor_calls_sync",
            "perf_metric_type": "THROUGHPUT",
            "perf_metric_value": 2689.688468320471
        },
        {
            "perf_metric_name": "1_1_actor_calls_async",
            "perf_metric_type": "THROUGHPUT",
            "perf_metric_value": 8990.782172872434
        },
        {
            "perf_metric_name": "1_1_actor_calls_concurrent",
            "perf_metric_type": "THROUGHPUT",
            "perf_metric_value": 5670.438625700268
        },
        {
            "perf_metric_name": "1_n_actor_calls_async",
            "perf_metric_type": "THROUGHPUT",
            "perf_metric_value": 11321.008248322265
        },
        {
            "perf_metric_name": "n_n_actor_calls_async",
            "perf_metric_type": "THROUGHPUT",
            "perf_metric_value": 32660.848689867187
        },
        {
            "perf_metric_name": "n_n_actor_calls_with_arg_async",
            "perf_metric_type": "THROUGHPUT",
            "perf_metric_value": 2788.6583635916804
        },
        {
            "perf_metric_name": "1_1_async_actor_calls_sync",
            "perf_metric_type": "THROUGHPUT",
            "perf_metric_value": 1511.2648529046176
        },
        {
            "perf_metric_name": "1_1_async_actor_calls_async",
            "perf_metric_type": "THROUGHPUT",
            "perf_metric_value": 3313.1084457833867
        },
        {
            "perf_metric_name": "1_1_async_actor_calls_with_args_async",
            "perf_metric_type": "THROUGHPUT",
            "perf_metric_value": 2130.0587779072152
        },
        {
            "perf_metric_name": "1_n_async_actor_calls_async",
            "perf_metric_type": "THROUGHPUT",
            "perf_metric_value": 10115.831510968357
        },
        {
            "perf_metric_name": "n_n_async_actor_calls_async",
            "perf_metric_type": "THROUGHPUT",
            "perf_metric_value": 26474.32542066824
        },
        {
            "perf_metric_name": "placement_group_create/removal",
            "perf_metric_type": "THROUGHPUT",
            "perf_metric_value": 1071.9787843376466
        },
        {
            "perf_metric_name": "client__get_calls",
            "perf_metric_type": "THROUGHPUT",
            "perf_metric_value": 1215.1272468912698
        },
        {
            "perf_metric_name": "client__put_calls",
            "perf_metric_type": "THROUGHPUT",
            "perf_metric_value": 869.5149850702991
        },
        {
            "perf_metric_name": "client__put_gigabytes",
            "perf_metric_type": "THROUGHPUT",
            "perf_metric_value": 0.1314067485249572
        },
        {
            "perf_metric_name": "client__tasks_and_put_batch",
            "perf_metric_type": "THROUGHPUT",
            "perf_metric_value": 12385.903842704765
        },
        {
            "perf_metric_name": "client__1_1_actor_calls_sync",
            "perf_metric_type": "THROUGHPUT",
            "perf_metric_value": 563.3857503311799
        },
        {
            "perf_metric_name": "client__1_1_actor_calls_async",
            "perf_metric_type": "THROUGHPUT",
            "perf_metric_value": 1054.587791550183
        },
        {
            "perf_metric_name": "client__1_1_actor_calls_concurrent",
            "perf_metric_type": "THROUGHPUT",
            "perf_metric_value": 1085.291483182114
        },
        {
            "perf_metric_name": "client__tasks_and_get_batch",
            "perf_metric_type": "THROUGHPUT",
            "perf_metric_value": 0.9471389903287719
        }
    ],
    "placement_group_create/removal": [
        1071.9787843376466,
        19.211251542847574
    ],