{
    "1_1_actor_calls_async": [
        6657.220155103434,
        194.2229096579167
    ],
    "1_1_actor_calls_concurrent": [
        2515.8454178636894,
        111.0839217912182
    ],
    "1_1_actor_calls_sync": [
        2286.7853844634506,
        45.81847893230286
    ],
    "1_1_async_actor_calls_async": [
        2813.604451437431,
        182.42202004064737
    ],
    "1_1_async_actor_calls_sync": [
        1519.4749227917866,
        48.624080586105165
    ],
    "1_1_async_actor_calls_with_args_async": [
        1758.6882073453194,
        113.0218465572732
    ],
    "1_n_actor_calls_async": [
        10026.65746033211,
        411.51847957018197
    ],
    "1_n_async_actor_calls_async": [
        9237.338547263,
        209.18360883867115
    ],
    "client__1_1_actor_calls_async": [
        1080.001361657766,
        13.851704879693575
    ],
    "client__1_1_actor_calls_concurrent": [
        1020.7713042718066,
        44.26882392929731
    ],
    "client__1_1_actor_calls_sync": [
        529.6379264429329,
        32.95442733131193
    ],
    "client__get_calls": [
        1079.834558099164,
        10.779354345178028
    ],
    "client__put_calls": [
        894.7643198327561,
        19.67493804571411
    ],
    "client__put_gigabytes": [
        0.13101848576608427,
        0.004220178566718527
    ],
    "client__tasks_and_get_batch": [
        0.9865993227459735,
        0.02253398436199308
    ],
    "client__tasks_and_put_batch": [
        11561.625568916923,
        511.9866665472266
    ],
    "multi_client_put_calls_Plasma_Store": [
        13298.538414130944,
        146.20197088312702
    ],
    "multi_client_put_gigabytes": [
        35.62453970610887,
        1.2045516186062846
    ],
    "multi_client_tasks_async": [
        32527.44027396304,
        2567.0741516420453
    ],
    "n_n_actor_calls_async": [
        31458.274275435237,
        1374.9709614564933
    ],
    "n_n_actor_calls_with_arg_async": [
        2814.475724463228,
        29.233087242384077
    ],
    "n_n_async_actor_calls_async": [
        25602.343101210266,
        794.3933841664973
    ],
    "perf_metrics": [
        {
            "perf_metric_name": "single_client_get_calls_Plasma_Store",
            "perf_metric_type": "THROUGHPUT",
            "perf_metric_value": 6184.147531817845
        },
        {
            "perf_metric_name": "single_client_put_calls_Plasma_Store",
            "perf_metric_type": "THROUGHPUT",
            "perf_metric_value": 6121.908906715651
        },
        {
            "perf_metric_name": "multi_client_put_calls_Plasma_Store",
            "perf_metric_type": "THROUGHPUT",
            "perf_metric_value": 13298.538414130944
        },
        {
            "perf_metric_name": "single_client_put_gigabytes",
            "perf_metric_type": "THROUGHPUT",
            "perf_metric_value": 19.459614811093765
        },
        {
            "perf_metric_name": "single_client_tasks_and_get_batch",
            "perf_metric_type": "THROUGHPUT",
            "perf_metric_value": 10.8414733787389
        },
        {
            "perf_metric_name": "multi_client_put_gigabytes",
            "perf_metric_type": "THROUGHPUT",
            "perf_metric_value": 35.62453970610887
        },
        {
            "perf_metric_name": "single_client_get_object_containing_10k_refs",
            "perf_metric_type": "THROUGHPUT",
            "perf_metric_value": 13.71679781779251
        },
        {
            "perf_metric_name": "single_client_wait_1k_refs",
            "perf_metric_type": "THROUGHPUT",
            "perf_metric_value": 3.89425064354269
        },
        {
            "perf_metric_name": "single_client_tasks_sync",
            "perf_metric_type": "THROUGHPUT",
            "perf_metric_value": 1358.1612152139126
        },
        {
            "perf_metric_name": "single_client_tasks_async",
            "perf_metric_type": "THROUGHPUT",
            "perf_metric_value": 10963.469966254585
        },
        {
            "perf_metric_name": "multi_client_tasks_async",
            "perf_metric_type": "THROUGHPUT",
            "perf_metric_value": 32527.44027396304
        },
        {
            "perf_metric_name": "1_1_actor_calls_sync",
            "perf_metric_type": "THROUGHPUT",
            "perf_metric_value": 2286.7853844634506
        },
        {
            "perf_metric_name": "1_1_actor_calls_async",
            "perf_metric_type": "THROUGHPUT",
            "perf_metric_value": 6657.220155103434
        },
        {
            "perf_metric_name": "1_1_actor_calls_concurrent",
            "perf_metric_type": "THROUGHPUT",
            "perf_metric_value": 2515.8454178636894
        },
        {
            "perf_metric_name": "1_n_actor_calls_async",
            "perf_metric_type": "THROUGHPUT",
            "perf_metric_value": 10026.65746033211
        },
        {
            "perf_metric_name": "n_n_actor_calls_async",
            "perf_metric_type": "THROUGHPUT",
            "perf_metric_value": 31458.274275435237
        },
        {
            "perf_metric_name": "n_n_actor_calls_with_arg_async",
            "perf_metric_type": "THROUGHPUT",
            "perf_metric_value": 2814.475724463228
        },
        {
            "perf_metric_name": "1_1_async_actor_calls_sync",
            "perf_metric_type": "THROUGHPUT",
            "perf_metric_value": 1519.4749227917866
        },
        {
            "perf_metric_name": "1_1_async_actor_calls_async",
            "perf_metric_type": "THROUGHPUT",
            "perf_metric_value": 2813.604451437431
        },
        {
            "perf_metric_name": "1_1_async_actor_calls_with_args_async",
            "perf_metric_type": "THROUGHPUT",
            "perf_metric_value": 1758.6882073453194
        },
        {
            "perf_metric_name": "1_n_async_actor_calls_async",
            "perf_metric_type": "THROUGHPUT",
            "perf_metric_value": 9237.338547263
        },
        {
            "perf_metric_name": "n_n_async_actor_calls_async",
            "perf_metric_type": "THROUGHPUT",
            "perf_metric_value": 25602.343101210266
        },
        {
            "perf_metric_name": "placement_group_create/removal",
            "perf_metric_type": "THROUGHPUT",
            "perf_metric_value": 1010.3637612504109
        },
        {
            "perf_metric_name": "client__get_calls",
            "perf_metric_type": "THROUGHPUT",
            "perf_metric_value": 1079.834558099164
        },
        {
            "perf_metric_name": "client__put_calls",
            "perf_metric_type": "THROUGHPUT",
            "perf_metric_value": 894.7643198327561
        },
        {
            "perf_metric_name": "client__put_gigabytes",
            "perf_metric_type": "THROUGHPUT",
            "perf_metric_value": 0.13101848576608427
        },
        {
            "perf_metric_name": "client__tasks_and_put_batch",
            "perf_metric_type": "THROUGHPUT",
            "perf_metric_value": 11561.625568916923
        },
        {
            "perf_metric_name": "client__1_1_actor_calls_sync",
            "perf_metric_type": "THROUGHPUT",
            "perf_metric_value": 529.6379264429329
        },
        {
            "perf_metric_name": "client__1_1_actor_calls_async",
            "perf_metric_type": "THROUGHPUT",
            "perf_metric_value": 1080.001361657766
        },
        {
            "perf_metric_name": "client__1_1_actor_calls_concurrent",
            "perf_metric_type": "THROUGHPUT",
            "perf_metric_value": 1020.7713042718066
        },
        {
            "perf_metric_name": "client__tasks_and_get_batch",
            "perf_metric_type": "THROUGHPUT",
            "perf_metric_value": 0.9865993227459735
        }
    ],
    "placement_group_create/removal": [
        1010.3637612504109,
        6.642659063719974
    ],