{
    "1_1_actor_calls_async": [
        7379.572758156523,
        148.1020696474002
    ],
    "1_1_actor_calls_concurrent": [
        3934.2529325364194,
        104.03572091960748
    ],
    "1_1_actor_calls_sync": [
        2288.148388602642,
        16.93063962829716
    ],
    "1_1_async_actor_calls_async": [
        2788.4299972920458,
        80.58521721093817
    ],
    "1_1_async_actor_calls_sync": [
        1624.6333292283339,
        26.71549990638889
    ],
    "1_1_async_actor_calls_with_args_async": [
        2270.439989421618,
        42.08825028126398
    ],
    "1_n_actor_calls_async": [
        10839.451748275824,
        160.63332529884644
    ],
    "1_n_async_actor_calls_async": [
        10008.806687235514,
        185.37606160838357
    ],
    "client__1_1_actor_calls_async": [
        870.4998525280687,
        10.761571583472591
    ],
    "client__1_1_actor_calls_concurrent": [
        917.4535039056846,
        40.40396704181441
    ],
    "client__1_1_actor_calls_sync": [
        505.7966240212231,
        29.12806854421914
    ],
    "client__get_calls": [
        1049.2698424143346,
        46.53095045861043
    ],
    "client__put_calls": [
        841.6472232663928,
        8.196085247038585
    ],
    "client__put_gigabytes": [
        0.04573051430085195,
        0.00024019870227323878
    ],
    "client__tasks_and_get_batch": [
        0.8980682029734288,
        0.03396345949131013
    ],
    "client__tasks_and_put_batch": [
        11895.954343599878,
        450.00679314101865
    ],
    "multi_client_put_calls_Plasma_Store": [
        12506.211683681919,
        523.5509979502519
    ],
    "multi_client_put_gigabytes": [
        36.982045138705026,
        4.190637933311755
    ],
    "multi_client_tasks_async": [
        32344.79753416176,
        2419.8818922060045
    ],
    "n_n_actor_calls_async": [
        31766.885232123936,
        591.2242571675322
    ],
    "n_n_actor_calls_with_arg_async": [
        2555.5919596434296,
        32.93217790125815
    ],
    "n_n_async_actor_calls_async": [
        26424.78064446111,
        483.23337467488926
    ],
    "perf_metrics": [
        {
            "perf_metric_name": "single_client_get_calls_Plasma_Store",
            "perf_metric_type": "THROUGHPUT",
            "perf_metric_value": 5326.479377751332
        },
        {
            "perf_metric_name": "single_client_put_calls_Plasma_Store",
            "perf_metric_type": "THROUGHPUT",
            "perf_metric_value": 5887.120463538327
        },
        {
            "perf_metric_name": "multi_client_put_calls_Plasma_Store",
            "perf_metric_type": "THROUGHPUT",
            "perf_metric_value": 12506.211683681919
        },
        {
            "perf_metric_name": "single_client_put_gigabytes",
            "perf_metric_type": "THROUGHPUT",
            "perf_metric_value": 20.670478571046026
        },
        {
            "perf_metric_name": "single_client_tasks_and_get_batch",
            "perf_metric_type": "THROUGHPUT",
            "perf_metric_value": 10.993036882793657
        },
        {
            "perf_metric_name": "multi_client_put_gigabytes",
            "perf_metric_type": "THROUGHPUT",
            "perf_metric_value": 36.982045138705026
        },
        {
            "perf_metric_name": "single_client_get_object_containing_10k_refs",
            "perf_metric_type": "THROUGHPUT",
            "perf_metric_value": 14.032904075014557
        },
        {
            "perf_metric_name": "single_client_wait_1k_refs",
            "perf_metric_type": "THROUGHPUT",
            "perf_metric_value": 5.40476273154777
        },
        {
            "perf_metric_name": "single_client_tasks_sync",
            "perf_metric_type": "THROUGHPUT",
            "perf_metric_value": 1364.2366901460746
        },
        {
            "perf_metric_name": "single_client_tasks_async",
            "perf_metric_type": "THROUGHPUT",
            "perf_metric_value": 10404.398700083671
        },
        {
            "perf_metric_name": "multi_client_tasks_async",
            "perf_metric_type": "THROUGHPUT",
            "perf_metric_value": 32344.79753416176
        },
        {
            "perf_metric_name": "1_1_actor_calls_sync",
            "perf_metric_type": "THROUGHPUT",
            "perf_metric_value": 2288.148388602642
        },
        {
            "perf_metric_name": "1_1_actor_calls_async",
            "perf_metric_type": "THROUGHPUT",
            "perf_metric_value": 7379.572758156523
        },
        {
            "perf_metric_name": "1_1_actor_calls_concurrent",
            "perf_metric_type": "THROUGHPUT",
            "perf_metric_value": 3934.2529325364194
        },
        {
            "perf_metric_name": "1_n_actor_calls_async",
            "perf_metric_type": "THROUGHPUT",
            "perf_metric_value": 10839.451748275824
        },
        {
            "perf_metric_name": "n_n_actor_calls_async",
            "perf_metric_type": "THROUGHPUT",
            "perf_metric_value": 31766.885232123936
        },
        {
            "perf_metric_name": "n_n_actor_calls_with_arg_async",
            "perf_metric_type": "THROUGHPUT",
            "perf_metric_value": 2555.5919596434296
        },
        {
            "perf_metric_name": "1_1_async_actor_calls_sync",
            "perf_metric_type": "THROUGHPUT",
            "perf_metric_value": 1624.6333292283339
        },
        {
            "perf_metric_name": "1_1_async_actor_calls_async",
            "perf_metric_type": "THROUGHPUT",
            "perf_metric_value": 2788.4299972920458
        },
        {
            "perf_metric_name": "1_1_async_actor_calls_with_args_async",
            "perf_metric_type": "THROUGHPUT",
            "perf_metric_value": 2270.439989421618
        },
        {
            "perf_metric_name": "1_n_async_actor_calls_async",
            "perf_metric_type": "THROUGHPUT",
            "perf_metric_value": 10008.806687235514
        },
        {
            "perf_metric_name": "n_n_async_actor_calls_async",
            "perf_metric_type": "THROUGHPUT",
            "perf_metric_value": 26424.78064446111
        },
        {
            "perf_metric_name": "placement_group_create/removal",
            "perf_metric_type": "THROUGHPUT",
            "perf_metric_value": 443.2617952441349
        },
        {
            "perf_metric_name": "client__get_calls",
            "perf_metric_type": "THROUGHPUT",
            "perf_metric_value": 1049.2698424143346
        },
        {
            "perf_metric_name": "client__put_calls",
            "perf_metric_type": "THROUGHPUT",
            "perf_metric_value": 841.6472232663928
        },
        {
            "perf_metric_name": "client__put_gigabytes",
            "perf_metric_type": "THROUGHPUT",
            "perf_metric_value": 0.04573051430085195
        },
        {
            "perf_metric_name": "client__tasks_and_put_batch",
            "perf_metric_type": "THROUGHPUT",
            "perf_metric_value": 11895.954343599878
        },
        {
            "perf_metric_name": "client__1_1_actor_calls_sync",
            "perf_metric_type": "THROUGHPUT",
            "perf_metric_value": 505.7966240212231
        },
        {
            "perf_metric_name": "client__1_1_actor_calls_async",
            "perf_metric_type": "THROUGHPUT",
            "perf_metric_value": 870.4998525280687
        },
        {
            "perf_metric_name": "client__1_1_actor_calls_concurrent",
            "perf_metric_type": "THROUGHPUT",
            "perf_metric_value": 917.4535039056846
        },
        {
            "perf_metric_name": "client__tasks_and_get_batch",
            "perf_metric_type": "THROUGHPUT",
            "perf_metric_value": 0.8980682029734288
        }
    ],
    "placement_group_create/removal": [
        443.2617952441349,
        6.238786624494797
    ],