{
    "1_1_actor_calls_async": [
        7756.545777016453,
        112.23210244386027
    ],
    "1_1_actor_calls_concurrent": [
        4823.680303909257,
        82.34438550599012
    ],
    "1_1_actor_calls_sync": [
        2053.5000943392597,
        97.32397569224301
    ],
    "1_1_async_actor_calls_async": [
        3027.0190074514717,
        117.39876192560723
    ],
    "1_1_async_actor_calls_sync": [
        1381.4832910380019,
        25.150583057686074
    ],
    "1_1_async_actor_calls_with_args_async": [
        2315.1566609163947,
        69.38868015797274
    ],
    "1_n_actor_calls_async": [
        9013.345072517786,
        63.871714643249746
    ],
    "1_n_async_actor_calls_async": [
        8107.296817082561,
        124.52633860274562
    ],
    "client__1_1_actor_calls_async": [
        1042.4481358363032,
        10.767246985064158
    ],
    "client__1_1_actor_calls_concurrent": [
        1046.1060762025677,
        7.382480299508796
    ],
    "client__1_1_actor_calls_sync": [
        553.1366030120413,
        5.662965363174019
    ],
    "client__get_calls": [
        1226.7496005801022,
        9.547807539496745
    ],
    "client__put_calls": [
        848.8575362648965,
        27.21374132571138
    ],
    "client__put_gigabytes": [
        0.12897259421609822,
        0.0030126265411666146
    ],
    "client__tasks_and_get_batch": [
        0.9625778858551846,
        0.01699926646571206
    ],
    "client__tasks_and_put_batch": [
        11334.501893509201,
        131.43644971533678
    ],
    "multi_client_put_calls_Plasma_Store": [
        12910.843627252554,
        363.6837988637845
    ],
    "multi_client_put_gigabytes": [
        36.513498172109074,
        1.8829919194970417
    ],
    "multi_client_tasks_async": [
        29270.888811862744,
        2346.865676290037
    ],
    "n_n_actor_calls_async": [
        29229.518744061534,
        745.7069499546586
    ],
    "n_n_actor_calls_with_arg_async": [
        2887.7056273057624,
        8.855798811199634
    ],
    "n_n_async_actor_calls_async": [
        24475.726869317266,
        582.1620565007444
    ],
    "perf_metrics": [
        {
            "perf_metric_name": "single_client_get_calls_Plasma_Store",
            "perf_metric_type": "THROUGHPUT",
            "perf_metric_value": 7432.953617355073
        },
        {
            "perf_metric_name": "single_client_put_calls_Plasma_Store",
            "perf_metric_type": "THROUGHPUT",
            "perf_metric_value": 5642.93079417387
        },
        {
            "perf_metric_name": "multi_client_put_calls_Plasma_Store",
            "perf_metric_type": "THROUGHPUT",
            "perf_metric_value": 12910.843627252554
        },
        {
            "perf_metric_name": "single_client_put_gigabytes",
            "perf_metric_type": "THROUGHPUT",
            "perf_metric_value": 20.692373243642404
        },
        {
            "perf_metric_name": "single_client_tasks_and_get_batch",
            "perf_metric_type": "THROUGHPUT",
            "perf_metric_value": 9.6178127918467
        },
        {
            "perf_metric_name": "multi_client_put_gigabytes",
            "perf_metric_type": "THROUGHPUT",
            "perf_metric_value": 36.513498172109074
        },
        {
            "perf_metric_name": "single_client_get_object_containing_10k_refs",
            "perf_metric_type": "THROUGHPUT",
            "perf_metric_value": 11.911115119151876
        },
        {
            "perf_metric_name": "single_client_wait_1k_refs",
            "perf_metric_type": "THROUGHPUT",
            "perf_metric_value": 5.077083407402203
        },
        {
            "perf_metric_name": "single_client_tasks_sync",
            "perf_metric_type": "THROUGHPUT",
            "perf_metric_value": 1159.5410057905888
        },
        {
            "perf_metric_name": "single_client_tasks_async",
            "perf_metric_type": "THROUGHPUT",
            "perf_metric_value": 9253.350380094456
        },
        {
            "perf_metric_name": "multi_client_tasks_async",
            "perf_metric_type": "THROUGHPUT",
            "perf_metric_value": 29270.888811862744
        },
        {
            "perf_metric_name": "1_1_actor_calls_sync",
            "perf_metric_type": "THROUGHPUT",
            "perf_metric_value": 2053.5000943392597
        },
        {
            "perf_metric_name": "1_1_actor_calls_async",
            "perf_metric_type": "THROUGHPUT",
            "perf_metric_value": 7756.545777016453
        },
        {
            "perf_metric_name": "1_1_actor_calls_concurrent",
            "perf_metric_type": "THROUGHPUT",
            "perf_metric_value": 4823.680303909257
        },
        {
            "perf_metric_name": "1_n_actor_calls_async",
            "perf_metric_type": "THROUGHPUT",
            "perf_metric_value": 9013.345072517786
        },
        {
            "perf_metric_name": "n_n_actor_calls_async",
            "perf_metric_type": "THROUGHPUT",
            "perf_metric_value": 29229.518744061534
        },
        {
            "perf_metric_name": "n_n_actor_calls_with_arg_async",
            "perf_metric_type": "THROUGHPUT",
            "perf_metric_value": 2887.7056273057624
        },
        {
            "perf_metric_name": "1_1_async_actor_calls_sync",
            "perf_metric_type": "THROUGHPUT",
            "perf_metric_value": 1381.4832910380019
        },
        {
            "perf_metric_name": "1_1_async_actor_calls_async",
            "perf_metric_type": "THROUGHPUT",
            "perf_metric_value": 3027.0190074514717
        },
        {
            "perf_metric_name": "1_1_async_actor_calls_with_args_async",
            "perf_metric_type": "THROUGHPUT",
            "perf_metric_value": 2315.1566609163947
        },
        {
            "perf_metric_name": "1_n_async_actor_calls_async",
            "perf_metric_type": "THROUGHPUT",
            "perf_metric_value": 8107.296817082561
        },
        {
            "perf_metric_name": "n_n_async_actor_calls_async",
            "perf_metric_type": "THROUGHPUT",
            "perf_metric_value": 24475.726869317266
        },
        {
            "perf_metric_name": "placement_group_create/removal",
            "perf_metric_type": "THROUGHPUT",
            "perf_metric_value": 916.0390933731816
        },
        {
            "perf_metric_name": "client__get_calls",
            "perf_metric_type": "THROUGHPUT",
            "perf_metric_value": 1226.7496005801022
        },
        {
            "perf_metric_name": "client__put_calls",
            "perf_metric_type": "THROUGHPUT",
            "perf_metric_value": 848.8575362648965
        },
        {
            "perf_metric_name": "client__put_gigabytes",
            "perf_metric_type": "THROUGHPUT",
            "perf_metric_value": 0.12897259421609822
        },
        {
            "perf_metric_name": "client__tasks_and_put_batch",
            "perf_metric_type": "THROUGHPUT",
            "perf_metric_value": 11334.501893509201
        },
        {
            "perf_metric_name": "client__1_1_actor_calls_sync",
            "perf_metric_type": "THROUGHPUT",
            "perf_metric_value": 553.1366030120413
        },
        {
            "perf_metric_name": "client__1_1_actor_calls_async",
            "perf_metric_type": "THROUGHPUT",
            "perf_metric_value": 1042.4481358363032
        },
        {
            "perf_metric_name": "client__1_1_actor_calls_concurrent",
            "perf_metric_type": "THROUGHPUT",
            "perf_metric_value": 1046.1060762025677
        },
        {
            "perf_metric_name": "client__tasks_and_get_batch",
            "perf_metric_type": "THROUGHPUT",
            "perf_metric_value": 0.9625778858551846
        }
    ],
    "placement_group_create/removal": [
        916.0390933731816,
        10.46738289492468
    ],