data_loader,train_sleep_time_ms,num_cpu_nodes,num_epochs,num_images_per_epoch,num_images_per_input_file,num_files,batch_size,shuffle_buffer_size,ray_mem_monitor_enabled,ray_spilled_mb,ray_restored_mb,min_available_mb,time_total_s,tput_images_per_s,all_epoch_times_s,all_throughputs_imgs_s
ray.data,0,0,3,512,512,1,32,0,True,0,0,34384.4375,69.82220268249512,22.16402875811832,"[37.45979369300039, 11.489114465999592, 11.611378932000662]","[13.667987714936896, 44.56392192063118, 44.094676695886754]"
ray.data,0,0,3,2048,512,4,32,0,True,0,0,33261.74609375,73.33864903450012,79.37932104540006,"[38.48298667999916, 13.402284097002848, 12.397886187001859]","[53.21832260655619, 152.80977370551292, 165.18944996826602]"
ray.data,0,0,3,4096,512,8,32,0,True,0,0,32181.91796875,77.87023997306824,149.6661653795249,"[41.38929986700168, 13.793516219000594, 13.574058741000044]","[98.96277572130678, 296.9511134773418, 301.75204617526464]"
