data_loader,train_sleep_time_ms,num_cpu_nodes,num_epochs,num_images_per_epoch,num_images_per_input_file,num_files,batch_size,shuffle_buffer_size,ray_mem_monitor_enabled,ray_spilled_mb,ray_restored_mb,min_available_mb,time_total_s,tput_images_per_s,all_epoch_times_s,all_throughputs_imgs_s
ray.data,0,0,3,512,512,1,32,0,True,0,0,34384.4375,69.82220268249512,22.16402875811832,"[37.45979369300039, 11.489114465999592, 11.611378932000662]","[13.667987714936896, 44.56392192063118, 44.094676695886754]"
ray.data,0,0,3,2048,512,4,32,0,True,0,0,33261.74609375,73.33864903450012,79.37932104540006,"[38.48298667999916, 13.402284097002848, 12.397886187001859]","[53.21832260655619, 152.80977370551292, 165.18944996826602]"
ray.data,0,0,3,4096,512,8,32,0,True,0,0,32181.91796875,77.87023997306824,149.6661653795249,"[41.38929986700168, 13.793516219000594, 13.574058741000044]","[98.96277572130678, 296.9511134773418, 301.75204617526464]"
torch,0,0,3,512,512,1623,32,0,True,0,0,57182.40234375,17.239811182022095,169.95285969897873,"[1.747530506999965, 2.8123591329999726, 3.212841041999809]","[292.98487090732675, 182.05356278728325, 159.360514045634]"
torch,0,0,3,512,512,1623,32,0,True,0,0,56953.0703125,21.64190649986267,117.43443883394481,"[3.5158492880000267, 4.5086622870001065, 4.21109667099995]","[145.62626496747495, 113.55918172808313, 121.58353037248668]"
torch,0,0,3,1624,512,1623,32,0,True,0,0,56987.51171875,26.124839305877686,294.12745358005833,"[5.6224477190000925, 5.4147284140001375, 5.6281033940001635]","[288.8421700235597, 299.9227063357491, 288.5519128399923]"
ray.data,0,0,3,1624,512,1623,32,0,True,0,0,49544.44921875,73.76398921012878,108.079391459845,"[34.05195216199991, 16.721730621999995, 13.330252055999608]","[47.691832535002035, 97.11913418001002, 121.82815397470888]"
ray.data,0,0,3,1624,512,1623,32,0,True,0,0,48807.42578125,76.0455379486084,97.7026202769742,"[31.388261806999935, 16.67586465799991, 16.56787016500016]","[51.73908673202891, 97.3862545244944, 98.02104819910535]"
ray.data,0,0,3,1624,512,1623,32,0,True,0,0,48601.33203125,71.70847415924072,98.16861487921749,"[29.199085363999984, 16.431651495000096, 16.654279318999897]","[55.61818049281281, 98.83364435365237, 97.51247525597057]"
