{
    "avg_iteration_time": 1.6523929166793823,
    "max_iteration_time": 8.070549726486206,
    "min_iteration_time": 0.561486005783081,
    "perf_metrics": [
        {
            "perf_metric_name": "avg_iteration_time",
            "perf_metric_type": "LATENCY",
            "perf_metric_value": 1.6523929166793823
        }
    ],
    "success": 1,
    "total_time": 165.2395417690277
}
