{
    "1_1_actor_calls_async": [
        9042.710869690089,
        63.62085730466312
    ],
    "1_1_actor_calls_concurrent": [
        5538.885186515366,
        266.8781556995926
    ],
    "1_1_actor_calls_sync": [
        2069.668256767318,
        24.04434086505614
    ],
    "1_1_async_actor_calls_async": [
        3198.2452064501954,
        207.90653414767863
    ],
    "1_1_async_actor_calls_sync": [
        1346.9273686110646,
        53.72802518864216
    ],
    "1_1_async_actor_calls_with_args_async": [
        2404.0655646196824,
        86.99541432527154
    ],
    "1_n_actor_calls_async": [
        7686.2005077877675,
        270.66402414641783
    ],
    "1_n_async_actor_calls_async": [
        7769.178329165985,
        187.42812654040966
    ],
    "client__1_1_actor_calls_async": [
        1048.0638150235914,
        4.887001560877178
    ],
    "client__1_1_actor_calls_concurrent": [
        1032.1273072581214,
        6.71540782331122
    ],
    "client__1_1_actor_calls_sync": [
        548.9025253096465,
        5.049064695362747
    ],
    "client__get_calls": [
        1140.4589686415818,
        58.29801140418089
    ],
    "client__put_calls": [
        850.0130225802546,
        43.90873408067339
    ],
    "client__put_gigabytes": [
        0.12571780234292362,
        0.0009634752625132644
    ],
    "client__tasks_and_get_batch": [
        0.963514714801502,
        0.02111448699134845
    ],
    "client__tasks_and_put_batch": [
        11448.200956281493,
        124.63430966694564
    ],
    "multi_client_put_calls_Plasma_Store": [
        12691.66387624551,
        93.46702510776397
    ],
    "multi_client_put_gigabytes": [
        32.16603791675267,
        1.9822375813807749
    ],
    "multi_client_tasks_async": [
        23674.761911259015,
        979.4320107702001
    ],
    "n_n_actor_calls_async": [
        26537.555565896397,
        857.3781397158533
    ],
    "n_n_actor_calls_with_arg_async": [
        3005.0093040937622,
        52.94469167391438
    ],
    "n_n_async_actor_calls_async": [
        23168.617762817485,
        649.0718850914941
    ],
    "perf_metrics": [
        {
            "perf_metric_name": "single_client_get_calls_Plasma_Store",
            "perf_metric_type": "THROUGHPUT",
            "perf_metric_value": 10110.669836472582
        },
        {
            "perf_metric_name": "single_client_put_calls_Plasma_Store",
            "perf_metric_type": "THROUGHPUT",
            "perf_metric_value": 5561.796272720696
        },
        {
            "perf_metric_name": "multi_client_put_calls_Plasma_Store",
            "perf_metric_type": "THROUGHPUT",
            "perf_metric_value": 12691.66387624551
        },
        {
            "perf_metric_name": "single_client_put_gigabytes",
            "perf_metric_type": "THROUGHPUT",
            "perf_metric_value": 20.570552345060236
        },
        {
            "perf_metric_name": "single_client_tasks_and_get_batch",
            "perf_metric_type": "THROUGHPUT",
            "perf_metric_value": 8.868906341564493
        },
        {
            "perf_metric_name": "multi_client_put_gigabytes",
            "perf_metric_type": "THROUGHPUT",
            "perf_metric_value": 32.16603791675267
        },
        {
            "perf_metric_name": "single_client_get_object_containing_10k_refs",
            "perf_metric_type": "THROUGHPUT",
            "perf_metric_value": 13.720260733349566
        },
        {
            "perf_metric_name": "single_client_wait_1k_refs",
            "perf_metric_type": "THROUGHPUT",
            "perf_metric_value": 5.570617513099608
        },
        {
            "perf_metric_name": "single_client_tasks_sync",
            "perf_metric_type": "THROUGHPUT",
            "perf_metric_value": 1018.79213518621
        },
        {
            "perf_metric_name": "single_client_tasks_async",
            "perf_metric_type": "THROUGHPUT",
            "perf_metric_value": 8956.257620701814
        },
        {
            "perf_metric_name": "multi_client_tasks_async",
            "perf_metric_type": "THROUGHPUT",
            "perf_metric_value": 23674.761911259015
        },
        {
            "perf_metric_name": "1_1_actor_calls_sync",
            "perf_metric_type": "THROUGHPUT",
            "perf_metric_value": 2069.668256767318
        },
        {
            "perf_metric_name": "1_1_actor_calls_async",
            "perf_metric_type": "THROUGHPUT",
            "perf_metric_value": 9042.710869690089
        },
        {
            "perf_metric_name": "1_1_actor_calls_concurrent",
            "perf_metric_type": "THROUGHPUT",
            "perf_metric_value": 5538.885186515366
        },
        {
            "perf_metric_name": "1_n_actor_calls_async",
            "perf_metric_type": "THROUGHPUT",
            "perf_metric_value": 7686.2005077877675
        },
        {
            "perf_metric_name": "n_n_actor_calls_async",
            "perf_metric_type": "THROUGHPUT",
            "perf_metric_value": 26537.555565896397
        },
        {
            "perf_metric_name": "n_n_actor_calls_with_arg_async",
            "perf_metric_type": "THROUGHPUT",
            "perf_metric_value": 3005.0093040937622
        },
        {
            "perf_metric_name": "1_1_async_actor_calls_sync",
            "perf_metric_type": "THROUGHPUT",
            "perf_metric_value": 1346.9273686110646
        },
        {
            "perf_metric_name": "1_1_async_actor_calls_async",
            "perf_metric_type": "THROUGHPUT",
            "perf_metric_value": 3198.2452064501954
        },
        {
            "perf_metric_name": "1_1_async_actor_calls_with_args_async",
            "perf_metric_type": "THROUGHPUT",
            "perf_metric_value": 2404.0655646196824
        },
        {
            "perf_metric_name": "1_n_async_actor_calls_async",
            "perf_metric_type": "THROUGHPUT",
            "perf_metric_value": 7769.178329165985
        },
        {
            "perf_metric_name": "n_n_async_actor_calls_async",
            "perf_metric_type": "THROUGHPUT",
            "perf_metric_value": 23168.617762817485
        },
        {
            "perf_metric_name": "placement_group_create/removal",
            "perf_metric_type": "THROUGHPUT",
            "perf_metric_value": 853.2971271119943
        },
        {
            "perf_metric_name": "client__get_calls",
            "perf_metric_type": "THROUGHPUT",
            "perf_metric_value": 1140.4589686415818
        },
        {
            "perf_metric_name": "client__put_calls",
            "perf_metric_type": "THROUGHPUT",
            "perf_metric_value": 850.0130225802546
        },
        {
            "perf_metric_name": "client__put_gigabytes",
            "perf_metric_type": "THROUGHPUT",
            "perf_metric_value": 0.12571780234292362
        },
        {
            "perf_metric_name": "client__tasks_and_put_batch",
            "perf_metric_type": "THROUGHPUT",
            "perf_metric_value": 11448.200956281493
        },
        {
            "perf_metric_name": "client__1_1_actor_calls_sync",
            "perf_metric_type": "THROUGHPUT",
            "perf_metric_value": 548.9025253096465
        },
        {
            "perf_metric_name": "client__1_1_actor_calls_async",
            "perf_metric_type": "THROUGHPUT",
            "perf_metric_value": 1048.0638150235914
        },
        {
            "perf_metric_name": "client__1_1_actor_calls_concurrent",
            "perf_metric_type": "THROUGHPUT",
            "perf_metric_value": 1032.1273072581214
        },
        {
            "perf_metric_name": "client__tasks_and_get_batch",
            "perf_metric_type": "THROUGHPUT",
            "perf_metric_value": 0.963514714801502
        }
    ],
    "placement_group_create/removal": [
        853.2971271119943,
        3.603842904070138
    ],