{
    "avg_pg_create_time_ms": 0.8591420345345346,
    "avg_pg_remove_time_ms": 3.3398067492495156,
    "success": 1
}
