{
    "1_1_actor_calls_async": [
        6140.639340526102,
        259.0361286282163
    ],
    "1_1_actor_calls_concurrent": [
        4967.30483789642,
        135.92131591109626
    ],
    "1_1_actor_calls_sync": [
        2438.1862280977907,
        100.26318156867849
    ],
    "1_1_async_actor_calls_async": [
        3951.739738939167,
        278.8306584499843
    ],
    "1_1_async_actor_calls_sync": [
        1853.9402404830912,
        46.727635510961036
    ],
    "1_1_async_actor_calls_with_args_async": [
        2547.429628348224,
        250.73995098685438
    ],
    "1_n_actor_calls_async": [
        12081.692190521448,
        62.2840732899536
    ],
    "1_n_async_actor_calls_async": [
        11549.275479797707,
        101.65862007991353
    ],
    "client__1_1_actor_calls_async": [
        847.7686781513835,
        38.40069954423218
    ],
    "client__1_1_actor_calls_concurrent": [
        891.1700246305418,
        37.280377275234194
    ],
    "client__1_1_actor_calls_sync": [
        499.0662343865622,
        20.290383451997698
    ],
    "client__get_calls": [
        1176.8154152923296,
        7.740304098607472
    ],
    "client__put_calls": [
        883.885784548864,
        20.584411976582867
    ],
    "client__put_gigabytes": [
        0.046167618559646816,
        0.0006847007913321237
    ],
    "client__tasks_and_get_batch": [
        0.8157632802971292,
        0.007305006498043043
    ],
    "client__tasks_and_put_batch": [
        9420.76418268882,
        52.893724214798084
    ],
    "multi_client_put_calls_Plasma_Store": [
        10264.792173306241,
        103.57232669692274
    ],
    "multi_client_put_gigabytes": [
        41.384326037662944,
        1.1406759354607674
    ],
    "multi_client_tasks_async": [
        39959.723850727976,
        1564.815048000218
    ],
    "n_n_actor_calls_async": [
        36065.389453885844,
        1024.0623609450613
    ],
    "n_n_actor_calls_with_arg_async": [
        2827.452130260708,
        29.70984548409388
    ],
    "n_n_async_actor_calls_async": [
        29832.132756804494,
        592.0668891174016
    ],
    "perf_metrics": [
        {
            "perf_metric_name": "single_client_get_calls_Plasma_Store",
            "perf_metric_type": "THROUGHPUT",
            "perf_metric_value": 5300.264655258815
        },
        {
            "perf_metric_name": "single_client_put_calls_Plasma_Store",
            "perf_metric_type": "THROUGHPUT",
            "perf_metric_value": 5261.25919027181
        },
        {
            "perf_metric_name": "multi_client_put_calls_Plasma_Store",
            "perf_metric_type": "THROUGHPUT",
            "perf_metric_value": 10264.792173306241
        },
        {
            "perf_metric_name": "single_client_put_gigabytes",
            "perf_metric_type": "THROUGHPUT",
            "perf_metric_value": 20.50438281197488
        },
        {
            "perf_metric_name": "single_client_tasks_and_get_batch",
            "perf_metric_type": "THROUGHPUT",
            "perf_metric_value": 11.73724464819663
        },
        {
            "perf_metric_name": "multi_client_put_gigabytes",
            "perf_metric_type": "THROUGHPUT",
            "perf_metric_value": 41.384326037662944
        },
        {
            "perf_metric_name": "single_client_get_object_containing_10k_refs",
            "perf_metric_type": "THROUGHPUT",
            "perf_metric_value": 12.159064810837302
        },
        {
            "perf_metric_name": "single_client_tasks_sync",
            "perf_metric_type": "THROUGHPUT",
            "perf_metric_value": 1457.3887792637067
        },
        {
            "perf_metric_name": "single_client_tasks_async",
            "perf_metric_type": "THROUGHPUT",
            "perf_metric_value": 13003.86023151501
        },
        {
            "perf_metric_name": "multi_client_tasks_async",
            "perf_metric_type": "THROUGHPUT",
            "perf_metric_value": 39959.723850727976
        },
        {
            "perf_metric_name": "1_1_actor_calls_sync",
            "perf_metric_type": "THROUGHPUT",
            "perf_metric_value": 2438.1862280977907
        },
        {
            "perf_metric_name": "1_1_actor_calls_async",
            "perf_metric_type": "THROUGHPUT",
            "perf_metric_value": 6140.639340526102
        },
        {
            "perf_metric_name": "1_1_actor_calls_concurrent",
            "perf_metric_type": "THROUGHPUT",
            "perf_metric_value": 4967.30483789642
        },
        {
            "perf_metric_name": "1_n_actor_calls_async",
            "perf_metric_type": "THROUGHPUT",
            "perf_metric_value": 12081.692190521448
        },
        {
            "perf_metric_name": "n_n_actor_calls_async",
            "perf_metric_type": "THROUGHPUT",
            "perf_metric_value": 36065.389453885844
        },
        {
            "perf_metric_name": "n_n_actor_calls_with_arg_async",
            "perf_metric_type": "THROUGHPUT",
            "perf_metric_value": 2827.452130260708
        },
        {
            "perf_metric_name": "1_1_async_actor_calls_sync",
            "perf_metric_type": "THROUGHPUT",
            "perf_metric_value": 1853.9402404830912
        },
        {
            "perf_metric_name": "1_1_async_actor_calls_async",
            "perf_metric_type": "THROUGHPUT",
            "perf_metric_value": 3951.739738939167
        },
        {
            "perf_metric_name": "1_1_async_actor_calls_with_args_async",
            "perf_metric_type": "THROUGHPUT",
            "perf_metric_value": 2547.429628348224
        },
        {
            "perf_metric_name": "1_n_async_actor_calls_async",
            "perf_metric_type": "THROUGHPUT",
            "perf_metric_value": 11549.275479797707
        },
        {
            "perf_metric_name": "n_n_async_actor_calls_async",
            "perf_metric_type": "THROUGHPUT",
            "perf_metric_value": 29832.132756804494
        },
        {
            "perf_metric_name": "placement_group_create/removal",
            "perf_metric_type": "THROUGHPUT",
            "perf_metric_value": 1058.8007297289032
        },
        {
            "perf_metric_name": "client__get_calls",
            "perf_metric_type": "THROUGHPUT",
            "perf_metric_value": 1176.8154152923296
        },
        {
            "perf_metric_name": "client__put_calls",
            "perf_metric_type": "THROUGHPUT",
            "perf_metric_value": 883.885784548864
        },
        {
            "perf_metric_name": "client__put_gigabytes",
            "perf_metric_type": "THROUGHPUT",
            "perf_metric_value": 0.046167618559646816
        },
        {
            "perf_metric_name": "client__tasks_and_put_batch",
            "perf_metric_type": "THROUGHPUT",
            "perf_metric_value": 9420.76418268882
        },
        {
            "perf_metric_name": "client__1_1_actor_calls_sync",
            "perf_metric_type": "THROUGHPUT",
            "perf_metric_value": 499.0662343865622
        },
        {
            "perf_metric_name": "client__1_1_actor_calls_async",
            "perf_metric_type": "THROUGHPUT",
            "perf_metric_value": 847.7686781513835
        },
        {
            "perf_metric_name": "client__1_1_actor_calls_concurrent",
            "perf_metric_type": "THROUGHPUT",
            "perf_metric_value": 891.1700246305418
        },
        {
            "perf_metric_name": "client__tasks_and_get_batch",
            "perf_metric_type": "THROUGHPUT",
            "perf_metric_value": 0.8157632802971292
        }
    ],
    "placement_group_create/removal": [
        1058.8007297289032,
        15.462424193460233
    ],
    "single_client_get_calls_Plasma_Store": [
        5300.264655258815,
        81.43087309982016
    ],
    "single_client_get_object_containing_10k_refs": [
        12.159064810837302,
        0.2474235334616224
    ],