{
    "avg_iteration_time": 1.5543466377258301,
    "max_iteration_time": 4.233062744140625,
    "min_iteration_time": 0.7766571044921875,
    "perf_metrics": [
        {
            "perf_metric_name": "avg_iteration_time",
            "perf_metric_type": "LATENCY",
            "perf_metric_value": 1.5543466377258301
        }
    ],
    "success": 1,
    "total_time": 155.4350299835205
}
