{
    "avg_iteration_time": 1.5120103502273559,
    "max_iteration_time": 3.5952794551849365,
    "min_iteration_time": 0.6669213771820068,
    "perf_metrics": [
        {
            "perf_metric_name": "avg_iteration_time",
            "perf_metric_type": "LATENCY",
            "perf_metric_value": 1.5120103502273559
        }
    ],
    "success": 1,
    "total_time": 151.20143222808838
}
