{
  "single_client_get_calls_Plasma_Store": [
    4417.483407539963,
    96.2827894334856
  ],
  "single_client_put_calls_Plasma_Store": [
    4943.245544823742,
    40.20880583101093
  ],
  "multi_client_put_calls_Plasma_Store": [
    8138.36002847342,
    76.56452924778961
  ],
  "single_client_put_gigabytes": [
    9.203941431281354,
    7.382235276551273
  ],
  "single_client_tasks_and_get_batch": [
    13.375967324848181,
    0.507808656973279
  ],
  "multi_client_put_gigabytes": [
    36.8528915745482,
    2.039146586782298
  ],
  "single_client_get_object_containing_10k_refs": [
    11.161767766215979,
    1.0523945632495622
  ],
  "single_client_tasks_sync": [
    1632.942029098996,
    21.36652699911712
  ],
  "single_client_tasks_async": [
    12419.98454434397,
    406.3871170698492
  ],
  "multi_client_tasks_async": [
    38748.894991059096,
    2436.5719526323055
  ],
  "1_1_actor_calls_sync": [
    2849.5704629804704,
    81.63662597436789
  ],
  "1_1_actor_calls_async": [
    6282.6837124960575,
    19.044048192545247
  ],
  "1_1_actor_calls_concurrent": [
    5455.92093575466,
    58.72082037139358
  ],
  "1_n_actor_calls_async": [
    12396.975543644654,
    409.83017601797866
  ],
  "n_n_actor_calls_async": [
    35576.14425063721,
    1608.5212616102178
  ],
  "n_n_actor_calls_with_arg_async": [
    2797.0337029382163,
    21.962489732788306
  ],
  "1_1_async_actor_calls_sync": [
    1778.4364758458412,
    27.910329033832074
  ],
  "1_1_async_actor_calls_async": [
    3595.703709635034,
    421.7060076273593
  ],
  "1_1_async_actor_calls_with_args_async": [
    2213.505478468741,
    48.807530010206264
  ],
  "1_n_async_actor_calls_async": [
    11735.490476659057,
    146.53042415981912
  ],
  "n_n_async_actor_calls_async": [
    31599.6743641887,
    228.5243841131857
  ],
  "placement_group_create/removal": [
    1156.6879672318378,
    26.027630050042106
  ],
  "client__get_calls": [
    1663.0154385465187,
    14.644552055977446
  ],
  "client__put_calls": [
    862.7696826719288,
    3.5966094349709845
  ],
  "client__put_gigabytes": [
    0.13486648374922303,
    0.0011283981314876698
  ],
  "client__tasks_and_put_batch": [
    7816.976148733067,
    218.68020571280437
  ],
  "client__1_1_actor_calls_sync": [
    510.0909914125657,
    11.210273526018305
  ],
  "client__1_1_actor_calls_async": [
    758.7064497167294,
    21.096304424701984
  ],
  "client__1_1_actor_calls_concurrent": [
    753.6040183416767,
    13.961053635960882
  ],
  "client__tasks_and_get_batch": [
    0.8825974213032264,
    0.014032609137635849
  ],
  "_runtime": 564.7302691936493,
  "_session_url": "https://console.anyscale.com/o/anyscale-internal/projects/prj_2xR6uT6t7jJuu1aCwWMsle/clusters/ses_wGcWrRtwD8QF1UvY2DdJrtQE",
  "_commit_url": "https://s3-us-west-2.amazonaws.com/ray-wheels/releases/1.11.0rc0/e23b27c1738852990156dd202d5deae741ae18f9/ray-2.0.0.dev0-cp37-cp37m-manylinux2014_x86_64.whl",
  "_stable": true
}
