{
    "avg_iteration_time": 2.1744913697242736,
    "max_iteration_time": 10.658589601516724,
    "min_iteration_time": 0.8976571559906006,
    "perf_metrics": [
        {
            "perf_metric_name": "avg_iteration_time",
            "perf_metric_type": "LATENCY",
            "perf_metric_value": 2.1744913697242736
        }
    ],
    "success": 1,
    "total_time": 217.44939661026
}
