{
    "avg_iteration_time": 2.0306028723716736,
    "max_iteration_time": 5.45751690864563,
    "min_iteration_time": 0.6175897121429443,
    "perf_metrics": [
        {
            "perf_metric_name": "avg_iteration_time",
            "perf_metric_type": "LATENCY",
            "perf_metric_value": 2.0306028723716736
        }
    ],
    "success": 1,
    "total_time": 203.0605766773224
}
