{
    "avg_iteration_time": 2.1146139240264894,
    "max_iteration_time": 8.98061728477478,
    "min_iteration_time": 0.8796594142913818,
    "perf_metrics": [
        {
            "perf_metric_name": "avg_iteration_time",
            "perf_metric_type": "LATENCY",
            "perf_metric_value": 2.1146139240264894
        }
    ],
    "success": 1,
    "total_time": 211.4616858959198
}
