{
    "avg_iteration_time": 2.1251140904426573,
    "max_iteration_time": 11.602999687194824,
    "min_iteration_time": 0.8678550720214844,
    "perf_metrics": [
        {
            "perf_metric_name": "avg_iteration_time",
            "perf_metric_type": "LATENCY",
            "perf_metric_value": 2.1251140904426573
        }
    ],
    "success": 1,
    "total_time": 212.5117061138153
}