{
    "1_1_actor_calls_async": [
        7653.188945060761,
        76.27033276040328
    ],
    "1_1_actor_calls_concurrent": [
        4501.674745639853,
        390.6878922955033
    ],
    "1_1_actor_calls_sync": [
        2212.2970905634065,
        107.50566955018486
    ],
    "1_1_async_actor_calls_async": [
        2615.219485440995,
        160.2517574899843
    ],
    "1_1_async_actor_calls_sync": [
        1472.6370514139858,
        29.097933642124683
    ],
    "1_1_async_actor_calls_with_args_async": [
        1824.1292885711082,
        74.19764414053535
    ],
    "1_n_actor_calls_async": [
        9977.241133747568,
        40.42587070244509
    ],
    "1_n_async_actor_calls_async": [
        9232.961669737171,
        280.47473191024494
    ],
    "client__1_1_actor_calls_async": [
        1051.5068307733027,
        25.22546394769994
    ],
    "client__1_1_actor_calls_concurrent": [
        1069.186283331829,
        11.39427663059472
    ],
    "client__1_1_actor_calls_sync": [
        574.3012451198236,
        12.060462592257043
    ],
    "client__get_calls": [
        1154.6885607873562,
        49.17419815456542
    ],
    "client__put_calls": [
        872.3660900779774,
        32.3961474370823
    ],
    "client__put_gigabytes": [
        0.1330015012769415,
        0.0037711447053260278
    ],
    "client__tasks_and_get_batch": [
        0.9923817506335798,
        0.019569113661125653
    ],
    "client__tasks_and_put_batch": [
        11592.331448482175,
        101.97323676963605
    ],
    "multi_client_put_calls_Plasma_Store": [
        12332.38477965388,
        285.7129921749084
    ],
    "multi_client_put_gigabytes": [
        28.575525187974343,
        2.1204880085294455
    ],
    "multi_client_tasks_async": [
        28693.647655418066,
        1271.03364723132
    ],
    "n_n_actor_calls_async": [
        30702.557512448617,
        925.353869077539
    ],
    "n_n_actor_calls_with_arg_async": [
        3071.1307015701946,
        25.95250641713783
    ],
    "n_n_async_actor_calls_async": [
        26466.043154912455,
        515.8886076925795
    ],
    "perf_metrics": [
        {
            "perf_metric_name": "single_client_get_calls_Plasma_Store",
            "perf_metric_type": "THROUGHPUT",
            "perf_metric_value": 8212.8789577971
        },
        {
            "perf_metric_name": "single_client_put_calls_Plasma_Store",
            "perf_metric_type": "THROUGHPUT",
            "perf_metric_value": 5680.905101515121
        },
        {
            "perf_metric_name": "multi_client_put_calls_Plasma_Store",
            "perf_metric_type": "THROUGHPUT",
            "perf_metric_value": 12332.38477965388
        },
        {
            "perf_metric_name": "single_client_put_gigabytes",
            "perf_metric_type": "THROUGHPUT",
            "perf_metric_value": 20.386069723845708
        },
        {
            "perf_metric_name": "single_client_tasks_and_get_batch",
            "perf_metric_type": "THROUGHPUT",
            "perf_metric_value": 9.032974959236881
        },
        {
            "perf_metric_name": "multi_client_put_gigabytes",
            "perf_metric_type": "THROUGHPUT",
            "perf_metric_value": 28.575525187974343
        },
        {
            "perf_metric_name": "single_client_get_object_containing_10k_refs",
            "perf_metric_type": "THROUGHPUT",
            "perf_metric_value": 11.582495121556633
        },
        {
            "perf_metric_name": "single_client_wait_1k_refs",
            "perf_metric_type": "THROUGHPUT",
            "perf_metric_value": 5.324818800669648
        },
        {
            "perf_metric_name": "single_client_tasks_sync",
            "perf_metric_type": "THROUGHPUT",
            "perf_metric_value": 1320.40816436792
        },
        {
            "perf_metric_name": "single_client_tasks_async",
            "perf_metric_type": "THROUGHPUT",
            "perf_metric_value": 10309.812853287176
        },
        {
            "perf_metric_name": "multi_client_tasks_async",
            "perf_metric_type": "THROUGHPUT",
            "perf_metric_value": 28693.647655418066
        },
        {
            "perf_metric_name": "1_1_actor_calls_sync",
            "perf_metric_type": "THROUGHPUT",
            "perf_metric_value": 2212.2970905634065
        },
        {
            "perf_metric_name": "1_1_actor_calls_async",
            "perf_metric_type": "THROUGHPUT",
            "perf_metric_value": 7653.188945060761
        },
        {
            "perf_metric_name": "1_1_actor_calls_concurrent",
            "perf_metric_type": "THROUGHPUT",
            "perf_metric_value": 4501.674745639853
        },
        {
            "perf_metric_name": "1_n_actor_calls_async",
            "perf_metric_type": "THROUGHPUT",
            "perf_metric_value": 9977.241133747568
        },
        {
            "perf_metric_name": "n_n_actor_calls_async",
            "perf_metric_type": "THROUGHPUT",
            "perf_metric_value": 30702.557512448617
        },
        {
            "perf_metric_name": "n_n_actor_calls_with_arg_async",
            "perf_metric_type": "THROUGHPUT",
            "perf_metric_value": 3071.1307015701946
        },
        {
            "perf_metric_name": "1_1_async_actor_calls_sync",
            "perf_metric_type": "THROUGHPUT",
            "perf_metric_value": 1472.6370514139858
        },
        {
            "perf_metric_name": "1_1_async_actor_calls_async",
            "perf_metric_type": "THROUGHPUT",
            "perf_metric_value": 2615.219485440995
        },
        {
            "perf_metric_name": "1_1_async_actor_calls_with_args_async",
            "perf_metric_type": "THROUGHPUT",
            "perf_metric_value": 1824.1292885711082
        },
        {
            "perf_metric_name": "1_n_async_actor_calls_async",
            "perf_metric_type": "THROUGHPUT",
            "perf_metric_value": 9232.961669737171
        },
        {
            "perf_metric_name": "n_n_async_actor_calls_async",
            "perf_metric_type": "THROUGHPUT",
            "perf_metric_value": 26466.043154912455
        },
        {
            "perf_metric_name": "placement_group_create/removal",
            "perf_metric_type": "THROUGHPUT",
            "perf_metric_value": 969.6173278174784
        },
        {
            "perf_metric_name": "client__get_calls",
            "perf_metric_type": "THROUGHPUT",
            "perf_metric_value": 1154.6885607873562
        },
        {
            "perf_metric_name": "client__put_calls",
            "perf_metric_type": "THROUGHPUT",
            "perf_metric_value": 872.3660900779774
        },
        {
            "perf_metric_name": "client__put_gigabytes",
            "perf_metric_type": "THROUGHPUT",
            "perf_metric_value": 0.1330015012769415
        },
        {
            "perf_metric_name": "client__tasks_and_put_batch",
            "perf_metric_type": "THROUGHPUT",
            "perf_metric_value": 11592.331448482175
        },
        {
            "perf_metric_name": "client__1_1_actor_calls_sync",
            "perf_metric_type": "THROUGHPUT",
            "perf_metric_value": 574.3012451198236
        },
        {
            "perf_metric_name": "client__1_1_actor_calls_async",
            "perf_metric_type": "THROUGHPUT",
            "perf_metric_value": 1051.5068307733027
        },
        {
            "perf_metric_name": "client__1_1_actor_calls_concurrent",
            "perf_metric_type": "THROUGHPUT",
            "perf_metric_value": 1069.186283331829
        },
        {
            "perf_metric_name": "client__tasks_and_get_batch",
            "perf_metric_type": "THROUGHPUT",
            "perf_metric_value": 0.9923817506335798
        }
    ],
    "placement_group_create/removal": [
        969.6173278174784,
        19.516904319663013
    ],