{
    "1_1_actor_calls_async": [
        8081.205383010151,
        144.1839540487183
    ],
    "1_1_actor_calls_concurrent": [
        4893.00631457457,
        323.37038626276996
    ],
    "1_1_actor_calls_sync": [
        2281.3341043774667,
        12.49182355046951
    ],
    "1_1_async_actor_calls_async": [
        2887.598186621243,
        185.92408361229715
    ],
    "1_1_async_actor_calls_sync": [
        1379.2888062868067,
        76.55146697962442
    ],
    "1_1_async_actor_calls_with_args_async": [
        2064.1280128247445,
        115.18280092921638
    ],
    "1_n_actor_calls_async": [
        9846.33856976487,
        117.96245408352256
    ],
    "1_n_async_actor_calls_async": [
        8799.332862899606,
        87.98400675027953
    ],
    "client__1_1_actor_calls_async": [
        1058.2090862866996,
        16.342205102284332
    ],
    "client__1_1_actor_calls_concurrent": [
        1044.8035492917015,
        4.971737217914745
    ],
    "client__1_1_actor_calls_sync": [
        571.3613725402731,
        7.601247625594731
    ],
    "client__get_calls": [
        1155.1669478708916,
        81.3266368380463
    ],
    "client__put_calls": [
        823.8658610431164,
        37.303011815237376
    ],
    "client__put_gigabytes": [
        0.1311833215458485,
        0.003412920292295356
    ],
    "client__tasks_and_get_batch": [
        0.9802608247694551,
        0.018579508701102868
    ],
    "client__tasks_and_put_batch": [
        11834.868229163476,
        149.25538003012073
    ],
    "multi_client_put_calls_Plasma_Store": [
        12563.742075254824,
        109.59768523597296
    ],
    "multi_client_put_gigabytes": [
        29.888601798958504,
        1.3137620664994667
    ],
    "multi_client_tasks_async": [
        28939.058159132695,
        1689.4105014269694
    ],
    "n_n_actor_calls_async": [
        29027.616979649276,
        810.8726127653389
    ],
    "n_n_actor_calls_with_arg_async": [
        3006.5388222999163,
        47.865489614737236
    ],
    "n_n_async_actor_calls_async": [
        24391.40712750794,
        819.3518751600993
    ],
    "perf_metrics": [
        {
            "perf_metric_name": "single_client_get_calls_Plasma_Store",
            "perf_metric_type": "THROUGHPUT",
            "perf_metric_value": 7592.3810449413
        },
        {
            "perf_metric_name": "single_client_put_calls_Plasma_Store",
            "perf_metric_type": "THROUGHPUT",
            "perf_metric_value": 5949.445104897204
        },
        {
            "perf_metric_name": "multi_client_put_calls_Plasma_Store",
            "perf_metric_type": "THROUGHPUT",
            "perf_metric_value": 12563.742075254824
        },
        {
            "perf_metric_name": "single_client_put_gigabytes",
            "perf_metric_type": "THROUGHPUT",
            "perf_metric_value": 20.27602287061163
        },
        {
            "perf_metric_name": "single_client_tasks_and_get_batch",
            "perf_metric_type": "THROUGHPUT",
            "perf_metric_value": 10.198204154394244
        },
        {
            "perf_metric_name": "multi_client_put_gigabytes",
            "perf_metric_type": "THROUGHPUT",
            "perf_metric_value": 29.888601798958504
        },
        {
            "perf_metric_name": "single_client_get_object_containing_10k_refs",
            "perf_metric_type": "THROUGHPUT",
            "perf_metric_value": 13.25978280552952
        },
        {
            "perf_metric_name": "single_client_wait_1k_refs",
            "perf_metric_type": "THROUGHPUT",
            "perf_metric_value": 5.647553625243753
        },
        {
            "perf_metric_name": "single_client_tasks_sync",
            "perf_metric_type": "THROUGHPUT",
            "perf_metric_value": 1259.8947657007097
        },
        {
            "perf_metric_name": "single_client_tasks_async",
            "perf_metric_type": "THROUGHPUT",
            "perf_metric_value": 9792.802505790358
        },
        {
            "perf_metric_name": "multi_client_tasks_async",
            "perf_metric_type": "THROUGHPUT",
            "perf_metric_value": 28939.058159132695
        },
        {
            "perf_metric_name": "1_1_actor_calls_sync",
            "perf_metric_type": "THROUGHPUT",
            "perf_metric_value": 2281.3341043774667
        },
        {
            "perf_metric_name": "1_1_actor_calls_async",
            "perf_metric_type": "THROUGHPUT",
            "perf_metric_value": 8081.205383010151
        },
        {
            "perf_metric_name": "1_1_actor_calls_concurrent",
            "perf_metric_type": "THROUGHPUT",
            "perf_metric_value": 4893.00631457457
        },
        {
            "perf_metric_name": "1_n_actor_calls_async",
            "perf_metric_type": "THROUGHPUT",
            "perf_metric_value": 9846.33856976487
        },
        {
            "perf_metric_name": "n_n_actor_calls_async",
            "perf_metric_type": "THROUGHPUT",
            "perf_metric_value": 29027.616979649276
        },
        {
            "perf_metric_name": "n_n_actor_calls_with_arg_async",
            "perf_metric_type": "THROUGHPUT",
            "perf_metric_value": 3006.5388222999163
        },
        {
            "perf_metric_name": "1_1_async_actor_calls_sync",
            "perf_metric_type": "THROUGHPUT",
            "perf_metric_value": 1379.2888062868067
        },
        {
            "perf_metric_name": "1_1_async_actor_calls_async",
            "perf_metric_type": "THROUGHPUT",
            "perf_metric_value": 2887.598186621243
        },
        {
            "perf_metric_name": "1_1_async_actor_calls_with_args_async",
            "perf_metric_type": "THROUGHPUT",
            "perf_metric_value": 2064.1280128247445
        },
        {
            "perf_metric_name": "1_n_async_actor_calls_async",
            "perf_metric_type": "THROUGHPUT",
            "perf_metric_value": 8799.332862899606
        },
        {
            "perf_metric_name": "n_n_async_actor_calls_async",
            "perf_metric_type": "THROUGHPUT",
            "perf_metric_value": 24391.40712750794
        },
        {
            "perf_metric_name": "placement_group_create/removal",
            "perf_metric_type": "THROUGHPUT",
            "perf_metric_value": 1007.6480028461576
        },
        {
            "perf_metric_name": "client__get_calls",
            "perf_metric_type": "THROUGHPUT",
            "perf_metric_value": 1155.1669478708916
        },
        {
            "perf_metric_name": "client__put_calls",
            "perf_metric_type": "THROUGHPUT",
            "perf_metric_value": 823.8658610431164
        },
        {
            "perf_metric_name": "client__put_gigabytes",
            "perf_metric_type": "THROUGHPUT",
            "perf_metric_value": 0.1311833215458485
        },
        {
            "perf_metric_name": "client__tasks_and_put_batch",
            "perf_metric_type": "THROUGHPUT",
            "perf_metric_value": 11834.868229163476
        },
        {
            "perf_metric_name": "client__1_1_actor_calls_sync",
            "perf_metric_type": "THROUGHPUT",
            "perf_metric_value": 571.3613725402731
        },
        {
            "perf_metric_name": "client__1_1_actor_calls_async",
            "perf_metric_type": "THROUGHPUT",
            "perf_metric_value": 1058.2090862866996
        },
        {
            "perf_metric_name": "client__1_1_actor_calls_concurrent",
            "perf_metric_type": "THROUGHPUT",
            "perf_metric_value": 1044.8035492917015
        },
        {
            "perf_metric_name": "client__tasks_and_get_batch",
            "perf_metric_type": "THROUGHPUT",
            "perf_metric_value": 0.9802608247694551
        }
    ],
    "placement_group_create/removal": [
        1007.6480028461576,
        5.701471714254308
    ],