{
    "1_1_actor_calls_async": [
        7183.918279875392,
        302.9694986989227
    ],
    "1_1_actor_calls_concurrent": [
        4565.772212164153,
        177.4357287617306
    ],
    "1_1_actor_calls_sync": [
        2057.0784242572117,
        102.01380647832781
    ],
    "1_1_async_actor_calls_async": [
        2581.8090833719934,
        146.4633656824787
    ],
    "1_1_async_actor_calls_sync": [
        1333.343529173284,
        21.95523661654894
    ],
    "1_1_async_actor_calls_with_args_async": [
        1787.972766438858,
        80.59541128568202
    ],
    "1_n_actor_calls_async": [
        8946.497160928911,
        94.46559269895894
    ],
    "1_n_async_actor_calls_async": [
        7970.793594306987,
        129.35426164651392
    ],
    "client__1_1_actor_calls_async": [
        1064.0884547677392,
        28.36360709620505
    ],
    "client__1_1_actor_calls_concurrent": [
        1066.7730181889178,
        11.590623120634085
    ],
    "client__1_1_actor_calls_sync": [
        569.1496638093912,
        1.7816280388659618
    ],
    "client__get_calls": [
        1257.2073272074913,
        7.167002241225006
    ],
    "client__put_calls": [
        842.7460951026587,
        36.537718461863925
    ],
    "client__put_gigabytes": [
        0.12693556139531936,
        0.0043868742927814855
    ],
    "client__tasks_and_get_batch": [
        0.9659649294333619,
        0.0176172051364771
    ],
    "client__tasks_and_put_batch": [
        11172.653071842957,
        301.81077553616
    ],
    "multi_client_put_calls_Plasma_Store": [
        12275.386001839906,
        314.8805089696425
    ],
    "multi_client_put_gigabytes": [
        30.49063355658837,
        2.1483368776371283
    ],
    "multi_client_tasks_async": [
        23399.550953458893,
        663.608800512507
    ],
    "n_n_actor_calls_async": [
        27225.758970328756,
        638.3067859908142
    ],
    "n_n_actor_calls_with_arg_async": [
        2943.051987461239,
        22.88938064881753
    ],
    "n_n_async_actor_calls_async": [
        23186.654951322602,
        275.0434389352942
    ],
    "perf_metrics": [
        {
            "perf_metric_name": "single_client_get_calls_Plasma_Store",
            "perf_metric_type": "THROUGHPUT",
            "perf_metric_value": 10317.821667993338
        },
        {
            "perf_metric_name": "single_client_put_calls_Plasma_Store",
            "perf_metric_type": "THROUGHPUT",
            "perf_metric_value": 5643.2886813637
        },
        {
            "perf_metric_name": "multi_client_put_calls_Plasma_Store",
            "perf_metric_type": "THROUGHPUT",
            "perf_metric_value": 12275.386001839906
        },
        {
            "perf_metric_name": "single_client_put_gigabytes",
            "perf_metric_type": "THROUGHPUT",
            "perf_metric_value": 20.034366238617093
        },
        {
            "perf_metric_name": "single_client_tasks_and_get_batch",
            "perf_metric_type": "THROUGHPUT",
            "perf_metric_value": 8.672365911748972
        },
        {
            "perf_metric_name": "multi_client_put_gigabytes",
            "perf_metric_type": "THROUGHPUT",
            "perf_metric_value": 30.49063355658837
        },
        {
            "perf_metric_name": "single_client_get_object_containing_10k_refs",
            "perf_metric_type": "THROUGHPUT",
            "perf_metric_value": 12.994713320420606
        },
        {
            "perf_metric_name": "single_client_wait_1k_refs",
            "perf_metric_type": "THROUGHPUT",
            "perf_metric_value": 5.476157541646816
        },
        {
            "perf_metric_name": "single_client_tasks_sync",
            "perf_metric_type": "THROUGHPUT",
            "perf_metric_value": 1116.7226049709902
        },
        {
            "perf_metric_name": "single_client_tasks_async",
            "perf_metric_type": "THROUGHPUT",
            "perf_metric_value": 8743.097657759507
        },
        {
            "perf_metric_name": "multi_client_tasks_async",
            "perf_metric_type": "THROUGHPUT",
            "perf_metric_value": 23399.550953458893
        },
        {
            "perf_metric_name": "1_1_actor_calls_sync",
            "perf_metric_type": "THROUGHPUT",
            "perf_metric_value": 2057.0784242572117
        },
        {
            "perf_metric_name": "1_1_actor_calls_async",
            "perf_metric_type": "THROUGHPUT",
            "perf_metric_value": 7183.918279875392
        },
        {
            "perf_metric_name": "1_1_actor_calls_concurrent",
            "perf_metric_type": "THROUGHPUT",
            "perf_metric_value": 4565.772212164153
        },
        {
            "perf_metric_name": "1_n_actor_calls_async",
            "perf_metric_type": "THROUGHPUT",
            "perf_metric_value": 8946.497160928911
        },
        {
            "perf_metric_name": "n_n_actor_calls_async",
            "perf_metric_type": "THROUGHPUT",
            "perf_metric_value": 27225.758970328756
        },
        {
            "perf_metric_name": "n_n_actor_calls_with_arg_async",
            "perf_metric_type": "THROUGHPUT",
            "perf_metric_value": 2943.051987461239
        },
        {
            "perf_metric_name": "1_1_async_actor_calls_sync",
            "perf_metric_type": "THROUGHPUT",
            "perf_metric_value": 1333.343529173284
        },
        {
            "perf_metric_name": "1_1_async_actor_calls_async",
            "perf_metric_type": "THROUGHPUT",
            "perf_metric_value": 2581.8090833719934
        },
        {
            "perf_metric_name": "1_1_async_actor_calls_with_args_async",
            "perf_metric_type": "THROUGHPUT",
            "perf_metric_value": 1787.972766438858
        },
        {
            "perf_metric_name": "1_n_async_actor_calls_async",
            "perf_metric_type": "THROUGHPUT",
            "perf_metric_value": 7970.793594306987
        },
        {
            "perf_metric_name": "n_n_async_actor_calls_async",
            "perf_metric_type": "THROUGHPUT",
            "perf_metric_value": 23186.654951322602
        },
        {
            "perf_metric_name": "placement_group_create/removal",
            "perf_metric_type": "THROUGHPUT",
            "perf_metric_value": 910.6188577003039
        },
        {
            "perf_metric_name": "client__get_calls",
            "perf_metric_type": "THROUGHPUT",
            "perf_metric_value": 1257.2073272074913
        },
        {
            "perf_metric_name": "client__put_calls",
            "perf_metric_type": "THROUGHPUT",
            "perf_metric_value": 842.7460951026587
        },
        {
            "perf_metric_name": "client__put_gigabytes",
            "perf_metric_type": "THROUGHPUT",
            "perf_metric_value": 0.12693556139531936
        },
        {
            "perf_metric_name": "client__tasks_and_put_batch",
            "perf_metric_type": "THROUGHPUT",
            "perf_metric_value": 11172.653071842957
        },
        {
            "perf_metric_name": "client__1_1_actor_calls_sync",
            "perf_metric_type": "THROUGHPUT",
            "perf_metric_value": 569.1496638093912
        },
        {
            "perf_metric_name": "client__1_1_actor_calls_async",
            "perf_metric_type": "THROUGHPUT",
            "perf_metric_value": 1064.0884547677392
        },
        {
            "perf_metric_name": "client__1_1_actor_calls_concurrent",
            "perf_metric_type": "THROUGHPUT",
            "perf_metric_value": 1066.7730181889178
        },
        {
            "perf_metric_name": "client__tasks_and_get_batch",
            "perf_metric_type": "THROUGHPUT",
            "perf_metric_value": 0.9659649294333619
        }
    ],
    "placement_group_create/removal": [
        910.6188577003039,
        4.061758776127755
    ],