{
    "1_1_actor_calls_async": [
        8194.146466814414,
        258.2618848379532
    ],
    "1_1_actor_calls_concurrent": [
        5139.971707657616,
        290.37256686170554
    ],
    "1_1_actor_calls_sync": [
        2509.3730848129885,
        70.29368835137593
    ],
    "1_1_async_actor_calls_async": [
        3129.126993445057,
        51.545744123619684
    ],
    "1_1_async_actor_calls_sync": [
        1473.3189286996085,
        58.83227618494056
    ],
    "1_1_async_actor_calls_with_args_async": [
        1872.4258363763167,
        72.91056793936856
    ],
    "1_n_actor_calls_async": [
        12765.110811113344,
        96.61712267418126
    ],
    "1_n_async_actor_calls_async": [
        10855.389012690128,
        103.28498196828626
    ],
    "client__1_1_actor_calls_async": [
        984.0493755334898,
        45.65853727154778
    ],
    "client__1_1_actor_calls_concurrent": [
        984.2017914685316,
        45.732162563054935
    ],
    "client__1_1_actor_calls_sync": [
        490.8207787588942,
        21.38087253075433
    ],
    "client__get_calls": [
        1104.7018525960716,
        32.83806588414419
    ],
    "client__put_calls": [
        875.5010097759758,
        32.36454982019609
    ],
    "client__put_gigabytes": [
        0.11371929384736562,
        0.002536099857386574
    ],
    "client__tasks_and_get_batch": [
        0.9834082023841304,
        0.0278731766687638
    ],
    "client__tasks_and_put_batch": [
        11686.47507554071,
        163.37210295917524
    ],
    "multi_client_put_calls_Plasma_Store": [
        12709.676416730535,
        311.7914999673792
    ],
    "multi_client_put_gigabytes": [
        38.087386420244215,
        4.241661509492178
    ],
    "multi_client_tasks_async": [
        33919.977922626276,
        2374.1592910905783
    ],
    "n_n_actor_calls_async": [
        35910.925808415705,
        453.574703237522
    ],
    "n_n_actor_calls_with_arg_async": [
        3111.0029082914843,
        11.114777314785156
    ],
    "n_n_async_actor_calls_async": [
        28501.079104729495,
        266.23882877435534
    ],
    "perf_metrics": [
        {
            "perf_metric_name": "single_client_get_calls_Plasma_Store",
            "perf_metric_type": "THROUGHPUT",
            "perf_metric_value": 7889.069657737435
        },
        {
            "perf_metric_name": "single_client_put_calls_Plasma_Store",
            "perf_metric_type": "THROUGHPUT",
            "perf_metric_value": 5890.5705347987505
        },
        {
            "perf_metric_name": "multi_client_put_calls_Plasma_Store",
            "perf_metric_type": "THROUGHPUT",
            "perf_metric_value": 12709.676416730535
        },
        {
            "perf_metric_name": "single_client_put_gigabytes",
            "perf_metric_type": "THROUGHPUT",
            "perf_metric_value": 20.0088884144504
        },
        {
            "perf_metric_name": "single_client_tasks_and_get_batch",
            "perf_metric_type": "THROUGHPUT",
            "perf_metric_value": 11.772946088381135
        },
        {
            "perf_metric_name": "multi_client_put_gigabytes",
            "perf_metric_type": "THROUGHPUT",
            "perf_metric_value": 38.087386420244215
        },
        {
            "perf_metric_name": "single_client_get_object_containing_10k_refs",
            "perf_metric_type": "THROUGHPUT",
            "perf_metric_value": 13.337175847420632
        },
        {
            "perf_metric_name": "single_client_wait_1k_refs",
            "perf_metric_type": "THROUGHPUT",
            "perf_metric_value": 5.130281414383807
        },
        {
            "perf_metric_name": "single_client_tasks_sync",
            "perf_metric_type": "THROUGHPUT",
            "perf_metric_value": 1401.8968021761107
        },
        {
            "perf_metric_name": "single_client_tasks_async",
            "perf_metric_type": "THROUGHPUT",
            "perf_metric_value": 11324.080385275665
        },
        {
            "perf_metric_name": "multi_client_tasks_async",
            "perf_metric_type": "THROUGHPUT",
            "perf_metric_value": 33919.977922626276
        },
        {
            "perf_metric_name": "1_1_actor_calls_sync",
            "perf_metric_type": "THROUGHPUT",
            "perf_metric_value": 2509.3730848129885
        },
        {
            "perf_metric_name": "1_1_actor_calls_async",
            "perf_metric_type": "THROUGHPUT",
            "perf_metric_value": 8194.146466814414
        },
        {
            "perf_metric_name": "1_1_actor_calls_concurrent",
            "perf_metric_type": "THROUGHPUT",
            "perf_metric_value": 5139.971707657616
        },
        {
            "perf_metric_name": "1_n_actor_calls_async",
            "perf_metric_type": "THROUGHPUT",
            "perf_metric_value": 12765.110811113344
        },
        {
            "perf_metric_name": "n_n_actor_calls_async",
            "perf_metric_type": "THROUGHPUT",
            "perf_metric_value": 35910.925808415705
        },
        {
            "perf_metric_name": "n_n_actor_calls_with_arg_async",
            "perf_metric_type": "THROUGHPUT",
            "perf_metric_value": 3111.0029082914843
        },
        {
            "perf_metric_name": "1_1_async_actor_calls_sync",
            "perf_metric_type": "THROUGHPUT",
            "perf_metric_value": 1473.3189286996085
        },
        {
            "perf_metric_name": "1_1_async_actor_calls_async",
            "perf_metric_type": "THROUGHPUT",
            "perf_metric_value": 3129.126993445057
        },
        {
            "perf_metric_name": "1_1_async_actor_calls_with_args_async",
            "perf_metric_type": "THROUGHPUT",
            "perf_metric_value": 1872.4258363763167
        },
        {
            "perf_metric_name": "1_n_async_actor_calls_async",
            "perf_metric_type": "THROUGHPUT",
            "perf_metric_value": 10855.389012690128
        },
        {
            "perf_metric_name": "n_n_async_actor_calls_async",
            "perf_metric_type": "THROUGHPUT",
            "perf_metric_value": 28501.079104729495
        },
        {
            "perf_metric_name": "placement_group_create/removal",
            "perf_metric_type": "THROUGHPUT",
            "perf_metric_value": 974.981422456155
        },
        {
            "perf_metric_name": "client__get_calls",
            "perf_metric_type": "THROUGHPUT",
            "perf_metric_value": 1104.7018525960716
        },
        {
            "perf_metric_name": "client__put_calls",
            "perf_metric_type": "THROUGHPUT",
            "perf_metric_value": 875.5010097759758
        },
        {
            "perf_metric_name": "client__put_gigabytes",
            "perf_metric_type": "THROUGHPUT",
            "perf_metric_value": 0.11371929384736562
        },
        {
            "perf_metric_name": "client__tasks_and_put_batch",
            "perf_metric_type": "THROUGHPUT",
            "perf_metric_value": 11686.47507554071
        },
        {
            "perf_metric_name": "client__1_1_actor_calls_sync",
            "perf_metric_type": "THROUGHPUT",
            "perf_metric_value": 490.8207787588942
        },
        {
            "perf_metric_name": "client__1_1_actor_calls_async",
            "perf_metric_type": "THROUGHPUT",
            "perf_metric_value": 984.0493755334898
        },
        {
            "perf_metric_name": "client__1_1_actor_calls_concurrent",
            "perf_metric_type": "THROUGHPUT",
            "perf_metric_value": 984.2017914685316
        },
        {
            "perf_metric_name": "client__tasks_and_get_batch",
            "perf_metric_type": "THROUGHPUT",
            "perf_metric_value": 0.9834082023841304
        }
    ],
    "placement_group_create/removal": [
        974.981422456155,
        9.649233444684018
    ],