system,operation,num_nodes,nbytes,npartitions,duration
ray,sort,1,100,100,0.25353431701660156
ray,sort,1,1000000000,100,39.15038728713989
ray,sort,1,1000000000,100,15.414637088775635
