{
    "avg_iteration_time": 1.5866043829917909,
    "max_iteration_time": 4.5077362060546875,
    "min_iteration_time": 0.7765944004058838,
    "perf_metrics": [
        {
            "perf_metric_name": "avg_iteration_time",
            "perf_metric_type": "LATENCY",
            "perf_metric_value": 1.5866043829917909
        }
    ],
    "success": 1,
    "total_time": 158.66070675849915
}
