{
    "avg_iteration_time": 1.7737579917907715,
    "max_iteration_time": 7.492941617965698,
    "min_iteration_time": 0.14172768592834473,
    "perf_metrics": [
        {
            "perf_metric_name": "avg_iteration_time",
            "perf_metric_type": "LATENCY",
            "perf_metric_value": 1.7737579917907715
        }
    ],
    "success": 1,
    "total_time": 177.3761751651764
}
