{
    "1_1_actor_calls_async": [
        7696.54482601961,
        178.08425265202132
    ],
    "1_1_actor_calls_concurrent": [
        4598.670938618477,
        169.35022518395473
    ],
    "1_1_actor_calls_sync": [
        2303.1605342983503,
        17.346333342467705
    ],
    "1_1_async_actor_calls_async": [
        3161.2639114478566,
        120.62973762281194
    ],
    "1_1_async_actor_calls_sync": [
        1471.2286617702455,
        24.96081135241158
    ],
    "1_1_async_actor_calls_with_args_async": [
        2332.6387159909905,
        134.47824530687217
    ],
    "1_n_actor_calls_async": [
        9360.803502103265,
        119.36058708141996
    ],
    "1_n_async_actor_calls_async": [
        8271.416009416063,
        75.701291746045
    ],
    "client__1_1_actor_calls_async": [
        1053.0442301044923,
        11.47669752387812
    ],
    "client__1_1_actor_calls_concurrent": [
        1040.99657229968,
        7.7211074930218215
    ],
    "client__1_1_actor_calls_sync": [
        564.5765462438006,
        5.317702315846285
    ],
    "client__get_calls": [
        1237.8868774270222,
        19.483570102668907
    ],
    "client__put_calls": [
        868.5362194322609,
        27.742790042006956
    ],
    "client__put_gigabytes": [
        0.12937928916286368,
        0.0034836666696046736
    ],
    "client__tasks_and_get_batch": [
        0.9822717209888673,
        0.01077361308704312
    ],
    "client__tasks_and_put_batch": [
        11475.148825339242,
        223.4778919753187
    ],
    "multi_client_put_calls_Plasma_Store": [
        12788.286511215276,
        308.46668669363277
    ],
    "multi_client_put_gigabytes": [
        31.07867911026417,
        2.087889040237387
    ],
    "multi_client_tasks_async": [
        25935.554390623118,
        2899.5043740195506
    ],
    "n_n_actor_calls_async": [
        28510.050783675328,
        1036.8510092546844
    ],
    "n_n_actor_calls_with_arg_async": [
        2967.685662012421,
        11.512512520629128
    ],
    "n_n_async_actor_calls_async": [
        24484.174826322916,
        815.8471559203684
    ],
    "perf_metrics": [
        {
            "perf_metric_name": "single_client_get_calls_Plasma_Store",
            "perf_metric_type": "THROUGHPUT",
            "perf_metric_value": 7508.451856562651
        },
        {
            "perf_metric_name": "single_client_put_calls_Plasma_Store",
            "perf_metric_type": "THROUGHPUT",
            "perf_metric_value": 5632.668588928769
        },
        {
            "perf_metric_name": "multi_client_put_calls_Plasma_Store",
            "perf_metric_type": "THROUGHPUT",
            "perf_metric_value": 12788.286511215276
        },
        {
            "perf_metric_name": "single_client_put_gigabytes",
            "perf_metric_type": "THROUGHPUT",
            "perf_metric_value": 20.537853425002723
        },
        {
            "perf_metric_name": "single_client_tasks_and_get_batch",
            "perf_metric_type": "THROUGHPUT",
            "perf_metric_value": 9.086079282777337
        },
        {
            "perf_metric_name": "multi_client_put_gigabytes",
            "perf_metric_type": "THROUGHPUT",
            "perf_metric_value": 31.07867911026417
        },
        {
            "perf_metric_name": "single_client_get_object_containing_10k_refs",
            "perf_metric_type": "THROUGHPUT",
            "perf_metric_value": 13.228837029499449
        },
        {
            "perf_metric_name": "single_client_wait_1k_refs",
            "perf_metric_type": "THROUGHPUT",
            "perf_metric_value": 5.462989777344944
        },
        {
            "perf_metric_name": "single_client_tasks_sync",
            "perf_metric_type": "THROUGHPUT",
            "perf_metric_value": 1199.8831112257556
        },
        {
            "perf_metric_name": "single_client_tasks_async",
            "perf_metric_type": "THROUGHPUT",
            "perf_metric_value": 9607.186982064028
        },
        {
            "perf_metric_name": "multi_client_tasks_async",
            "perf_metric_type": "THROUGHPUT",
            "perf_metric_value": 25935.554390623118
        },
        {
            "perf_metric_name": "1_1_actor_calls_sync",
            "perf_metric_type": "THROUGHPUT",
            "perf_metric_value": 2303.1605342983503
        },
        {
            "perf_metric_name": "1_1_actor_calls_async",
            "perf_metric_type": "THROUGHPUT",
            "perf_metric_value": 7696.54482601961
        },
        {
            "perf_metric_name": "1_1_actor_calls_concurrent",
            "perf_metric_type": "THROUGHPUT",
            "perf_metric_value": 4598.670938618477
        },
        {
            "perf_metric_name": "1_n_actor_calls_async",
            "perf_metric_type": "THROUGHPUT",
            "perf_metric_value": 9360.803502103265
        },
        {
            "perf_metric_name": "n_n_actor_calls_async",
            "perf_metric_type": "THROUGHPUT",
            "perf_metric_value": 28510.050783675328
        },
        {
            "perf_metric_name": "n_n_actor_calls_with_arg_async",
            "perf_metric_type": "THROUGHPUT",
            "perf_metric_value": 2967.685662012421
        },
        {
            "perf_metric_name": "1_1_async_actor_calls_sync",
            "perf_metric_type": "THROUGHPUT",
            "perf_metric_value": 1471.2286617702455
        },
        {
            "perf_metric_name": "1_1_async_actor_calls_async",
            "perf_metric_type": "THROUGHPUT",
            "perf_metric_value": 3161.2639114478566
        },
        {
            "perf_metric_name": "1_1_async_actor_calls_with_args_async",
            "perf_metric_type": "THROUGHPUT",
            "perf_metric_value": 2332.6387159909905
        },
        {
            "perf_metric_name": "1_n_async_actor_calls_async",
            "perf_metric_type": "THROUGHPUT",
            "perf_metric_value": 8271.416009416063
        },
        {
            "perf_metric_name": "n_n_async_actor_calls_async",
            "perf_metric_type": "THROUGHPUT",
            "perf_metric_value": 24484.174826322916
        },
        {
            "perf_metric_name": "placement_group_create/removal",
            "perf_metric_type": "THROUGHPUT",
            "perf_metric_value": 984.858421977863
        },
        {
            "perf_metric_name": "client__get_calls",
            "perf_metric_type": "THROUGHPUT",
            "perf_metric_value": 1237.8868774270222
        },
        {
            "perf_metric_name": "client__put_calls",
            "perf_metric_type": "THROUGHPUT",
            "perf_metric_value": 868.5362194322609
        },
        {
            "perf_metric_name": "client__put_gigabytes",
            "perf_metric_type": "THROUGHPUT",
            "perf_metric_value": 0.12937928916286368
        },
        {
            "perf_metric_name": "client__tasks_and_put_batch",
            "perf_metric_type": "THROUGHPUT",
            "perf_metric_value": 11475.148825339242
        },
        {
            "perf_metric_name": "client__1_1_actor_calls_sync",
            "perf_metric_type": "THROUGHPUT",
            "perf_metric_value": 564.5765462438006
        },
        {
            "perf_metric_name": "client__1_1_actor_calls_async",
            "perf_metric_type": "THROUGHPUT",
            "perf_metric_value": 1053.0442301044923
        },
        {
            "perf_metric_name": "client__1_1_actor_calls_concurrent",
            "perf_metric_type": "THROUGHPUT",
            "perf_metric_value": 1040.99657229968
        },
        {
            "perf_metric_name": "client__tasks_and_get_batch",
            "perf_metric_type": "THROUGHPUT",
            "perf_metric_value": 0.9822717209888673
        }
    ],
    "placement_group_create/removal": [
        984.858421977863,
        4.449614648941105
    ],