{
    "1_1_actor_calls_async": [
        7392.382505877325,
        124.36140605582773
    ],
    "1_1_actor_calls_concurrent": [
        4753.912758971357,
        254.967496640243
    ],
    "1_1_actor_calls_sync": [
        2247.4937092440123,
        44.76655332747681
    ],
    "1_1_async_actor_calls_async": [
        2929.2017190660576,
        141.35894914159465
    ],
    "1_1_async_actor_calls_sync": [
        1469.264052303255,
        26.56493558990316
    ],
    "1_1_async_actor_calls_with_args_async": [
        2163.403947668562,
        55.627512713373825
    ],
    "1_n_actor_calls_async": [
        8869.51837285407,
        625.6313949854077
    ],
    "1_n_async_actor_calls_async": [
        8255.28161190285,
        232.0104066266986
    ],
    "client__1_1_actor_calls_async": [
        1028.839383358896,
        15.22241050024458
    ],
    "client__1_1_actor_calls_concurrent": [
        978.7677324282791,
        48.71929305026178
    ],
    "client__1_1_actor_calls_sync": [
        501.7198350460272,
        22.555695584579862
    ],
    "client__get_calls": [
        1260.2927313543564,
        8.369797512119254
    ],
    "client__put_calls": [
        827.6636203329824,
        30.976887480997696
    ],
    "client__put_gigabytes": [
        0.13117919950925,
        0.0014097793459706333
    ],
    "client__tasks_and_get_batch": [
        0.9317720482301839,
        0.04535870069390441
    ],
    "client__tasks_and_put_batch": [
        11351.922193872259,
        303.6803955494927
    ],
    "multi_client_put_calls_Plasma_Store": [
        12911.8277864477,
        317.0191664947267
    ],
    "multi_client_put_gigabytes": [
        30.354050606212375,
        3.161581560766179
    ],
    "multi_client_tasks_async": [
        25705.1703030958,
        1011.5716332975448
    ],
    "n_n_actor_calls_async": [
        29447.495631692484,
        824.4156511966445
    ],
    "n_n_actor_calls_with_arg_async": [
        3026.6872241733467,
        33.72652937454168
    ],
    "n_n_async_actor_calls_async": [
        24418.02409630373,
        647.7284247415386
    ],
    "perf_metrics": [
        {
            "perf_metric_name": "single_client_get_calls_Plasma_Store",
            "perf_metric_type": "THROUGHPUT",
            "perf_metric_value": 7826.128153411561
        },
        {
            "perf_metric_name": "single_client_put_calls_Plasma_Store",
            "perf_metric_type": "THROUGHPUT",
            "perf_metric_value": 5639.599660122037
        },
        {
            "perf_metric_name": "multi_client_put_calls_Plasma_Store",
            "perf_metric_type": "THROUGHPUT",
            "perf_metric_value": 12911.8277864477
        },
        {
            "perf_metric_name": "single_client_put_gigabytes",
            "perf_metric_type": "THROUGHPUT",
            "perf_metric_value": 20.685997238281562
        },
        {
            "perf_metric_name": "single_client_tasks_and_get_batch",
            "perf_metric_type": "THROUGHPUT",
            "perf_metric_value": 10.048194547234013
        },
        {
            "perf_metric_name": "multi_client_put_gigabytes",
            "perf_metric_type": "THROUGHPUT",
            "perf_metric_value": 30.354050606212375
        },
        {
            "perf_metric_name": "single_client_get_object_containing_10k_refs",
            "perf_metric_type": "THROUGHPUT",
            "perf_metric_value": 13.810261182479115
        },
        {
            "perf_metric_name": "single_client_wait_1k_refs",
            "perf_metric_type": "THROUGHPUT",
            "perf_metric_value": 5.604291867612143
        },
        {
            "perf_metric_name": "single_client_tasks_sync",
            "perf_metric_type": "THROUGHPUT",
            "perf_metric_value": 1224.7771019170784
        },
        {
            "perf_metric_name": "single_client_tasks_async",
            "perf_metric_type": "THROUGHPUT",
            "perf_metric_value": 9810.522775386338
        },
        {
            "perf_metric_name": "multi_client_tasks_async",
            "perf_metric_type": "THROUGHPUT",
            "perf_metric_value": 25705.1703030958
        },
        {
            "perf_metric_name": "1_1_actor_calls_sync",
            "perf_metric_type": "THROUGHPUT",
            "perf_metric_value": 2247.4937092440123
        },
        {
            "perf_metric_name": "1_1_actor_calls_async",
            "perf_metric_type": "THROUGHPUT",
            "perf_metric_value": 7392.382505877325
        },
        {
            "perf_metric_name": "1_1_actor_calls_concurrent",
            "perf_metric_type": "THROUGHPUT",
            "perf_metric_value": 4753.912758971357
        },
        {
            "perf_metric_name": "1_n_actor_calls_async",
            "perf_metric_type": "THROUGHPUT",
            "perf_metric_value": 8869.51837285407
        },
        {
            "perf_metric_name": "n_n_actor_calls_async",
            "perf_metric_type": "THROUGHPUT",
            "perf_metric_value": 29447.495631692484
        },
        {
            "perf_metric_name": "n_n_actor_calls_with_arg_async",
            "perf_metric_type": "THROUGHPUT",
            "perf_metric_value": 3026.6872241733467
        },
        {
            "perf_metric_name": "1_1_async_actor_calls_sync",
            "perf_metric_type": "THROUGHPUT",
            "perf_metric_value": 1469.264052303255
        },
        {
            "perf_metric_name": "1_1_async_actor_calls_async",
            "perf_metric_type": "THROUGHPUT",
            "perf_metric_value": 2929.2017190660576
        },
        {
            "perf_metric_name": "1_1_async_actor_calls_with_args_async",
            "perf_metric_type": "THROUGHPUT",
            "perf_metric_value": 2163.403947668562
        },
        {
            "perf_metric_name": "1_n_async_actor_calls_async",
            "perf_metric_type": "THROUGHPUT",
            "perf_metric_value": 8255.28161190285
        },
        {
            "perf_metric_name": "n_n_async_actor_calls_async",
            "perf_metric_type": "THROUGHPUT",
            "perf_metric_value": 24418.02409630373
        },
        {
            "perf_metric_name": "placement_group_create/removal",
            "perf_metric_type": "THROUGHPUT",
            "perf_metric_value": 990.6521199737878
        },
        {
            "perf_metric_name": "client__get_calls",
            "perf_metric_type": "THROUGHPUT",
            "perf_metric_value": 1260.2927313543564
        },
        {
            "perf_metric_name": "client__put_calls",
            "perf_metric_type": "THROUGHPUT",
            "perf_metric_value": 827.6636203329824
        },
        {
            "perf_metric_name": "client__put_gigabytes",
            "perf_metric_type": "THROUGHPUT",
            "perf_metric_value": 0.13117919950925
        },
        {
            "perf_metric_name": "client__tasks_and_put_batch",
            "perf_metric_type": "THROUGHPUT",
            "perf_metric_value": 11351.922193872259
        },
        {
            "perf_metric_name": "client__1_1_actor_calls_sync",
            "perf_metric_type": "THROUGHPUT",
            "perf_metric_value": 501.7198350460272
        },
        {
            "perf_metric_name": "client__1_1_actor_calls_async",
            "perf_metric_type": "THROUGHPUT",
            "perf_metric_value": 1028.839383358896
        },
        {
            "perf_metric_name": "client__1_1_actor_calls_concurrent",
            "perf_metric_type": "THROUGHPUT",
            "perf_metric_value": 978.7677324282791
        },
        {
            "perf_metric_name": "client__tasks_and_get_batch",
            "perf_metric_type": "THROUGHPUT",
            "perf_metric_value": 0.9317720482301839
        }
    ],
    "placement_group_create/removal": [
        990.6521199737878,
        9.416896634417263
    ],
    "single_client_get_calls_Plasma_Store": [
        7826.128153411561,
        392.0904017318042
    ],