{
    "1_1_actor_calls_async": [
        7127.879723065892,
        184.5053122875578
    ],
    "1_1_actor_calls_concurrent": [
        4411.655031271767,
        32.95069296520424
    ],
    "1_1_actor_calls_sync": [
        2176.3519388689724,
        28.813206676132854
    ],
    "1_1_async_actor_calls_async": [
        3249.993642449147,
        67.92585721427719
    ],
    "1_1_async_actor_calls_sync": [
        1448.640196465939,
        30.50771179208697
    ],
    "1_1_async_actor_calls_with_args_async": [
        2118.7892959418846,
        62.96981549282522
    ],
    "1_n_actor_calls_async": [
        9800.995484237814,
        266.5727023722977
    ],
    "1_n_async_actor_calls_async": [
        8166.318822443878,
        359.3000923840217
    ],
    "client__1_1_actor_calls_async": [
        939.4658556651513,
        64.41364075848169
    ],
    "client__1_1_actor_calls_concurrent": [
        868.1661626750067,
        26.382806070861232
    ],
    "client__1_1_actor_calls_sync": [
        554.9878260445523,
        4.606215229222218
    ],
    "client__get_calls": [
        1254.484282555801,
        29.655777389435027
    ],
    "client__put_calls": [
        810.9298682126814,
        25.008167441447352
    ],
    "client__put_gigabytes": [
        0.13003649172503143,
        0.0019347966272787662
    ],
    "client__tasks_and_get_batch": [
        0.9764971357237567,
        0.01824618852317654
    ],
    "client__tasks_and_put_batch": [
        11766.084294000313,
        172.19084203640517
    ],
    "multi_client_put_calls_Plasma_Store": [
        12790.886500498778,
        269.3390186130476
    ],
    "multi_client_put_gigabytes": [
        36.47570878461305,
        2.51966463434839
    ],
    "multi_client_tasks_async": [
        27311.034390113982,
        292.57169653924086
    ],
    "n_n_actor_calls_async": [
        27088.724228974872,
        1520.138464076553
    ],
    "n_n_actor_calls_with_arg_async": [
        2974.3575375983096,
        13.93441426779495
    ],
    "n_n_async_actor_calls_async": [
        23510.071149146344,
        1147.716377021617
    ],
    "perf_metrics": [
        {
            "perf_metric_name": "single_client_get_calls_Plasma_Store",
            "perf_metric_type": "THROUGHPUT",
            "perf_metric_value": 7865.465240118446
        },
        {
            "perf_metric_name": "single_client_put_calls_Plasma_Store",
            "perf_metric_type": "THROUGHPUT",
            "perf_metric_value": 5715.47419892146
        },
        {
            "perf_metric_name": "multi_client_put_calls_Plasma_Store",
            "perf_metric_type": "THROUGHPUT",
            "perf_metric_value": 12790.886500498778
        },
        {
            "perf_metric_name": "single_client_put_gigabytes",
            "perf_metric_type": "THROUGHPUT",
            "perf_metric_value": 19.576176926332298
        },
        {
            "perf_metric_name": "single_client_tasks_and_get_batch",
            "perf_metric_type": "THROUGHPUT",
            "perf_metric_value": 9.333147683820167
        },
        {
            "perf_metric_name": "multi_client_put_gigabytes",
            "perf_metric_type": "THROUGHPUT",
            "perf_metric_value": 36.47570878461305
        },
        {
            "perf_metric_name": "single_client_get_object_containing_10k_refs",
            "perf_metric_type": "THROUGHPUT",
            "perf_metric_value": 13.908733710709546
        },
        {
            "perf_metric_name": "single_client_wait_1k_refs",
            "perf_metric_type": "THROUGHPUT",
            "perf_metric_value": 5.432281070822073
        },
        {
            "perf_metric_name": "single_client_tasks_sync",
            "perf_metric_type": "THROUGHPUT",
            "perf_metric_value": 1185.9374263510088
        },
        {
            "perf_metric_name": "single_client_tasks_async",
            "perf_metric_type": "THROUGHPUT",
            "perf_metric_value": 9760.74194788131
        },
        {
            "perf_metric_name": "multi_client_tasks_async",
            "perf_metric_type": "THROUGHPUT",
            "perf_metric_value": 27311.034390113982
        },
        {
            "perf_metric_name": "1_1_actor_calls_sync",
            "perf_metric_type": "THROUGHPUT",
            "perf_metric_value": 2176.3519388689724
        },
        {
            "perf_metric_name": "1_1_actor_calls_async",
            "perf_metric_type": "THROUGHPUT",
            "perf_metric_value": 7127.879723065892
        },
        {
            "perf_metric_name": "1_1_actor_calls_concurrent",
            "perf_metric_type": "THROUGHPUT",
            "perf_metric_value": 4411.655031271767
        },
        {
            "perf_metric_name": "1_n_actor_calls_async",
            "perf_metric_type": "THROUGHPUT",
            "perf_metric_value": 9800.995484237814
        },
        {
            "perf_metric_name": "n_n_actor_calls_async",
            "perf_metric_type": "THROUGHPUT",
            "perf_metric_value": 27088.724228974872
        },
        {
            "perf_metric_name": "n_n_actor_calls_with_arg_async",
            "perf_metric_type": "THROUGHPUT",
            "perf_metric_value": 2974.3575375983096
        },
        {
            "perf_metric_name": "1_1_async_actor_calls_sync",
            "perf_metric_type": "THROUGHPUT",
            "perf_metric_value": 1448.640196465939
        },
        {
            "perf_metric_name": "1_1_async_actor_calls_async",
            "perf_metric_type": "THROUGHPUT",
            "perf_metric_value": 3249.993642449147
        },
        {
            "perf_metric_name": "1_1_async_actor_calls_with_args_async",
            "perf_metric_type": "THROUGHPUT",
            "perf_metric_value": 2118.7892959418846
        },
        {
            "perf_metric_name": "1_n_async_actor_calls_async",
            "perf_metric_type": "THROUGHPUT",
            "perf_metric_value": 8166.318822443878
        },
        {
            "perf_metric_name": "n_n_async_actor_calls_async",
            "perf_metric_type": "THROUGHPUT",
            "perf_metric_value": 23510.071149146344
        },
        {
            "perf_metric_name": "placement_group_create/removal",
            "perf_metric_type": "THROUGHPUT",
            "perf_metric_value": 926.429178856758
        },
        {
            "perf_metric_name": "client__get_calls",
            "perf_metric_type": "THROUGHPUT",
            "perf_metric_value": 1254.484282555801
        },
        {
            "perf_metric_name": "client__put_calls",
            "perf_metric_type": "THROUGHPUT",
            "perf_metric_value": 810.9298682126814
        },
        {
            "perf_metric_name": "client__put_gigabytes",
            "perf_metric_type": "THROUGHPUT",
            "perf_metric_value": 0.13003649172503143
        },
        {
            "perf_metric_name": "client__tasks_and_put_batch",
            "perf_metric_type": "THROUGHPUT",
            "perf_metric_value": 11766.084294000313
        },
        {
            "perf_metric_name": "client__1_1_actor_calls_sync",
            "perf_metric_type": "THROUGHPUT",
            "perf_metric_value": 554.9878260445523
        },
        {
            "perf_metric_name": "client__1_1_actor_calls_async",
            "perf_metric_type": "THROUGHPUT",
            "perf_metric_value": 939.4658556651513
        },
        {
            "perf_metric_name": "client__1_1_actor_calls_concurrent",
            "perf_metric_type": "THROUGHPUT",
            "perf_metric_value": 868.1661626750067
        },
        {
            "perf_metric_name": "client__tasks_and_get_batch",
            "perf_metric_type": "THROUGHPUT",
            "perf_metric_value": 0.9764971357237567
        }
    ],
    "placement_group_create/removal": [
        926.429178856758,
        7.719866977485291
    ],
    "single_client_get_calls_Plasma_Store": [
        7865.465240118446,
        121.87243806974149
    ],