{
    "1_1_actor_calls_async": [
        7475.84026347719,
        55.57305619530785
    ],
    "1_1_actor_calls_concurrent": [
        4937.4148175971695,
        178.81369655862056
    ],
    "1_1_actor_calls_sync": [
        2352.953384527039,
        24.44634500011248
    ],
    "1_1_async_actor_calls_async": [
        3442.189389117701,
        97.24550611018257
    ],
    "1_1_async_actor_calls_sync": [
        1504.1773978303604,
        25.97005276218808
    ],
    "1_1_async_actor_calls_with_args_async": [
        2260.7083708819155,
        47.40839414805648
    ],
    "1_n_actor_calls_async": [
        9459.166339745669,
        214.87833153958474
    ],
    "1_n_async_actor_calls_async": [
        8682.289616305225,
        171.32589780229407
    ],
    "client__1_1_actor_calls_async": [
        1051.0353250849994,
        13.694163712391534
    ],
    "client__1_1_actor_calls_concurrent": [
        1053.8951226772333,
        7.725853046918603
    ],
    "client__1_1_actor_calls_sync": [
        564.6602118150308,
        2.573927186370963
    ],
    "client__get_calls": [
        1240.2046930357071,
        32.416951985344426
    ],
    "client__put_calls": [
        900.3996332529894,
        29.446281805762496
    ],
    "client__put_gigabytes": [
        0.12193333038806775,
        0.0016221555637241938
    ],
    "client__tasks_and_get_batch": [
        0.9860798978863183,
        0.021486094410295205
    ],
    "client__tasks_and_put_batch": [
        12017.68049310149,
        275.66442378348364
    ],
    "multi_client_put_calls_Plasma_Store": [
        13498.952183332714,
        318.9581170044982
    ],
    "multi_client_put_gigabytes": [
        32.938469438463315,
        2.024990646298412
    ],
    "multi_client_tasks_async": [
        27251.785365248128,
        1732.0071318365603
    ],
    "n_n_actor_calls_async": [
        29964.847599583263,
        926.803005141007
    ],
    "n_n_actor_calls_with_arg_async": [
        3065.5312407145875,
        26.918064952405537
    ],
    "n_n_async_actor_calls_async": [
        24986.583835157122,
        1502.3800355627757
    ],
    "perf_metrics": [
        {
            "perf_metric_name": "single_client_get_calls_Plasma_Store",
            "perf_metric_type": "THROUGHPUT",
            "perf_metric_value": 6464.1729246449195
        },
        {
            "perf_metric_name": "single_client_put_calls_Plasma_Store",
            "perf_metric_type": "THROUGHPUT",
            "perf_metric_value": 5813.449193922757
        },
        {
            "perf_metric_name": "multi_client_put_calls_Plasma_Store",
            "perf_metric_type": "THROUGHPUT",
            "perf_metric_value": 13498.952183332714
        },
        {
            "perf_metric_name": "single_client_put_gigabytes",
            "perf_metric_type": "THROUGHPUT",
            "perf_metric_value": 20.6361272932057
        },
        {
            "perf_metric_name": "single_client_tasks_and_get_batch",
            "perf_metric_type": "THROUGHPUT",
            "perf_metric_value": 10.21032130955293
        },
        {
            "perf_metric_name": "multi_client_put_gigabytes",
            "perf_metric_type": "THROUGHPUT",
            "perf_metric_value": 32.938469438463315
        },
        {
            "perf_metric_name": "single_client_get_object_containing_10k_refs",
            "perf_metric_type": "THROUGHPUT",
            "perf_metric_value": 14.336961568864515
        },
        {
            "perf_metric_name": "single_client_wait_1k_refs",
            "perf_metric_type": "THROUGHPUT",
            "perf_metric_value": 5.506660769810904
        },
        {
            "perf_metric_name": "single_client_tasks_sync",
            "perf_metric_type": "THROUGHPUT",
            "perf_metric_value": 1255.3450923922126
        },
        {
            "perf_metric_name": "single_client_tasks_async",
            "perf_metric_type": "THROUGHPUT",
            "perf_metric_value": 10050.285877507557
        },
        {
            "perf_metric_name": "multi_client_tasks_async",
            "perf_metric_type": "THROUGHPUT",
            "perf_metric_value": 27251.785365248128
        },
        {
            "perf_metric_name": "1_1_actor_calls_sync",
            "perf_metric_type": "THROUGHPUT",
            "perf_metric_value": 2352.953384527039
        },
        {
            "perf_metric_name": "1_1_actor_calls_async",
            "perf_metric_type": "THROUGHPUT",
            "perf_metric_value": 7475.84026347719
        },
        {
            "perf_metric_name": "1_1_actor_calls_concurrent",
            "perf_metric_type": "THROUGHPUT",
            "perf_metric_value": 4937.4148175971695
        },
        {
            "perf_metric_name": "1_n_actor_calls_async",
            "perf_metric_type": "THROUGHPUT",
            "perf_metric_value": 9459.166339745669
        },
        {
            "perf_metric_name": "n_n_actor_calls_async",
            "perf_metric_type": "THROUGHPUT",
            "perf_metric_value": 29964.847599583263
        },
        {
            "perf_metric_name": "n_n_actor_calls_with_arg_async",
            "perf_metric_type": "THROUGHPUT",
            "perf_metric_value": 3065.5312407145875
        },
        {
            "perf_metric_name": "1_1_async_actor_calls_sync",
            "perf_metric_type": "THROUGHPUT",
            "perf_metric_value": 1504.1773978303604
        },
        {
            "perf_metric_name": "1_1_async_actor_calls_async",
            "perf_metric_type": "THROUGHPUT",
            "perf_metric_value": 3442.189389117701
        },
        {
            "perf_metric_name": "1_1_async_actor_calls_with_args_async",
            "perf_metric_type": "THROUGHPUT",
            "perf_metric_value": 2260.7083708819155
        },
        {
            "perf_metric_name": "1_n_async_actor_calls_async",
            "perf_metric_type": "THROUGHPUT",
            "perf_metric_value": 8682.289616305225
        },
        {
            "perf_metric_name": "n_n_async_actor_calls_async",
            "perf_metric_type": "THROUGHPUT",
            "perf_metric_value": 24986.583835157122
        },
        {
            "perf_metric_name": "placement_group_create/removal",
            "perf_metric_type": "THROUGHPUT",
            "perf_metric_value": 1015.5568685039078
        },
        {
            "perf_metric_name": "client__get_calls",
            "perf_metric_type": "THROUGHPUT",
            "perf_metric_value": 1240.2046930357071
        },
        {
            "perf_metric_name": "client__put_calls",
            "perf_metric_type": "THROUGHPUT",
            "perf_metric_value": 900.3996332529894
        },
        {
            "perf_metric_name": "client__put_gigabytes",
            "perf_metric_type": "THROUGHPUT",
            "perf_metric_value": 0.12193333038806775
        },
        {
            "perf_metric_name": "client__tasks_and_put_batch",
            "perf_metric_type": "THROUGHPUT",
            "perf_metric_value": 12017.68049310149
        },
        {
            "perf_metric_name": "client__1_1_actor_calls_sync",
            "perf_metric_type": "THROUGHPUT",
            "perf_metric_value": 564.6602118150308
        },
        {
            "perf_metric_name": "client__1_1_actor_calls_async",
            "perf_metric_type": "THROUGHPUT",
            "perf_metric_value": 1051.0353250849994
        },
        {
            "perf_metric_name": "client__1_1_actor_calls_concurrent",
            "perf_metric_type": "THROUGHPUT",
            "perf_metric_value": 1053.8951226772333
        },
        {
            "perf_metric_name": "client__tasks_and_get_batch",
            "perf_metric_type": "THROUGHPUT",
            "perf_metric_value": 0.9860798978863183
        }
    ],
    "placement_group_create/removal": [
        1015.5568685039078,
        9.817140373647794
    ],