{
  "single_client_get_calls": [
    23130.60724353974,
    1086.1927884495717
  ],
  "single_client_put_calls": [
    42792.87313414512,
    1057.3240567720234
  ],
  "multi_client_put_calls": [
    183588.07397174023,
    5756.049623182623
  ],
  "single_client_get_calls_Plasma_Store": [
    6260.473830296821,
    204.8016143888248
  ],
  "single_client_put_calls_Plasma_Store": [
    5672.418691644767,
    141.2977278594531
  ],
  "multi_client_put_calls_Plasma_Store": [
    8406.206842494787,
    80.30900011771541
  ],
  "single_client_put_gigabytes": [
    20.157152183109993,
    5.586572154305437
  ],
  "single_client_tasks_and_get_batch": [
    13.542372731439581,
    0.12030113016836556
  ],
  "multi_client_put_gigabytes": [
    36.40923679169357,
    1.6728524980923087
  ],
  "single_client_get_object_containing_10k_refs": [
    10.796905049262314,
    0.5745007031089594
  ],
  "single_client_tasks_sync": [
    1572.6407652502123,
    21.4148068105246
  ],
  "single_client_tasks_async": [
    13161.211410778442,
    162.95219634321305
  ],
  "multi_client_tasks_async": [
    39387.351966627146,
    2247.990971304353
  ],
  "1_1_actor_calls_sync": [
    2703.630700349551,
    45.70490017668168
  ],
  "1_1_actor_calls_async": [
    6106.740609146194,
    292.15153482966383
  ],
  "1_1_actor_calls_concurrent": [
    5057.101733015143,
    191.78461544560244
  ],
  "1_n_actor_calls_async": [
    10247.98729565172,
    249.99382370036437
  ],
  "n_n_actor_calls_async": [
    31276.893328180755,
    565.6071593289363
  ],
  "n_n_actor_calls_with_arg_async": [
    3128.1947816546713,
    60.64714830808443
  ],
  "1_1_async_actor_calls_sync": [
    1722.6214195306216,
    27.842870366756976
  ],
  "1_1_async_actor_calls_async": [
    3920.799054595932,
    62.37274177622433
  ],
  "1_1_async_actor_calls_with_args_async": [
    2491.9454042500956,
    205.98553575811357
  ],
  "1_n_async_actor_calls_async": [
    9290.321128975325,
    47.98845499333103
  ],
  "n_n_async_actor_calls_async": [
    26580.34873984953,
    230.66263907306887
  ],
  "placement_group_create/removal": [
    1278.84757334273,
    25.021185985167673
  ],
  "client__get_calls": [
    1774.732773263799,
    25.112623944786634
  ],
  "client__put_calls": [
    998.1943496562475,
    5.920745828244251
  ],
  "client__put_gigabytes": [
    0.13380795940082704,
    0.004098211909987964
  ],
  "client__tasks_and_put_batch": [
    67175.71679865239,
    670.7567530486745
  ],
  "client__1_1_actor_calls_sync": [
    494.7469620999635,
    10.287276921613612
  ],
  "client__1_1_actor_calls_async": [
    735.5259089911594,
    17.45537737765438
  ],
  "client__1_1_actor_calls_concurrent": [
    734.3783359983848,
    27.00352096440542
  ],
  "client__tasks_and_get_batch": [
    0.7251507425786179,
    0.025916408709404426
  ],
  "_runtime": 645.3948805332184,
  "_session_url": "https://beta.anyscale.com/o/anyscale-internal/projects/prj_2xR6uT6t7jJuu1aCwWMsle/clusters/ses_AGvYP1xZBPmfPfL3XdfANEH3",
  "_commit_url": "https://s3-us-west-2.amazonaws.com/ray-wheels/releases/1.10.0/1583379dce891e96e9721bb958e80d485753aed7/ray-1.10.0-cp37-cp37m-manylinux2014_x86_64.whl",
  "_stable": true
}