{
  "single_client_get_calls": [
    25203.81371057132,
    71.97027443825151
  ],
  "single_client_put_calls": [
    40424.71300165744,
    769.8612265832704
  ],
  "multi_client_put_calls": [
    196614.5464755601,
    3773.4455160048406
  ],
  "single_client_get_calls_Plasma_Store": [
    6716.096258632824,
    54.14967057163966
  ],
  "single_client_put_calls_Plasma_Store": [
    5981.872999594482,
    17.907031371520198
  ],
  "multi_client_put_calls_Plasma_Store": [
    9156.616682791126,
    60.49310335568006
  ],
  "single_client_put_gigabytes": [
    19.641359357451915,
    3.9020721043432514
  ],
  "single_client_tasks_and_get_batch": [
    13.372574862650444,
    0.7772452358192388
  ],
  "multi_client_put_gigabytes": [
    33.61223669795078,
    0.7565469481535723
  ],
  "single_client_get_object_containing_10k_refs": [
    13.13616367025677,
    0.45217264644008065
  ],
  "single_client_tasks_sync": [
    1629.699231630133,
    41.849694290554375
  ],
  "single_client_tasks_async": [
    13789.730378881195,
    282.41566375924594
  ],
  "multi_client_tasks_async": [
    39542.99358487527,
    2001.0134984307556
  ],
  "1_1_actor_calls_sync": [
    2270.2924401387186,
    90.47951919525377
  ],
  "1_1_actor_calls_async": [
    5828.931653203926,
    111.97856393055922
  ],
  "1_1_actor_calls_concurrent": [
    5086.879729529199,
    103.03573574582994
  ],
  "1_n_actor_calls_async": [
    10403.857830375695,
    367.2222539447046
  ],
  "n_n_actor_calls_async": [
    31721.63670759729,
    3701.1288760278585
  ],
  "n_n_actor_calls_with_arg_async": [
    3432.504623923342,
    72.79142146169423
  ],
  "1_1_async_actor_calls_sync": [
    1829.3659266882905,
    21.232930739559567
  ],
  "1_1_async_actor_calls_async": [
    3483.566154911091,
    47.27598459877174
  ],
  "1_1_async_actor_calls_with_args_async": [
    2301.3699572843625,
    101.83874163809172
  ],
  "1_n_async_actor_calls_async": [
    9826.929786829809,
    65.85259891730983
  ],
  "n_n_async_actor_calls_async": [
    27640.27609955467,
    448.11036970582546
  ],
  "placement_group_create/removal": [
    1305.5698260734716,
    16.308098739210713
  ],
  "client__get_calls": [
    1909.3176075893814,
    7.403536662077342
  ],
  "client__put_calls": [
    994.8400482377043,
    31.8536643345493
  ],
  "client__put_gigabytes": [
    0.13436744732876207,
    0.005144867681704992
  ],
  "client__tasks_and_put_batch": [
    68525.73356166328,
    1658.7696422274719
  ],
  "client__1_1_actor_calls_sync": [
    550.637999184288,
    7.103813769046801
  ],
  "client__1_1_actor_calls_async": [
    805.746865739706,
    40.30288448883834
  ],
  "client__1_1_actor_calls_concurrent": [
    841.2800404064773,
    3.9021670351500997
  ],
  "client__tasks_and_get_batch": [
    0.7946660334202374,
    0.009519199526277096
  ],
  "_runtime": 615.8608529567719,
  "_session_url": "https://beta.anyscale.com/o/anyscale-internal/projects/prj_2xR6uT6t7jJuu1aCwWMsle/clusters/ses_NJB33XN2wnTbJ334chcbAA4Y",
  "_commit_url": "https://s3-us-west-2.amazonaws.com/ray-wheels/releases/1.10.0rc0/555bd2d453abbb301f85b0b46ce4a15ac38ca940/ray-1.10.0rc0-cp37-cp37m-manylinux2014_x86_64.whl",
  "_stable": true
}
