{
    "avg_iteration_time": 1.5535523080825806,
    "max_iteration_time": 4.397601842880249,
    "min_iteration_time": 0.17409896850585938,
    "perf_metrics": [
        {
            "perf_metric_name": "avg_iteration_time",
            "perf_metric_type": "LATENCY",
            "perf_metric_value": 1.5535523080825806
        }
    ],
    "success": 1,
    "total_time": 155.3554835319519
}
