{
    "avg_iteration_time": 0.8959456539154053,
    "max_iteration_time": 2.6714906692504883,
    "min_iteration_time": 0.39049792289733887,
    "perf_metrics": [
        {
            "perf_metric_name": "avg_iteration_time",
            "perf_metric_type": "LATENCY",
            "perf_metric_value": 0.8959456539154053
        }
    ],
    "total_time": 89.5946934223175
}
