{
    "avg_iteration_time": 1.2696449542045594,
    "max_iteration_time": 4.179541110992432,
    "min_iteration_time": 0.034151315689086914,
    "perf_metrics": [
        {
            "perf_metric_name": "avg_iteration_time",
            "perf_metric_type": "LATENCY",
            "perf_metric_value": 1.2696449542045594
        }
    ],
    "success": 1,
    "total_time": 126.96463394165039
}
