{
    "avg_iteration_time": 1.1225671076774597,
    "max_iteration_time": 28.76371121406555,
    "min_iteration_time": 0.046108245849609375,
    "perf_metrics": [
        {
            "perf_metric_name": "avg_iteration_time",
            "perf_metric_type": "LATENCY",
            "perf_metric_value": 1.1225671076774597
        }
    ],
    "total_time": 112.2568371295929
}
