{
    "avg_iteration_time": 1.45254629611969,
    "max_iteration_time": 5.837781667709351,
    "min_iteration_time": 0.07228946685791016,
    "perf_metrics": [
        {
            "perf_metric_name": "avg_iteration_time",
            "perf_metric_type": "LATENCY",
            "perf_metric_value": 1.45254629611969
        }
    ],
    "total_time": 145.25475406646729
}
