{
    "avg_iteration_time": 1.059164800643921,
    "max_iteration_time": 2.521545171737671,
    "min_iteration_time": 0.4514594078063965,
    "perf_metrics": [
        {
            "perf_metric_name": "avg_iteration_time",
            "perf_metric_type": "LATENCY",
            "perf_metric_value": 1.059164800643921
        }
    ],
    "success": 1,
    "total_time": 105.91673135757446
}
