{
    "avg_iteration_time": 1.0871897959709167,
    "max_iteration_time": 2.8652021884918213,
    "min_iteration_time": 0.13084864616394043,
    "perf_metrics": [
        {
            "perf_metric_name": "avg_iteration_time",
            "perf_metric_type": "LATENCY",
            "perf_metric_value": 1.0871897959709167
        }
    ],
    "success": 1,
    "total_time": 108.71918201446533
}
