{
    "avg_iteration_time": 0.9740754842758179,
    "max_iteration_time": 2.2291815280914307,
    "min_iteration_time": 0.36443448066711426,
    "perf_metrics": [
        {
            "perf_metric_name": "avg_iteration_time",
            "perf_metric_type": "LATENCY",
            "perf_metric_value": 0.9740754842758179
        }
    ],
    "success": 1,
    "total_time": 97.40779948234558
}
