{
    "avg_iteration_time": 1.2808940172195435,
    "max_iteration_time": 4.63950514793396,
    "min_iteration_time": 0.04738187789916992,
    "perf_metrics": [
        {
            "perf_metric_name": "avg_iteration_time",
            "perf_metric_type": "LATENCY",
            "perf_metric_value": 1.2808940172195435
        }
    ],
    "success": 1,
    "total_time": 128.08953142166138
}
