{
    "avg_iteration_time": 1.012664566040039,
    "max_iteration_time": 2.325312614440918,
    "min_iteration_time": 0.1943213939666748,
    "perf_metrics": [
        {
            "perf_metric_name": "avg_iteration_time",
            "perf_metric_type": "LATENCY",
            "perf_metric_value": 1.012664566040039
        }
    ],
    "success": 1,
    "total_time": 101.26667356491089
}
