{
    "avg_iteration_time": 1.1202176332473754,
    "max_iteration_time": 2.7064244747161865,
    "min_iteration_time": 0.12006998062133789,
    "perf_metrics": [
        {
            "perf_metric_name": "avg_iteration_time",
            "perf_metric_type": "LATENCY",
            "perf_metric_value": 1.1202176332473754
        }
    ],
    "success": 1,
    "total_time": 112.02198362350464
}
