{
    "avg_iteration_time": 0.6807765531539917,
    "max_iteration_time": 2.8090779781341553,
    "min_iteration_time": 0.15198683738708496,
    "perf_metrics": [
        {
            "perf_metric_name": "avg_iteration_time",
            "perf_metric_type": "LATENCY",
            "perf_metric_value": 0.6807765531539917
        }
    ],
    "success": 1,
    "total_time": 68.07778573036194
}
