{
    "avg_iteration_time": 1.1950538015365602,
    "max_iteration_time": 3.303210973739624,
    "min_iteration_time": 0.09052538871765137,
    "perf_metrics": [
        {
            "perf_metric_name": "avg_iteration_time",
            "perf_metric_type": "LATENCY",
            "perf_metric_value": 1.1950538015365602
        }
    ],
    "success": 1,
    "total_time": 119.50550389289856
}
