{
    "avg_iteration_time": 1.1919621157646179,
    "max_iteration_time": 3.34515118598938,
    "min_iteration_time": 0.6364881992340088,
    "perf_metrics": [
        {
            "perf_metric_name": "avg_iteration_time",
            "perf_metric_type": "LATENCY",
            "perf_metric_value": 1.1919621157646179
        }
    ],
    "success": 1,
    "total_time": 119.196359872818
}
