{
    "avg_iteration_time": 1.1855878162384033,
    "max_iteration_time": 4.6709630489349365,
    "min_iteration_time": 0.048221588134765625,
    "perf_metrics": [
        {
            "perf_metric_name": "avg_iteration_time",
            "perf_metric_type": "LATENCY",
            "perf_metric_value": 1.1855878162384033
        }
    ],
    "success": 1,
    "total_time": 118.5589005947113
}
