{
    "avg_iteration_time": 1.1924733638763427,
    "max_iteration_time": 5.366504430770874,
    "min_iteration_time": 0.05286550521850586,
    "perf_metrics": [
        {
            "perf_metric_name": "avg_iteration_time",
            "perf_metric_type": "LATENCY",
            "perf_metric_value": 1.1924733638763427
        }
    ],
    "success": 1,
    "total_time": 119.24746370315552
}
