{
    "avg_iteration_time": 1.0421651029586791,
    "max_iteration_time": 4.056146621704102,
    "min_iteration_time": 0.13677406311035156,
    "perf_metrics": [
        {
            "perf_metric_name": "avg_iteration_time",
            "perf_metric_type": "LATENCY",
            "perf_metric_value": 1.0421651029586791
        }
    ],
    "success": 1,
    "total_time": 104.2167329788208
}
