{
    "avg_iteration_time": 1.0812901997566222,
    "max_iteration_time": 3.0475189685821533,
    "min_iteration_time": 0.5083305835723877,
    "perf_metrics": [
        {
            "perf_metric_name": "avg_iteration_time",
            "perf_metric_type": "LATENCY",
            "perf_metric_value": 1.0812901997566222
        }
    ],
    "success": 1,
    "total_time": 108.12925601005554
}
