{
    "avg_iteration_time": 1.407882914543152,
    "max_iteration_time": 4.7705652713775635,
    "min_iteration_time": 0.14782309532165527,
    "perf_metrics": [
        {
            "perf_metric_name": "avg_iteration_time",
            "perf_metric_type": "LATENCY",
            "perf_metric_value": 1.407882914543152
        }
    ],
    "total_time": 140.7884156703949
}
