{
    "avg_iteration_time": 1.0770559978485108,
    "max_iteration_time": 3.1346068382263184,
    "min_iteration_time": 0.4668869972229004,
    "perf_metrics": [
        {
            "perf_metric_name": "avg_iteration_time",
            "perf_metric_type": "LATENCY",
            "perf_metric_value": 1.0770559978485108
        }
    ],
    "success": 1,
    "total_time": 107.70581555366516
}
