{
    "avg_iteration_time": 1.2191412186622619,
    "max_iteration_time": 3.4471161365509033,
    "min_iteration_time": 0.0545649528503418,
    "perf_metrics": [
        {
            "perf_metric_name": "avg_iteration_time",
            "perf_metric_type": "LATENCY",
            "perf_metric_value": 1.2191412186622619
        }
    ],
    "success": 1,
    "total_time": 121.91424870491028
}
