{
    "avg_iteration_time": 1.0785841965675353,
    "max_iteration_time": 3.5641191005706787,
    "min_iteration_time": 0.05080008506774902,
    "perf_metrics": [
        {
            "perf_metric_name": "avg_iteration_time",
            "perf_metric_type": "LATENCY",
            "perf_metric_value": 1.0785841965675353
        }
    ],
    "success": 1,
    "total_time": 107.858571767807
}
