{
    "avg_iteration_time": 1.0422629594802857,
    "max_iteration_time": 2.5716567039489746,
    "min_iteration_time": 0.11588501930236816,
    "perf_metrics": [
        {
            "perf_metric_name": "avg_iteration_time",
            "perf_metric_type": "LATENCY",
            "perf_metric_value": 1.0422629594802857
        }
    ],
    "success": 1,
    "total_time": 104.22651696205139
}
