{
    "avg_iteration_time": 0.7432218527793885,
    "max_iteration_time": 3.088859796524048,
    "min_iteration_time": 0.06358766555786133,
    "perf_metrics": [
        {
            "perf_metric_name": "avg_iteration_time",
            "perf_metric_type": "LATENCY",
            "perf_metric_value": 0.7432218527793885
        }
    ],
    "success": 1,
    "total_time": 74.32231259346008
}
