{
    "avg_iteration_time": 0.982008113861084,
    "max_iteration_time": 2.3912973403930664,
    "min_iteration_time": 0.48903322219848633,
    "perf_metrics": [
        {
            "perf_metric_name": "avg_iteration_time",
            "perf_metric_type": "LATENCY",
            "perf_metric_value": 0.982008113861084
        }
    ],
    "success": 1,
    "total_time": 98.20105314254761
}
