{
    "avg_iteration_time": 1.0091288590431213,
    "max_iteration_time": 4.532180547714233,
    "min_iteration_time": 0.08194804191589355,
    "perf_metrics": [
        {
            "perf_metric_name": "avg_iteration_time",
            "perf_metric_type": "LATENCY",
            "perf_metric_value": 1.0091288590431213
        }
    ],
    "total_time": 100.91300749778748
}
