{
   "single_client_get_calls":[
      30940.134096399626,
      317.0832533971391
   ],
   "single_client_put_calls":[
      48943.191804559654,
      219.49873322500986
   ],
   "multi_client_put_calls":[
      196309.52527610504,
      3737.9627941064145
   ],
   "single_client_get_calls_Plasma_Store":[
      6846.037019609748,
      22.8467171817285
   ],
   "single_client_put_calls_Plasma_Store":[
      6460.924069006876,
      80.8868946635643
   ],
   "multi_client_put_calls_Plasma_Store":[
      10041.514280594329,
      156.65023333195015
   ],
   "single_client_put_gigabytes":[
      19.409071238092803,
      5.346465780702707
   ],
   "single_client_tasks_and_get_batch":[
      14.009166496750346,
      0.21491106195168685
   ],
   "multi_client_put_gigabytes":[
      35.23946199953088,
      0.7596648393204519
   ],
   "single_client_get_object_containing_10k_refs":[
      13.444237954966656,
      0.23494256884483813
   ],
   "single_client_tasks_sync":[
      1635.8932418252052,
      27.31879448903416
   ],
   "single_client_tasks_async":[
      13818.97086807901,
      296.5632852961327
   ],
   "multi_client_tasks_async":[
      39833.383674172335,
      2733.4624633691615
   ],
   "1_1_actor_calls_sync":[
      2642.40420304774,
      41.91740557372103
   ],
   "1_1_actor_calls_async":[
      6926.955725014122,
      41.74140409894753
   ],
   "1_1_actor_calls_concurrent":[
      5676.325754099567,
      151.98507185863667
   ],
   "1_n_actor_calls_async":[
      14243.648501790683,
      308.2488257960866
   ],
   "n_n_actor_calls_async":[
      44238.1477273468,
      3957.0334984514498
   ],
   "n_n_actor_calls_with_arg_async":[
      3338.0491560395135,
      20.518610734699735
   ],
   "1_1_async_actor_calls_sync":[
      1960.6729229123905,
      19.399824989325484
   ],
   "1_1_async_actor_calls_async":[
      4015.4271724213463,
      325.935225727618
   ],
   "1_1_async_actor_calls_with_args_async":[
      2844.8051074858054,
      170.12415992293433
   ],
   "1_n_async_actor_calls_async":[
      15039.391685457813,
      680.5919632322198
   ],
   "n_n_async_actor_calls_async":[
      39514.27962589182,
      1501.8795564889163
   ],
   "client__get_calls":[
      1975.254953927033,
      8.735788531735636
   ],
   "client__put_calls":[
      1098.0277773219968,
      7.155561544388648
   ],
   "client__put_gigabytes":[
      0.13727111000071365,
      0.0026377327384535312
   ],
   "client__tasks_and_put_batch":[
      69321.64862718538,
      1767.6000938242169
   ],
   "client__1_1_actor_calls_sync":[
      564.4912609733829,
      30.465268060749132
   ],
   "client__1_1_actor_calls_async":[
      943.8060173510352,
      17.7532101628873
   ],
   "client__1_1_actor_calls_concurrent":[
      949.6015148062681,
      12.69568974417014
   ],
   "client__tasks_and_get_batch":[
      0.8703009855123071,
      0.013280271782555824
   ],
   "_runtime":533.6895747184753,
   "_session_url":"https://beta.anyscale.com/o/anyscale-internal/projects/prj_2xR6uT6t7jJuu1aCwWMsle/clusters/ses_DFQpftV7rrj7THGByj5N9ELj",
   "_commit_url":"https://s3-us-west-2.amazonaws.com/ray-wheels/releases/1.8.0/d28be7e0c555808b38a5ce2da8d6c48d5162ce12/ray-1.8.0-cp37-cp37m-manylinux2014_x86_64.whl",
   "_stable":true
}
