{
    "1_1_actor_calls_async": [
        6296.41591581481,
        118.62677664079102
    ],
    "1_1_actor_calls_concurrent": [
        4942.147400565561,
        123.72527886113288
    ],
    "1_1_actor_calls_sync": [
        2377.92698915179,
        26.113527497640664
    ],
    "1_1_async_actor_calls_async": [
        3929.321119632491,
        113.39386298485498
    ],
    "1_1_async_actor_calls_sync": [
        1743.9193785832244,
        25.60977717624477
    ],
    "1_1_async_actor_calls_with_args_async": [
        2083.315850438323,
        11.323004212775327
    ],
    "1_n_actor_calls_async": [
        11739.33781919065,
        226.3021131244952
    ],
    "1_n_async_actor_calls_async": [
        11591.02700491697,
        104.11316430960494
    ],
    "client__1_1_actor_calls_async": [
        904.7016394616998,
        42.05846180618155
    ],
    "client__1_1_actor_calls_concurrent": [
        951.249119618913,
        13.399734201775866
    ],
    "client__1_1_actor_calls_sync": [
        552.7944357247659,
        4.208751609263586
    ],
    "client__get_calls": [
        1084.7439077540148,
        28.392376141638366
    ],
    "client__put_calls": [
        858.1607081238519,
        14.404499522004647
    ],
    "client__put_gigabytes": [
        0.04634718446885472,
        0.0003775337786551496
    ],
    "client__tasks_and_get_batch": [
        0.8675587347381328,
        0.04606049103718312
    ],
    "client__tasks_and_put_batch": [
        9382.512234364658,
        124.0861426968127
    ],
    "multi_client_put_calls_Plasma_Store": [
        10013.289067578196,
        63.799974622231716
    ],
    "multi_client_put_gigabytes": [
        37.85401641206923,
        1.8460257145167296
    ],
    "multi_client_tasks_async": [
        38562.47710961393,
        851.5458693822858
    ],
    "n_n_actor_calls_async": [
        35211.19850252589,
        743.7958415957506
    ],
    "n_n_actor_calls_with_arg_async": [
        2811.876053513264,
        66.46596044823883
    ],
    "n_n_async_actor_calls_async": [
        30188.87953945985,
        698.6307606484061
    ],
    "perf_metrics": [
        {
            "perf_metric_name": "single_client_get_calls_Plasma_Store",
            "perf_metric_type": "THROUGHPUT",
            "perf_metric_value": 5823.056278117403
        },
        {
            "perf_metric_name": "single_client_put_calls_Plasma_Store",
            "perf_metric_type": "THROUGHPUT",
            "perf_metric_value": 5275.949723321127
        },
        {
            "perf_metric_name": "multi_client_put_calls_Plasma_Store",
            "perf_metric_type": "THROUGHPUT",
            "perf_metric_value": 10013.289067578196
        },
        {
            "perf_metric_name": "single_client_put_gigabytes",
            "perf_metric_type": "THROUGHPUT",
            "perf_metric_value": 19.64343825044683
        },
        {
            "perf_metric_name": "single_client_tasks_and_get_batch",
            "perf_metric_type": "THROUGHPUT",
            "perf_metric_value": 12.06885960074884
        },
        {
            "perf_metric_name": "multi_client_put_gigabytes",
            "perf_metric_type": "THROUGHPUT",
            "perf_metric_value": 37.85401641206923
        },
        {
            "perf_metric_name": "single_client_get_object_containing_10k_refs",
            "perf_metric_type": "THROUGHPUT",
            "perf_metric_value": 12.067414492278798
        },
        {
            "perf_metric_name": "single_client_tasks_sync",
            "perf_metric_type": "THROUGHPUT",
            "perf_metric_value": 1407.1975552802855
        },
        {
            "perf_metric_name": "single_client_tasks_async",
            "perf_metric_type": "THROUGHPUT",
            "perf_metric_value": 11789.15104956264
        },
        {
            "perf_metric_name": "multi_client_tasks_async",
            "perf_metric_type": "THROUGHPUT",
            "perf_metric_value": 38562.47710961393
        },
        {
            "perf_metric_name": "1_1_actor_calls_sync",
            "perf_metric_type": "THROUGHPUT",
            "perf_metric_value": 2377.92698915179
        },
        {
            "perf_metric_name": "1_1_actor_calls_async",
            "perf_metric_type": "THROUGHPUT",
            "perf_metric_value": 6296.41591581481
        },
        {
            "perf_metric_name": "1_1_actor_calls_concurrent",
            "perf_metric_type": "THROUGHPUT",
            "perf_metric_value": 4942.147400565561
        },
        {
            "perf_metric_name": "1_n_actor_calls_async",
            "perf_metric_type": "THROUGHPUT",
            "perf_metric_value": 11739.33781919065
        },
        {
            "perf_metric_name": "n_n_actor_calls_async",
            "perf_metric_type": "THROUGHPUT",
            "perf_metric_value": 35211.19850252589
        },
        {
            "perf_metric_name": "n_n_actor_calls_with_arg_async",
            "perf_metric_type": "THROUGHPUT",
            "perf_metric_value": 2811.876053513264
        },
        {
            "perf_metric_name": "1_1_async_actor_calls_sync",
            "perf_metric_type": "THROUGHPUT",
            "perf_metric_value": 1743.9193785832244
        },
        {
            "perf_metric_name": "1_1_async_actor_calls_async",
            "perf_metric_type": "THROUGHPUT",
            "perf_metric_value": 3929.321119632491
        },
        {
            "perf_metric_name": "1_1_async_actor_calls_with_args_async",
            "perf_metric_type": "THROUGHPUT",
            "perf_metric_value": 2083.315850438323
        },
        {
            "perf_metric_name": "1_n_async_actor_calls_async",
            "perf_metric_type": "THROUGHPUT",
            "perf_metric_value": 11591.02700491697
        },
        {
            "perf_metric_name": "n_n_async_actor_calls_async",
            "perf_metric_type": "THROUGHPUT",
            "perf_metric_value": 30188.87953945985
        },
        {
            "perf_metric_name": "placement_group_create/removal",
            "perf_metric_type": "THROUGHPUT",
            "perf_metric_value": 1048.599925892752
        },
        {
            "perf_metric_name": "client__get_calls",
            "perf_metric_type": "THROUGHPUT",
            "perf_metric_value": 1084.7439077540148
        },
        {
            "perf_metric_name": "client__put_calls",
            "perf_metric_type": "THROUGHPUT",
            "perf_metric_value": 858.1607081238519
        },
        {
            "perf_metric_name": "client__put_gigabytes",
            "perf_metric_type": "THROUGHPUT",
            "perf_metric_value": 0.04634718446885472
        },
        {
            "perf_metric_name": "client__tasks_and_put_batch",
            "perf_metric_type": "THROUGHPUT",
            "perf_metric_value": 9382.512234364658
        },
        {
            "perf_metric_name": "client__1_1_actor_calls_sync",
            "perf_metric_type": "THROUGHPUT",
            "perf_metric_value": 552.7944357247659
        },
        {
            "perf_metric_name": "client__1_1_actor_calls_async",
            "perf_metric_type": "THROUGHPUT",
            "perf_metric_value": 904.7016394616998
        },
        {
            "perf_metric_name": "client__1_1_actor_calls_concurrent",
            "perf_metric_type": "THROUGHPUT",
            "perf_metric_value": 951.249119618913
        },
        {
            "perf_metric_name": "client__tasks_and_get_batch",
            "perf_metric_type": "THROUGHPUT",
            "perf_metric_value": 0.8675587347381328
        }
    ],
    "placement_group_create/removal": [
        1048.599925892752,
        23.068218421175906
    ],
    "single_client_get_calls_Plasma_Store": [
        5823.056278117403,
        94.87402770541642
    ],
    "single_client_get_object_containing_10k_refs": [
        12.067414492278798,
        0.3973404675429582
    ],