{
    "1_1_actor_calls_async": [
        9062.792852859755,
        201.88082345014254
    ],
    "1_1_actor_calls_concurrent": [
        5479.71996068499,
        360.8246009353858
    ],
    "1_1_actor_calls_sync": [
        2096.4576697416196,
        54.90895331226573
    ],
    "1_1_async_actor_calls_async": [
        3314.3892417930037,
        132.65271504449134
    ],
    "1_1_async_actor_calls_sync": [
        1325.7852093012016,
        28.80251158731383
    ],
    "1_1_async_actor_calls_with_args_async": [
        2343.1487246339175,
        64.07964858250249
    ],
    "1_n_actor_calls_async": [
        8606.08018065877,
        464.65178014068323
    ],
    "1_n_async_actor_calls_async": [
        7460.166048300169,
        81.1534935797334
    ],
    "client__1_1_actor_calls_async": [
        907.189714069745,
        30.09285092604243
    ],
    "client__1_1_actor_calls_concurrent": [
        862.2264504688716,
        15.31700423704598
    ],
    "client__1_1_actor_calls_sync": [
        465.4585783069056,
        10.3283151207103
    ],
    "client__get_calls": [
        1158.7613618440014,
        15.2470079224923
    ],
    "client__put_calls": [
        789.0311690962432,
        11.582638068164687
    ],
    "client__put_gigabytes": [
        0.13155858254345548,
        0.0006237409662319517
    ],
    "client__tasks_and_get_batch": [
        0.9229179501706766,
        0.016042442038446857
    ],
    "client__tasks_and_put_batch": [
        11657.997816451738,
        122.84381416507865
    ],
    "multi_client_put_calls_Plasma_Store": [
        12873.027401685875,
        206.74322585504657
    ],
    "multi_client_put_gigabytes": [
        35.8680482168819,
        1.6837276555923617
    ],
    "multi_client_tasks_async": [
        21743.557366389494,
        766.3008688107913
    ],
    "n_n_actor_calls_async": [
        27688.27595653398,
        786.3443469102006
    ],
    "n_n_actor_calls_with_arg_async": [
        2713.504279822532,
        69.57915774978693
    ],
    "n_n_async_actor_calls_async": [
        23092.83239112525,
        497.909562630626
    ],
    "perf_metrics": [
        {
            "perf_metric_name": "single_client_get_calls_Plasma_Store",
            "perf_metric_type": "THROUGHPUT",
            "perf_metric_value": 10269.932297010477
        },
        {
            "perf_metric_name": "single_client_put_calls_Plasma_Store",
            "perf_metric_type": "THROUGHPUT",
            "perf_metric_value": 5196.004383289357
        },
        {
            "perf_metric_name": "multi_client_put_calls_Plasma_Store",
            "perf_metric_type": "THROUGHPUT",
            "perf_metric_value": 12873.027401685875
        },
        {
            "perf_metric_name": "single_client_put_gigabytes",
            "perf_metric_type": "THROUGHPUT",
            "perf_metric_value": 20.09665460590859
        },
        {
            "perf_metric_name": "single_client_tasks_and_get_batch",
            "perf_metric_type": "THROUGHPUT",
            "perf_metric_value": 8.144156516407913
        },
        {
            "perf_metric_name": "multi_client_put_gigabytes",
            "perf_metric_type": "THROUGHPUT",
            "perf_metric_value": 35.8680482168819
        },
        {
            "perf_metric_name": "single_client_get_object_containing_10k_refs",
            "perf_metric_type": "THROUGHPUT",
            "perf_metric_value": 13.25584597642898
        },
        {
            "perf_metric_name": "single_client_wait_1k_refs",
            "perf_metric_type": "THROUGHPUT",
            "perf_metric_value": 5.012190250895254
        },
        {
            "perf_metric_name": "single_client_tasks_sync",
            "perf_metric_type": "THROUGHPUT",
            "perf_metric_value": 971.317197225919
        },
        {
            "perf_metric_name": "single_client_tasks_async",
            "perf_metric_type": "THROUGHPUT",
            "perf_metric_value": 8194.32696391844
        },
        {
            "perf_metric_name": "multi_client_tasks_async",
            "perf_metric_type": "THROUGHPUT",
            "perf_metric_value": 21743.557366389494
        },
        {
            "perf_metric_name": "1_1_actor_calls_sync",
            "perf_metric_type": "THROUGHPUT",
            "perf_metric_value": 2096.4576697416196
        },
        {
            "perf_metric_name": "1_1_actor_calls_async",
            "perf_metric_type": "THROUGHPUT",
            "perf_metric_value": 9062.792852859755
        },
        {
            "perf_metric_name": "1_1_actor_calls_concurrent",
            "perf_metric_type": "THROUGHPUT",
            "perf_metric_value": 5479.71996068499
        },
        {
            "perf_metric_name": "1_n_actor_calls_async",
            "perf_metric_type": "THROUGHPUT",
            "perf_metric_value": 8606.08018065877
        },
        {
            "perf_metric_name": "n_n_actor_calls_async",
            "perf_metric_type": "THROUGHPUT",
            "perf_metric_value": 27688.27595653398
        },
        {
            "perf_metric_name": "n_n_actor_calls_with_arg_async",
            "perf_metric_type": "THROUGHPUT",
            "perf_metric_value": 2713.504279822532
        },
        {
            "perf_metric_name": "1_1_async_actor_calls_sync",
            "perf_metric_type": "THROUGHPUT",
            "perf_metric_value": 1325.7852093012016
        },
        {
            "perf_metric_name": "1_1_async_actor_calls_async",
            "perf_metric_type": "THROUGHPUT",
            "perf_metric_value": 3314.3892417930037
        },
        {
            "perf_metric_name": "1_1_async_actor_calls_with_args_async",
            "perf_metric_type": "THROUGHPUT",
            "perf_metric_value": 2343.1487246339175
        },
        {
            "perf_metric_name": "1_n_async_actor_calls_async",
            "perf_metric_type": "THROUGHPUT",
            "perf_metric_value": 7460.166048300169
        },
        {
            "perf_metric_name": "n_n_async_actor_calls_async",
            "perf_metric_type": "THROUGHPUT",
            "perf_metric_value": 23092.83239112525
        },
        {
            "perf_metric_name": "placement_group_create/removal",
            "perf_metric_type": "THROUGHPUT",
            "perf_metric_value": 838.5131869401664
        },
        {
            "perf_metric_name": "client__get_calls",
            "perf_metric_type": "THROUGHPUT",
            "perf_metric_value": 1158.7613618440014
        },
        {
            "perf_metric_name": "client__put_calls",
            "perf_metric_type": "THROUGHPUT",
            "perf_metric_value": 789.0311690962432
        },
        {
            "perf_metric_name": "client__put_gigabytes",
            "perf_metric_type": "THROUGHPUT",
            "perf_metric_value": 0.13155858254345548
        },
        {
            "perf_metric_name": "client__tasks_and_put_batch",
            "perf_metric_type": "THROUGHPUT",
            "perf_metric_value": 11657.997816451738
        },
        {
            "perf_metric_name": "client__1_1_actor_calls_sync",
            "perf_metric_type": "THROUGHPUT",
            "perf_metric_value": 465.4585783069056
        },
        {
            "perf_metric_name": "client__1_1_actor_calls_async",
            "perf_metric_type": "THROUGHPUT",
            "perf_metric_value": 907.189714069745
        },
        {
            "perf_metric_name": "client__1_1_actor_calls_concurrent",
            "perf_metric_type": "THROUGHPUT",
            "perf_metric_value": 862.2264504688716
        },
        {
            "perf_metric_name": "client__tasks_and_get_batch",
            "perf_metric_type": "THROUGHPUT",
            "perf_metric_value": 0.9229179501706766
        }
    ],
    "placement_group_create/removal": [
        838.5131869401664,
        8.669141107798977
    ],
    "single_client_get_calls_Plasma_Store": [
        10269.932297010477,
        323.15008192139106
    ],