{
    "avg_iteration_time": 2.0598055481910706,
    "max_iteration_time": 15.883565187454224,
    "min_iteration_time": 0.14446020126342773,
    "perf_metrics": [
        {
            "perf_metric_name": "avg_iteration_time",
            "perf_metric_type": "LATENCY",
            "perf_metric_value": 2.0598055481910706
        }
    ],
    "success": 1,
    "total_time": 205.98083114624023
}
