{
    "avg_iteration_time": 2.4128899502754213,
    "max_iteration_time": 11.154391050338745,
    "min_iteration_time": 0.2948293685913086,
    "perf_metrics": [
        {
            "perf_metric_name": "avg_iteration_time",
            "perf_metric_type": "LATENCY",
            "perf_metric_value": 2.4128899502754213
        }
    ],
    "success": 1,
    "total_time": 241.28934574127197
}
