{
    "1_1_actor_calls_async": [
        8181.379275963451,
        215.0690909512618
    ],
    "1_1_actor_calls_concurrent": [
        5237.00757764009,
        123.61545006959791
    ],
    "1_1_actor_calls_sync": [
        2449.418379482173,
        98.24513476946174
    ],
    "1_1_async_actor_calls_async": [
        2615.2325264784477,
        39.539573466169394
    ],
    "1_1_async_actor_calls_sync": [
        1407.2301677461528,
        28.222268162472005
    ],
    "1_1_async_actor_calls_with_args_async": [
        2291.583307239004,
        15.462164257990063
    ],
    "1_n_actor_calls_async": [
        10709.198429925178,
        59.18385915143297
    ],
    "1_n_async_actor_calls_async": [
        9486.427840545897,
        199.1270741268671
    ],
    "client__1_1_actor_calls_async": [
        1068.6904423491321,
        10.320821220092846
    ],
    "client__1_1_actor_calls_concurrent": [
        1072.581252003677,
        11.324641580404888
    ],
    "client__1_1_actor_calls_sync": [
        517.3369226675859,
        21.423549986778237
    ],
    "client__get_calls": [
        1122.649680101724,
        35.458182077937465
    ],
    "client__put_calls": [
        836.7067505163755,
        30.67287256017204
    ],
    "client__put_gigabytes": [
        0.12176851337292151,
        0.007338775553178608
    ],
    "client__tasks_and_get_batch": [
        0.8630947774561032,
        0.06768128988947554
    ],
    "client__tasks_and_put_batch": [
        10994.615166444453,
        369.1635605283168
    ],
    "multi_client_put_calls_Plasma_Store": [
        11268.758757994634,
        252.15133152187536
    ],
    "multi_client_put_gigabytes": [
        38.067073786726596,
        1.139358118049934
    ],
    "multi_client_tasks_async": [
        31288.4978478418,
        2447.915331650412
    ],
    "n_n_actor_calls_async": [
        32086.010154008178,
        779.37248224503
    ],
    "n_n_actor_calls_with_arg_async": [
        2697.2418779727227,
        12.103037813728621
    ],
    "n_n_async_actor_calls_async": [
        24606.615204461945,
        383.87046126312646
    ],
    "perf_metrics": [
        {
            "perf_metric_name": "single_client_get_calls_Plasma_Store",
            "perf_metric_type": "THROUGHPUT",
            "perf_metric_value": 5782.410296406936
        },
        {
            "perf_metric_name": "single_client_put_calls_Plasma_Store",
            "perf_metric_type": "THROUGHPUT",
            "perf_metric_value": 5762.658856122226
        },
        {
            "perf_metric_name": "multi_client_put_calls_Plasma_Store",
            "perf_metric_type": "THROUGHPUT",
            "perf_metric_value": 11268.758757994634
        },
        {
            "perf_metric_name": "single_client_put_gigabytes",
            "perf_metric_type": "THROUGHPUT",
            "perf_metric_value": 18.735915691068847
        },
        {
            "perf_metric_name": "single_client_tasks_and_get_batch",
            "perf_metric_type": "THROUGHPUT",
            "perf_metric_value": 10.550956447091568
        },
        {
            "perf_metric_name": "multi_client_put_gigabytes",
            "perf_metric_type": "THROUGHPUT",
            "perf_metric_value": 38.067073786726596
        },
        {
            "perf_metric_name": "single_client_get_object_containing_10k_refs",
            "perf_metric_type": "THROUGHPUT",
            "perf_metric_value": 11.405467079845328
        },
        {
            "perf_metric_name": "single_client_wait_1k_refs",
            "perf_metric_type": "THROUGHPUT",
            "perf_metric_value": 4.762794647742213
        },
        {
            "perf_metric_name": "single_client_tasks_sync",
            "perf_metric_type": "THROUGHPUT",
            "perf_metric_value": 1293.1036193983143
        },
        {
            "perf_metric_name": "single_client_tasks_async",
            "perf_metric_type": "THROUGHPUT",
            "perf_metric_value": 10868.206567354891
        },
        {
            "perf_metric_name": "multi_client_tasks_async",
            "perf_metric_type": "THROUGHPUT",
            "perf_metric_value": 31288.4978478418
        },
        {
            "perf_metric_name": "1_1_actor_calls_sync",
            "perf_metric_type": "THROUGHPUT",
            "perf_metric_value": 2449.418379482173
        },
        {
            "perf_metric_name": "1_1_actor_calls_async",
            "perf_metric_type": "THROUGHPUT",
            "perf_metric_value": 8181.379275963451
        },
        {
            "perf_metric_name": "1_1_actor_calls_concurrent",
            "perf_metric_type": "THROUGHPUT",
            "perf_metric_value": 5237.00757764009
        },
        {
            "perf_metric_name": "1_n_actor_calls_async",
            "perf_metric_type": "THROUGHPUT",
            "perf_metric_value": 10709.198429925178
        },
        {
            "perf_metric_name": "n_n_actor_calls_async",
            "perf_metric_type": "THROUGHPUT",
            "perf_metric_value": 32086.010154008178
        },
        {
            "perf_metric_name": "n_n_actor_calls_with_arg_async",
            "perf_metric_type": "THROUGHPUT",
            "perf_metric_value": 2697.2418779727227
        },
        {
            "perf_metric_name": "1_1_async_actor_calls_sync",
            "perf_metric_type": "THROUGHPUT",
            "perf_metric_value": 1407.2301677461528
        },
        {
            "perf_metric_name": "1_1_async_actor_calls_async",
            "perf_metric_type": "THROUGHPUT",
            "perf_metric_value": 2615.2325264784477
        },
        {
            "perf_metric_name": "1_1_async_actor_calls_with_args_async",
            "perf_metric_type": "THROUGHPUT",
            "perf_metric_value": 2291.583307239004
        },
        {
            "perf_metric_name": "1_n_async_actor_calls_async",
            "perf_metric_type": "THROUGHPUT",
            "perf_metric_value": 9486.427840545897
        },
        {
            "perf_metric_name": "n_n_async_actor_calls_async",
            "perf_metric_type": "THROUGHPUT",
            "perf_metric_value": 24606.615204461945
        },
        {
            "perf_metric_name": "placement_group_create/removal",
            "perf_metric_type": "THROUGHPUT",
            "perf_metric_value": 969.5295424092114
        },
        {
            "perf_metric_name": "client__get_calls",
            "perf_metric_type": "THROUGHPUT",
            "perf_metric_value": 1122.649680101724
        },
        {
            "perf_metric_name": "client__put_calls",
            "perf_metric_type": "THROUGHPUT",
            "perf_metric_value": 836.7067505163755
        },
        {
            "perf_metric_name": "client__put_gigabytes",
            "perf_metric_type": "THROUGHPUT",
            "perf_metric_value": 0.12176851337292151
        },
        {
            "perf_metric_name": "client__tasks_and_put_batch",
            "perf_metric_type": "THROUGHPUT",
            "perf_metric_value": 10994.615166444453
        },
        {
            "perf_metric_name": "client__1_1_actor_calls_sync",
            "perf_metric_type": "THROUGHPUT",
            "perf_metric_value": 517.3369226675859
        },
        {
            "perf_metric_name": "client__1_1_actor_calls_async",
            "perf_metric_type": "THROUGHPUT",
            "perf_metric_value": 1068.6904423491321
        },
        {
            "perf_metric_name": "client__1_1_actor_calls_concurrent",
            "perf_metric_type": "THROUGHPUT",
            "perf_metric_value": 1072.581252003677
        },
        {
            "perf_metric_name": "client__tasks_and_get_batch",
            "perf_metric_type": "THROUGHPUT",
            "perf_metric_value": 0.8630947774561032
        }
    ],
    "placement_group_create/removal": [
        969.5295424092114,
        7.924547718896484
    ],