{
    "1_1_actor_calls_async": [
        7298.109953613704,
        172.94029248064626
    ],
    "1_1_actor_calls_concurrent": [
        5094.422927629804,
        31.501585596158012
    ],
    "1_1_actor_calls_sync": [
        2575.0112533631195,
        34.29514164186993
    ],
    "1_1_async_actor_calls_async": [
        2752.394936556264,
        27.33196246001878
    ],
    "1_1_async_actor_calls_sync": [
        1483.5397188134439,
        39.08621737507325
    ],
    "1_1_async_actor_calls_with_args_async": [
        2014.2672491534959,
        73.88006641021327
    ],
    "1_n_actor_calls_async": [
        10456.9066889819,
        319.1782530048404
    ],
    "1_n_async_actor_calls_async": [
        9286.13247576464,
        171.30707647795813
    ],
    "client__1_1_actor_calls_async": [
        1058.067269137126,
        42.20562155677686
    ],
    "client__1_1_actor_calls_concurrent": [
        1021.9935817542057,
        52.73395139188143
    ],
    "client__1_1_actor_calls_sync": [
        525.7384843590366,
        9.293259051689105
    ],
    "client__get_calls": [
        1135.3012615723364,
        29.68076705768939
    ],
    "client__put_calls": [
        917.5487533327432,
        10.274309865363206
    ],
    "client__put_gigabytes": [
        0.13289269612622515,
        0.0011203823831382796
    ],
    "client__tasks_and_get_batch": [
        0.9809322085936739,
        0.005415093847002019
    ],
    "client__tasks_and_put_batch": [
        11948.921926441995,
        152.75193809808917
    ],
    "multi_client_put_calls_Plasma_Store": [
        13730.839052747753,
        147.1974561117108
    ],
    "multi_client_put_gigabytes": [
        32.94885989147849,
        2.6494650251946505
    ],
    "multi_client_tasks_async": [
        30902.143347951573,
        1656.872429820744
    ],
    "n_n_actor_calls_async": [
        32368.00637782863,
        1760.616358143222
    ],
    "n_n_actor_calls_with_arg_async": [
        2927.3622034831383,
        21.640483337263728
    ],
    "n_n_async_actor_calls_async": [
        25997.33994413679,
        1082.0919912033296
    ],
    "perf_metrics": [
        {
            "perf_metric_name": "single_client_get_calls_Plasma_Store",
            "perf_metric_type": "THROUGHPUT",
            "perf_metric_value": 5867.1226219862765
        },
        {
            "perf_metric_name": "single_client_put_calls_Plasma_Store",
            "perf_metric_type": "THROUGHPUT",
            "perf_metric_value": 6121.0894990421475
        },
        {
            "perf_metric_name": "multi_client_put_calls_Plasma_Store",
            "perf_metric_type": "THROUGHPUT",
            "perf_metric_value": 13730.839052747753
        },
        {
            "perf_metric_name": "single_client_put_gigabytes",
            "perf_metric_type": "THROUGHPUT",
            "perf_metric_value": 19.290235105257633
        },
        {
            "perf_metric_name": "single_client_tasks_and_get_batch",
            "perf_metric_type": "THROUGHPUT",
            "perf_metric_value": 10.057426500796623
        },
        {
            "perf_metric_name": "multi_client_put_gigabytes",
            "perf_metric_type": "THROUGHPUT",
            "perf_metric_value": 32.94885989147849
        },
        {
            "perf_metric_name": "single_client_get_object_containing_10k_refs",
            "perf_metric_type": "THROUGHPUT",
            "perf_metric_value": 14.250086572593357
        },
        {
            "perf_metric_name": "single_client_wait_1k_refs",
            "perf_metric_type": "THROUGHPUT",
            "perf_metric_value": 3.8562122231522564
        },
        {
            "perf_metric_name": "single_client_tasks_sync",
            "perf_metric_type": "THROUGHPUT",
            "perf_metric_value": 1445.5877050679255
        },
        {
            "perf_metric_name": "single_client_tasks_async",
            "perf_metric_type": "THROUGHPUT",
            "perf_metric_value": 11078.540597689913
        },
        {
            "perf_metric_name": "multi_client_tasks_async",
            "perf_metric_type": "THROUGHPUT",
            "perf_metric_value": 30902.143347951573
        },
        {
            "perf_metric_name": "1_1_actor_calls_sync",
            "perf_metric_type": "THROUGHPUT",
            "perf_metric_value": 2575.0112533631195
        },
        {
            "perf_metric_name": "1_1_actor_calls_async",
            "perf_metric_type": "THROUGHPUT",
            "perf_metric_value": 7298.109953613704
        },
        {
            "perf_metric_name": "1_1_actor_calls_concurrent",
            "perf_metric_type": "THROUGHPUT",
            "perf_metric_value": 5094.422927629804
        },
        {
            "perf_metric_name": "1_n_actor_calls_async",
            "perf_metric_type": "THROUGHPUT",
            "perf_metric_value": 10456.9066889819
        },
        {
            "perf_metric_name": "n_n_actor_calls_async",
            "perf_metric_type": "THROUGHPUT",
            "perf_metric_value": 32368.00637782863
        },
        {
            "perf_metric_name": "n_n_actor_calls_with_arg_async",
            "perf_metric_type": "THROUGHPUT",
            "perf_metric_value": 2927.3622034831383
        },
        {
            "perf_metric_name": "1_1_async_actor_calls_sync",
            "perf_metric_type": "THROUGHPUT",
            "perf_metric_value": 1483.5397188134439
        },
        {
            "perf_metric_name": "1_1_async_actor_calls_async",
            "perf_metric_type": "THROUGHPUT",
            "perf_metric_value": 2752.394936556264
        },
        {
            "perf_metric_name": "1_1_async_actor_calls_with_args_async",
            "perf_metric_type": "THROUGHPUT",
            "perf_metric_value": 2014.2672491534959
        },
        {
            "perf_metric_name": "1_n_async_actor_calls_async",
            "perf_metric_type": "THROUGHPUT",
            "perf_metric_value": 9286.13247576464
        },
        {
            "perf_metric_name": "n_n_async_actor_calls_async",
            "perf_metric_type": "THROUGHPUT",
            "perf_metric_value": 25997.33994413679
        },
        {
            "perf_metric_name": "placement_group_create/removal",
            "perf_metric_type": "THROUGHPUT",
            "perf_metric_value": 1096.042739945278
        },
        {
            "perf_metric_name": "client__get_calls",
            "perf_metric_type": "THROUGHPUT",
            "perf_metric_value": 1135.3012615723364
        },
        {
            "perf_metric_name": "client__put_calls",
            "perf_metric_type": "THROUGHPUT",
            "perf_metric_value": 917.5487533327432
        },
        {
            "perf_metric_name": "client__put_gigabytes",
            "perf_metric_type": "THROUGHPUT",
            "perf_metric_value": 0.13289269612622515
        },
        {
            "perf_metric_name": "client__tasks_and_put_batch",
            "perf_metric_type": "THROUGHPUT",
            "perf_metric_value": 11948.921926441995
        },
        {
            "perf_metric_name": "client__1_1_actor_calls_sync",
            "perf_metric_type": "THROUGHPUT",
            "perf_metric_value": 525.7384843590366
        },
        {
            "perf_metric_name": "client__1_1_actor_calls_async",
            "perf_metric_type": "THROUGHPUT",
            "perf_metric_value": 1058.067269137126
        },
        {
            "perf_metric_name": "client__1_1_actor_calls_concurrent",
            "perf_metric_type": "THROUGHPUT",
            "perf_metric_value": 1021.9935817542057
        },
        {
            "perf_metric_name": "client__tasks_and_get_batch",
            "perf_metric_type": "THROUGHPUT",
            "perf_metric_value": 0.9809322085936739
        }
    ],
    "placement_group_create/removal": [
        1096.042739945278,
        25.12916312535381
    ],