{
    "avg_iteration_time": 1.4770093488693237,
    "max_iteration_time": 5.566390752792358,
    "min_iteration_time": 0.16166377067565918,
    "success": 1,
    "total_time": 147.7012598514557
}
