{
    "1_1_actor_calls_async": [
        8766.429278436297,
        120.86055337969302
    ],
    "1_1_actor_calls_concurrent": [
        5466.2521928780425,
        294.4643111642266
    ],
    "1_1_actor_calls_sync": [
        2005.483489295091,
        51.49539414234871
    ],
    "1_1_async_actor_calls_async": [
        3485.371511081248,
        113.58116489466117
    ],
    "1_1_async_actor_calls_sync": [
        1347.8868250169457,
        17.79541434936412
    ],
    "1_1_async_actor_calls_with_args_async": [
        2512.820463128068,
        155.31965794076362
    ],
    "1_n_actor_calls_async": [
        8490.352729000244,
        181.05358592855262
    ],
    "1_n_async_actor_calls_async": [
        7295.2280994398525,
        83.24487540906311
    ],
    "client__1_1_actor_calls_async": [
        987.583992857757,
        8.55231528044142
    ],
    "client__1_1_actor_calls_concurrent": [
        993.4252979888793,
        14.709916004253799
    ],
    "client__1_1_actor_calls_sync": [
        527.6097359140301,
        6.229717007741613
    ],
    "client__get_calls": [
        1122.3334401198258,
        48.51501029209967
    ],
    "client__put_calls": [
        799.7415900241213,
        12.025635667289933
    ],
    "client__put_gigabytes": [
        0.13117998295265082,
        0.000998012447116976
    ],
    "client__tasks_and_get_batch": [
        0.8066078636677214,
        0.011930458414569594
    ],
    "client__tasks_and_put_batch": [
        11191.448976686781,
        93.86657449650411
    ],
    "multi_client_put_calls_Plasma_Store": [
        11889.62967857741,
        119.20037762191876
    ],
    "multi_client_put_gigabytes": [
        38.09272404390616,
        2.3201711068853097
    ],
    "multi_client_tasks_async": [
        22255.262702895383,
        1184.2604056922066
    ],
    "n_n_actor_calls_async": [
        27321.88100222539,
        416.48715073593917
    ],
    "n_n_actor_calls_with_arg_async": [
        2672.287170984248,
        23.619720775433688
    ],
    "n_n_async_actor_calls_async": [
        23164.85974320361,
        970.0857104946699
    ],
    "perf_metrics": [
        {
            "perf_metric_name": "single_client_get_calls_Plasma_Store",
            "perf_metric_type": "THROUGHPUT",
            "perf_metric_value": 10500.67448465853
        },
        {
            "perf_metric_name": "single_client_put_calls_Plasma_Store",
            "perf_metric_type": "THROUGHPUT",
            "perf_metric_value": 5286.037415485109
        },
        {
            "perf_metric_name": "multi_client_put_calls_Plasma_Store",
            "perf_metric_type": "THROUGHPUT",
            "perf_metric_value": 11889.62967857741
        },
        {
            "perf_metric_name": "single_client_put_gigabytes",
            "perf_metric_type": "THROUGHPUT",
            "perf_metric_value": 20.46923471565212
        },
        {
            "perf_metric_name": "single_client_tasks_and_get_batch",
            "perf_metric_type": "THROUGHPUT",
            "perf_metric_value": 7.730134993824188
        },
        {
            "perf_metric_name": "multi_client_put_gigabytes",
            "perf_metric_type": "THROUGHPUT",
            "perf_metric_value": 38.09272404390616
        },
        {
            "perf_metric_name": "single_client_get_object_containing_10k_refs",
            "perf_metric_type": "THROUGHPUT",
            "perf_metric_value": 13.30751068234607
        },
        {
            "perf_metric_name": "single_client_wait_1k_refs",
            "perf_metric_type": "THROUGHPUT",
            "perf_metric_value": 5.160164268505817
        },
        {
            "perf_metric_name": "single_client_tasks_sync",
            "perf_metric_type": "THROUGHPUT",
            "perf_metric_value": 974.4612781847234
        },
        {
            "perf_metric_name": "single_client_tasks_async",
            "perf_metric_type": "THROUGHPUT",
            "perf_metric_value": 7378.7495889110505
        },
        {
            "perf_metric_name": "multi_client_tasks_async",
            "perf_metric_type": "THROUGHPUT",
            "perf_metric_value": 22255.262702895383
        },
        {
            "perf_metric_name": "1_1_actor_calls_sync",
            "perf_metric_type": "THROUGHPUT",
            "perf_metric_value": 2005.483489295091
        },
        {
            "perf_metric_name": "1_1_actor_calls_async",
            "perf_metric_type": "THROUGHPUT",
            "perf_metric_value": 8766.429278436297
        },
        {
            "perf_metric_name": "1_1_actor_calls_concurrent",
            "perf_metric_type": "THROUGHPUT",
            "perf_metric_value": 5466.2521928780425
        },
        {
            "perf_metric_name": "1_n_actor_calls_async",
            "perf_metric_type": "THROUGHPUT",
            "perf_metric_value": 8490.352729000244
        },
        {
            "perf_metric_name": "n_n_actor_calls_async",
            "perf_metric_type": "THROUGHPUT",
            "perf_metric_value": 27321.88100222539
        },
        {
            "perf_metric_name": "n_n_actor_calls_with_arg_async",
            "perf_metric_type": "THROUGHPUT",
            "perf_metric_value": 2672.287170984248
        },
        {
            "perf_metric_name": "1_1_async_actor_calls_sync",
            "perf_metric_type": "THROUGHPUT",
            "perf_metric_value": 1347.8868250169457
        },
        {
            "perf_metric_name": "1_1_async_actor_calls_async",
            "perf_metric_type": "THROUGHPUT",
            "perf_metric_value": 3485.371511081248
        },
        {
            "perf_metric_name": "1_1_async_actor_calls_with_args_async",
            "perf_metric_type": "THROUGHPUT",
            "perf_metric_value": 2512.820463128068
        },
        {
            "perf_metric_name": "1_n_async_actor_calls_async",
            "perf_metric_type": "THROUGHPUT",
            "perf_metric_value": 7295.2280994398525
        },
        {
            "perf_metric_name": "n_n_async_actor_calls_async",
            "perf_metric_type": "THROUGHPUT",
            "perf_metric_value": 23164.85974320361
        },
        {
            "perf_metric_name": "placement_group_create/removal",
            "perf_metric_type": "THROUGHPUT",
            "perf_metric_value": 788.0742341227435
        },
        {
            "perf_metric_name": "client__get_calls",
            "perf_metric_type": "THROUGHPUT",
            "perf_metric_value": 1122.3334401198258
        },
        {
            "perf_metric_name": "client__put_calls",
            "perf_metric_type": "THROUGHPUT",
            "perf_metric_value": 799.7415900241213
        },
        {
            "perf_metric_name": "client__put_gigabytes",
            "perf_metric_type": "THROUGHPUT",
            "perf_metric_value": 0.13117998295265082
        },
        {
            "perf_metric_name": "client__tasks_and_put_batch",
            "perf_metric_type": "THROUGHPUT",
            "perf_metric_value": 11191.448976686781
        },
        {
            "perf_metric_name": "client__1_1_actor_calls_sync",
            "perf_metric_type": "THROUGHPUT",
            "perf_metric_value": 527.6097359140301
        },
        {
            "perf_metric_name": "client__1_1_actor_calls_async",
            "perf_metric_type": "THROUGHPUT",
            "perf_metric_value": 987.583992857757
        },
        {
            "perf_metric_name": "client__1_1_actor_calls_concurrent",
            "perf_metric_type": "THROUGHPUT",
            "perf_metric_value": 993.4252979888793
        },
        {
            "perf_metric_name": "client__tasks_and_get_batch",
            "perf_metric_type": "THROUGHPUT",
            "perf_metric_value": 0.8066078636677214
        }
    ],
    "placement_group_create/removal": [
        788.0742341227435,
        10.00903890631821
    ],
    "single_client_get_calls_Plasma_Store": [
        10500.67448465853,
        360.1079441884577
    ],