{
    "1_1_actor_calls_async": [
        8572.12744768857,
        386.23244359238294
    ],
    "1_1_actor_calls_concurrent": [
        5134.279265032814,
        40.01055226079356
    ],
    "1_1_actor_calls_sync": [
        2060.7838505549453,
        47.39479964777027
    ],
    "1_1_async_actor_calls_async": [
        3139.206535851344,
        76.36027306919485
    ],
    "1_1_async_actor_calls_sync": [
        1332.185403602693,
        3.9077896884722167
    ],
    "1_1_async_actor_calls_with_args_async": [
        2432.662342652071,
        108.26228244055812
    ],
    "1_n_actor_calls_async": [
        8522.93184364997,
        277.00556930914536
    ],
    "1_n_async_actor_calls_async": [
        7229.294929621508,
        201.4709985659134
    ],
    "client__1_1_actor_calls_async": [
        982.5121885726228,
        4.98941418684848
    ],
    "client__1_1_actor_calls_concurrent": [
        982.2862959658165,
        9.018643886652605
    ],
    "client__1_1_actor_calls_sync": [
        515.4196479730319,
        9.593330000464709
    ],
    "client__get_calls": [
        1139.3173302405887,
        8.412512172554328
    ],
    "client__put_calls": [
        795.0055911445766,
        13.152348540284482
    ],
    "client__put_gigabytes": [
        0.1317282857439297,
        0.0013477041318984584
    ],
    "client__tasks_and_get_batch": [
        0.9263554796372511,
        0.011911933568880756
    ],
    "client__tasks_and_put_batch": [
        10912.895280999188,
        145.6580241518087
    ],
    "multi_client_put_calls_Plasma_Store": [
        11672.210955124367,
        86.99397019067479
    ],
    "multi_client_put_gigabytes": [
        38.79658735552449,
        2.42462493932864
    ],
    "multi_client_tasks_async": [
        24167.796791424014,
        2612.563370743722
    ],
    "n_n_actor_calls_async": [
        26970.858668191202,
        816.4282879641627
    ],
    "n_n_actor_calls_with_arg_async": [
        2626.1981592696256,
        17.55255750677977
    ],
    "n_n_async_actor_calls_async": [
        22563.93233232106,
        658.051386451489
    ],
    "perf_metrics": [
        {
            "perf_metric_name": "single_client_get_calls_Plasma_Store",
            "perf_metric_type": "THROUGHPUT",
            "perf_metric_value": 10132.225250427977
        },
        {
            "perf_metric_name": "single_client_put_calls_Plasma_Store",
            "perf_metric_type": "THROUGHPUT",
            "perf_metric_value": 5091.871292628941
        },
        {
            "perf_metric_name": "multi_client_put_calls_Plasma_Store",
            "perf_metric_type": "THROUGHPUT",
            "perf_metric_value": 11672.210955124367
        },
        {
            "perf_metric_name": "single_client_put_gigabytes",
            "perf_metric_type": "THROUGHPUT",
            "perf_metric_value": 20.37544620498999
        },
        {
            "perf_metric_name": "single_client_tasks_and_get_batch",
            "perf_metric_type": "THROUGHPUT",
            "perf_metric_value": 7.58621082531657
        },
        {
            "perf_metric_name": "multi_client_put_gigabytes",
            "perf_metric_type": "THROUGHPUT",
            "perf_metric_value": 38.79658735552449
        },
        {
            "perf_metric_name": "single_client_get_object_containing_10k_refs",
            "perf_metric_type": "THROUGHPUT",
            "perf_metric_value": 12.911747420977138
        },
        {
            "perf_metric_name": "single_client_wait_1k_refs",
            "perf_metric_type": "THROUGHPUT",
            "perf_metric_value": 4.7092411494959325
        },
        {
            "perf_metric_name": "single_client_tasks_sync",
            "perf_metric_type": "THROUGHPUT",
            "perf_metric_value": 968.114499542658
        },
        {
            "perf_metric_name": "single_client_tasks_async",
            "perf_metric_type": "THROUGHPUT",
            "perf_metric_value": 8018.593621447933
        },
        {
            "perf_metric_name": "multi_client_tasks_async",
            "perf_metric_type": "THROUGHPUT",
            "perf_metric_value": 24167.796791424014
        },
        {
            "perf_metric_name": "1_1_actor_calls_sync",
            "perf_metric_type": "THROUGHPUT",
            "perf_metric_value": 2060.7838505549453
        },
        {
            "perf_metric_name": "1_1_actor_calls_async",
            "perf_metric_type": "THROUGHPUT",
            "perf_metric_value": 8572.12744768857
        },
        {
            "perf_metric_name": "1_1_actor_calls_concurrent",
            "perf_metric_type": "THROUGHPUT",
            "perf_metric_value": 5134.279265032814
        },
        {
            "perf_metric_name": "1_n_actor_calls_async",
            "perf_metric_type": "THROUGHPUT",
            "perf_metric_value": 8522.93184364997
        },
        {
            "perf_metric_name": "n_n_actor_calls_async",
            "perf_metric_type": "THROUGHPUT",
            "perf_metric_value": 26970.858668191202
        },
        {
            "perf_metric_name": "n_n_actor_calls_with_arg_async",
            "perf_metric_type": "THROUGHPUT",
            "perf_metric_value": 2626.1981592696256
        },
        {
            "perf_metric_name": "1_1_async_actor_calls_sync",
            "perf_metric_type": "THROUGHPUT",
            "perf_metric_value": 1332.185403602693
        },
        {
            "perf_metric_name": "1_1_async_actor_calls_async",
            "perf_metric_type": "THROUGHPUT",
            "perf_metric_value": 3139.206535851344
        },
        {
            "perf_metric_name": "1_1_async_actor_calls_with_args_async",
            "perf_metric_type": "THROUGHPUT",
            "perf_metric_value": 2432.662342652071
        },
        {
            "perf_metric_name": "1_n_async_actor_calls_async",
            "perf_metric_type": "THROUGHPUT",
            "perf_metric_value": 7229.294929621508
        },
        {
            "perf_metric_name": "n_n_async_actor_calls_async",
            "perf_metric_type": "THROUGHPUT",
            "perf_metric_value": 22563.93233232106
        },
        {
            "perf_metric_name": "placement_group_create/removal",
            "perf_metric_type": "THROUGHPUT",
            "perf_metric_value": 798.986053163609
        },
        {
            "perf_metric_name": "client__get_calls",
            "perf_metric_type": "THROUGHPUT",
            "perf_metric_value": 1139.3173302405887
        },
        {
            "perf_metric_name": "client__put_calls",
            "perf_metric_type": "THROUGHPUT",
            "perf_metric_value": 795.0055911445766
        },
        {
            "perf_metric_name": "client__put_gigabytes",
            "perf_metric_type": "THROUGHPUT",
            "perf_metric_value": 0.1317282857439297
        },
        {
            "perf_metric_name": "client__tasks_and_put_batch",
            "perf_metric_type": "THROUGHPUT",
            "perf_metric_value": 10912.895280999188
        },
        {
            "perf_metric_name": "client__1_1_actor_calls_sync",
            "perf_metric_type": "THROUGHPUT",
            "perf_metric_value": 515.4196479730319
        },
        {
            "perf_metric_name": "client__1_1_actor_calls_async",
            "perf_metric_type": "THROUGHPUT",
            "perf_metric_value": 982.5121885726228
        },
        {
            "perf_metric_name": "client__1_1_actor_calls_concurrent",
            "perf_metric_type": "THROUGHPUT",
            "perf_metric_value": 982.2862959658165
        },
        {
            "perf_metric_name": "client__tasks_and_get_batch",
            "perf_metric_type": "THROUGHPUT",
            "perf_metric_value": 0.9263554796372511
        }
    ],
    "placement_group_create/removal": [
        798.986053163609,
        5.319453045027013
    ],
    "single_client_get_calls_Plasma_Store": [
        10132.225250427977,
        226.57918551053498
    ],