{
    "1_1_actor_calls_async": [
        8120.290523884843,
        158.34851735338898
    ],
    "1_1_actor_calls_concurrent": [
        5395.777383657067,
        138.88384775053822
    ],
    "1_1_actor_calls_sync": [
        2042.7849558989133,
        12.95298675392439
    ],
    "1_1_async_actor_calls_async": [
        4826.01449586604,
        303.1526382315391
    ],
    "1_1_async_actor_calls_sync": [
        1422.8840037746545,
        17.9650251370281
    ],
    "1_1_async_actor_calls_with_args_async": [
        2890.5921527302953,
        227.22632962757234
    ],
    "1_n_actor_calls_async": [
        8163.666025779943,
        250.39413803718676
    ],
    "1_n_async_actor_calls_async": [
        7146.829366873446,
        187.12801670230965
    ],
    "client__1_1_actor_calls_async": [
        1046.3302124868333,
        14.243246105452002
    ],
    "client__1_1_actor_calls_concurrent": [
        1034.573173870887,
        15.294615369682713
    ],
    "client__1_1_actor_calls_sync": [
        518.0227400935812,
        11.048383029520352
    ],
    "client__get_calls": [
        1059.14110418216,
        89.536111176003
    ],
    "client__put_calls": [
        791.0601747873669,
        27.32350428360487
    ],
    "client__put_gigabytes": [
        0.15530413946824417,
        0.00035613100412910714
    ],
    "client__tasks_and_get_batch": [
        0.9491360325704473,
        0.01677407195154065
    ],
    "client__tasks_and_put_batch": [
        13875.973034658084,
        114.745521620451
    ],
    "multi_client_put_calls_Plasma_Store": [
        16995.36748607658,
        348.3512318633828
    ],
    "multi_client_put_gigabytes": [
        39.223735897953496,
        1.2527003826588554
    ],
    "multi_client_tasks_async": [
        22746.78742695212,
        2034.6339587892833
    ],
    "n_n_actor_calls_async": [
        27272.98195341939,
        686.2097246898552
    ],
    "n_n_actor_calls_with_arg_async": [
        2540.930797772458,
        60.02705978070071
    ],
    "n_n_async_actor_calls_async": [
        23807.96024799393,
        598.9144362661533
    ],
    "perf_metrics": [
        {
            "perf_metric_name": "single_client_get_calls_Plasma_Store",
            "perf_metric_type": "THROUGHPUT",
            "perf_metric_value": 10427.64803464464
        },
        {
            "perf_metric_name": "single_client_put_calls_Plasma_Store",
            "perf_metric_type": "THROUGHPUT",
            "perf_metric_value": 4968.428055166902
        },
        {
            "perf_metric_name": "multi_client_put_calls_Plasma_Store",
            "perf_metric_type": "THROUGHPUT",
            "perf_metric_value": 16995.36748607658
        },
        {
            "perf_metric_name": "single_client_put_gigabytes",
            "perf_metric_type": "THROUGHPUT",
            "perf_metric_value": 19.43618272983129
        },
        {
            "perf_metric_name": "single_client_tasks_and_get_batch",
            "perf_metric_type": "THROUGHPUT",
            "perf_metric_value": 5.794726688358455
        },
        {
            "perf_metric_name": "multi_client_put_gigabytes",
            "perf_metric_type": "THROUGHPUT",
            "perf_metric_value": 39.223735897953496
        },
        {
            "perf_metric_name": "single_client_get_object_containing_10k_refs",
            "perf_metric_type": "THROUGHPUT",
            "perf_metric_value": 12.733366171990253
        },
        {
            "perf_metric_name": "single_client_wait_1k_refs",
            "perf_metric_type": "THROUGHPUT",
            "perf_metric_value": 4.7662393041672
        },
        {
            "perf_metric_name": "single_client_tasks_sync",
            "perf_metric_type": "THROUGHPUT",
            "perf_metric_value": 963.0702098697656
        },
        {
            "perf_metric_name": "single_client_tasks_async",
            "perf_metric_type": "THROUGHPUT",
            "perf_metric_value": 7293.311601095812
        },
        {
            "perf_metric_name": "multi_client_tasks_async",
            "perf_metric_type": "THROUGHPUT",
            "perf_metric_value": 22746.78742695212
        },
        {
            "perf_metric_name": "1_1_actor_calls_sync",
            "perf_metric_type": "THROUGHPUT",
            "perf_metric_value": 2042.7849558989133
        },
        {
            "perf_metric_name": "1_1_actor_calls_async",
            "perf_metric_type": "THROUGHPUT",
            "perf_metric_value": 8120.290523884843
        },
        {
            "perf_metric_name": "1_1_actor_calls_concurrent",
            "perf_metric_type": "THROUGHPUT",
            "perf_metric_value": 5395.777383657067
        },
        {
            "perf_metric_name": "1_n_actor_calls_async",
            "perf_metric_type": "THROUGHPUT",
            "perf_metric_value": 8163.666025779943
        },
        {
            "perf_metric_name": "n_n_actor_calls_async",
            "perf_metric_type": "THROUGHPUT",
            "perf_metric_value": 27272.98195341939
        },
        {
            "perf_metric_name": "n_n_actor_calls_with_arg_async",
            "perf_metric_type": "THROUGHPUT",
            "perf_metric_value": 2540.930797772458
        },
        {
            "perf_metric_name": "1_1_async_actor_calls_sync",
            "perf_metric_type": "THROUGHPUT",
            "perf_metric_value": 1422.8840037746545
        },
        {
            "perf_metric_name": "1_1_async_actor_calls_async",
            "perf_metric_type": "THROUGHPUT",
            "perf_metric_value": 4826.01449586604
        },
        {
            "perf_metric_name": "1_1_async_actor_calls_with_args_async",
            "perf_metric_type": "THROUGHPUT",
            "perf_metric_value": 2890.5921527302953
        },
        {
            "perf_metric_name": "1_n_async_actor_calls_async",
            "perf_metric_type": "THROUGHPUT",
            "perf_metric_value": 7146.829366873446
        },
        {
            "perf_metric_name": "n_n_async_actor_calls_async",
            "perf_metric_type": "THROUGHPUT",
            "perf_metric_value": 23807.96024799393
        },
        {
            "perf_metric_name": "placement_group_create/removal",
            "perf_metric_type": "THROUGHPUT",
            "perf_metric_value": 752.4419303065624
        },
        {
            "perf_metric_name": "client__get_calls",
            "perf_metric_type": "THROUGHPUT",
            "perf_metric_value": 1059.14110418216
        },
        {
            "perf_metric_name": "client__put_calls",
            "perf_metric_type": "THROUGHPUT",
            "perf_metric_value": 791.0601747873669
        },
        {
            "perf_metric_name": "client__put_gigabytes",
            "perf_metric_type": "THROUGHPUT",
            "perf_metric_value": 0.15530413946824417
        },
        {
            "perf_metric_name": "client__tasks_and_put_batch",
            "perf_metric_type": "THROUGHPUT",
            "perf_metric_value": 13875.973034658084
        },
        {
            "perf_metric_name": "client__1_1_actor_calls_sync",
            "perf_metric_type": "THROUGHPUT",
            "perf_metric_value": 518.0227400935812
        },
        {
            "perf_metric_name": "client__1_1_actor_calls_async",
            "perf_metric_type": "THROUGHPUT",
            "perf_metric_value": 1046.3302124868333
        },
        {
            "perf_metric_name": "client__1_1_actor_calls_concurrent",
            "perf_metric_type": "THROUGHPUT",
            "perf_metric_value": 1034.573173870887
        },
        {
            "perf_metric_name": "client__tasks_and_get_batch",
            "perf_metric_type": "THROUGHPUT",
            "perf_metric_value": 0.9491360325704473
        }
    ],
    "placement_group_create/removal": [
        752.4419303065624,
        9.075848365096016
    ],
    "single_client_get_calls_Plasma_Store": [
        10427.64803464464,
        415.4616837187185
    ],