{
    "1_1_actor_calls_async": [
        8547.469123215667,
        130.11017145942574
    ],
    "1_1_actor_calls_concurrent": [
        5034.662033195711,
        119.98608600789164
    ],
    "1_1_actor_calls_sync": [
        1912.6174326068551,
        21.594021607471205
    ],
    "1_1_async_actor_calls_async": [
        4176.255856784519,
        205.40764157109743
    ],
    "1_1_async_actor_calls_sync": [
        1417.4714984406974,
        28.21839396297916
    ],
    "1_1_async_actor_calls_with_args_async": [
        2710.6889492331006,
        162.21362455298956
    ],
    "1_n_actor_calls_async": [
        8240.53983586463,
        109.12913433176277
    ],
    "1_n_async_actor_calls_async": [
        7502.0906612607105,
        120.39851795621024
    ],
    "client__1_1_actor_calls_async": [
        1025.1921134059028,
        45.762668338935924
    ],
    "client__1_1_actor_calls_concurrent": [
        1032.9858412415201,
        19.007742815425363
    ],
    "client__1_1_actor_calls_sync": [
        504.79511779286827,
        15.437312917902101
    ],
    "client__get_calls": [
        1124.005061067884,
        4.863677608785879
    ],
    "client__put_calls": [
        818.4632760027373,
        38.7590502342988
    ],
    "client__put_gigabytes": [
        0.1516460375456968,
        0.001332185981053798
    ],
    "client__tasks_and_get_batch": [
        0.9124810822697493,
        0.032434700943117685
    ],
    "client__tasks_and_put_batch": [
        13870.502654856362,
        333.19517763051937
    ],
    "multi_client_put_calls_Plasma_Store": [
        15543.88478060201,
        508.0802589826762
    ],
    "multi_client_put_gigabytes": [
        33.968763685249776,
        2.0063210566206635
    ],
    "multi_client_tasks_async": [
        21404.22305204687,
        2785.269467503163
    ],
    "n_n_actor_calls_async": [
        26212.485337497925,
        814.5964008096101
    ],
    "n_n_actor_calls_with_arg_async": [
        2473.163327924083,
        76.62214616648113
    ],
    "n_n_async_actor_calls_async": [
        22542.16458297063,
        1141.2477895746185
    ],
    "perf_metrics": [
        {
            "perf_metric_name": "single_client_get_calls_Plasma_Store",
            "perf_metric_type": "THROUGHPUT",
            "perf_metric_value": 10588.032610459411
        },
        {
            "perf_metric_name": "single_client_put_calls_Plasma_Store",
            "perf_metric_type": "THROUGHPUT",
            "perf_metric_value": 4780.133410691611
        },
        {
            "perf_metric_name": "multi_client_put_calls_Plasma_Store",
            "perf_metric_type": "THROUGHPUT",
            "perf_metric_value": 15543.88478060201
        },
        {
            "perf_metric_name": "single_client_put_gigabytes",
            "perf_metric_type": "THROUGHPUT",
            "perf_metric_value": 19.040808674555695
        },
        {
            "perf_metric_name": "single_client_tasks_and_get_batch",
            "perf_metric_type": "THROUGHPUT",
            "perf_metric_value": 5.680486486924976
        },
        {
            "perf_metric_name": "multi_client_put_gigabytes",
            "perf_metric_type": "THROUGHPUT",
            "perf_metric_value": 33.968763685249776
        },
        {
            "perf_metric_name": "single_client_get_object_containing_10k_refs",
            "perf_metric_type": "THROUGHPUT",
            "perf_metric_value": 11.349304359077122
        },
        {
            "perf_metric_name": "single_client_wait_1k_refs",
            "perf_metric_type": "THROUGHPUT",
            "perf_metric_value": 4.568303345800756
        },
        {
            "perf_metric_name": "single_client_tasks_sync",
            "perf_metric_type": "THROUGHPUT",
            "perf_metric_value": 927.6195505025511
        },
        {
            "perf_metric_name": "single_client_tasks_async",
            "perf_metric_type": "THROUGHPUT",
            "perf_metric_value": 7495.427972759755
        },
        {
            "perf_metric_name": "multi_client_tasks_async",
            "perf_metric_type": "THROUGHPUT",
            "perf_metric_value": 21404.22305204687
        },
        {
            "perf_metric_name": "1_1_actor_calls_sync",
            "perf_metric_type": "THROUGHPUT",
            "perf_metric_value": 1912.6174326068551
        },
        {
            "perf_metric_name": "1_1_actor_calls_async",
            "perf_metric_type": "THROUGHPUT",
            "perf_metric_value": 8547.469123215667
        },
        {
            "perf_metric_name": "1_1_actor_calls_concurrent",
            "perf_metric_type": "THROUGHPUT",
            "perf_metric_value": 5034.662033195711
        },
        {
            "perf_metric_name": "1_n_actor_calls_async",
            "perf_metric_type": "THROUGHPUT",
            "perf_metric_value": 8240.53983586463
        },
        {
            "perf_metric_name": "n_n_actor_calls_async",
            "perf_metric_type": "THROUGHPUT",
            "perf_metric_value": 26212.485337497925
        },
        {
            "perf_metric_name": "n_n_actor_calls_with_arg_async",
            "perf_metric_type": "THROUGHPUT",
            "perf_metric_value": 2473.163327924083
        },
        {
            "perf_metric_name": "1_1_async_actor_calls_sync",
            "perf_metric_type": "THROUGHPUT",
            "perf_metric_value": 1417.4714984406974
        },
        {
            "perf_metric_name": "1_1_async_actor_calls_async",
            "perf_metric_type": "THROUGHPUT",
            "perf_metric_value": 4176.255856784519
        },
        {
            "perf_metric_name": "1_1_async_actor_calls_with_args_async",
            "perf_metric_type": "THROUGHPUT",
            "perf_metric_value": 2710.6889492331006
        },
        {
            "perf_metric_name": "1_n_async_actor_calls_async",
            "perf_metric_type": "THROUGHPUT",
            "perf_metric_value": 7502.0906612607105
        },
        {
            "perf_metric_name": "n_n_async_actor_calls_async",
            "perf_metric_type": "THROUGHPUT",
            "perf_metric_value": 22542.16458297063
        },
        {
            "perf_metric_name": "placement_group_create/removal",
            "perf_metric_type": "THROUGHPUT",
            "perf_metric_value": 753.5660410727677
        },
        {
            "perf_metric_name": "client__get_calls",
            "perf_metric_type": "THROUGHPUT",
            "perf_metric_value": 1124.005061067884
        },
        {
            "perf_metric_name": "client__put_calls",
            "perf_metric_type": "THROUGHPUT",
            "perf_metric_value": 818.4632760027373
        },
        {
            "perf_metric_name": "client__put_gigabytes",
            "perf_metric_type": "THROUGHPUT",
            "perf_metric_value": 0.1516460375456968
        },
        {
            "perf_metric_name": "client__tasks_and_put_batch",
            "perf_metric_type": "THROUGHPUT",
            "perf_metric_value": 13870.502654856362
        },
        {
            "perf_metric_name": "client__1_1_actor_calls_sync",
            "perf_metric_type": "THROUGHPUT",
            "perf_metric_value": 504.79511779286827
        },
        {
            "perf_metric_name": "client__1_1_actor_calls_async",
            "perf_metric_type": "THROUGHPUT",
            "perf_metric_value": 1025.1921134059028
        },
        {
            "perf_metric_name": "client__1_1_actor_calls_concurrent",
            "perf_metric_type": "THROUGHPUT",
            "perf_metric_value": 1032.9858412415201
        },
        {
            "perf_metric_name": "client__tasks_and_get_batch",
            "perf_metric_type": "THROUGHPUT",
            "perf_metric_value": 0.9124810822697493
        }
    ],
    "placement_group_create/removal": [
        753.5660410727677,
        5.91035174783976
    ],