{
    "1_1_actor_calls_async": [
        8399.403184470113,
        136.21707407297257
    ],
    "1_1_actor_calls_concurrent": [
        4647.56843532278,
        63.094751150482914
    ],
    "1_1_actor_calls_sync": [
        1839.4898060940372,
        14.066274815453491
    ],
    "1_1_async_actor_calls_async": [
        3995.0258578261814,
        144.46958633072862
    ],
    "1_1_async_actor_calls_sync": [
        1343.0595085140048,
        19.829689965062563
    ],
    "1_1_async_actor_calls_with_args_async": [
        2589.906655726785,
        39.65780957989427
    ],
    "1_n_actor_calls_async": [
        7345.613928457275,
        58.71993585889256
    ],
    "1_n_async_actor_calls_async": [
        6492.653462688266,
        95.60615046682146
    ],
    "client__1_1_actor_calls_async": [
        883.7347522770161,
        12.199594413954227
    ],
    "client__1_1_actor_calls_concurrent": [
        889.14113884267,
        17.47600076704852
    ],
    "client__1_1_actor_calls_sync": [
        483.38098840508496,
        15.957964297181181
    ],
    "client__get_calls": [
        831.689705073893,
        28.771286733299675
    ],
    "client__put_calls": [
        713.82381443796,
        9.228828102434214
    ],
    "client__put_gigabytes": [
        0.10173890088342342,
        0.00033582555733193726
    ],
    "client__tasks_and_get_batch": [
        0.8264370292993273,
        0.01727144267367441
    ],
    "client__tasks_and_put_batch": [
        9085.541921590711,
        165.7954798461543
    ],
    "multi_client_put_calls_Plasma_Store": [
        9952.762154617178,
        38.41564361532616
    ],
    "multi_client_put_gigabytes": [
        27.49866375110667,
        0.5825571491197781
    ],
    "multi_client_tasks_async": [
        20210.985366169363,
        2479.1473885161845
    ],
    "n_n_actor_calls_async": [
        23225.920055471943,
        1333.629196021959
    ],
    "n_n_actor_calls_with_arg_async": [
        2723.9690685388855,
        13.543227804321521
    ],
    "n_n_async_actor_calls_async": [
        20513.389244097456,
        579.320086028046
    ],
    "perf_metrics": [
        {
            "perf_metric_name": "single_client_get_calls_Plasma_Store",
            "perf_metric_type": "THROUGHPUT",
            "perf_metric_value": 4030.5453313124744
        },
        {
            "perf_metric_name": "single_client_put_calls_Plasma_Store",
            "perf_metric_type": "THROUGHPUT",
            "perf_metric_value": 4171.572402867286
        },
        {
            "perf_metric_name": "multi_client_put_calls_Plasma_Store",
            "perf_metric_type": "THROUGHPUT",
            "perf_metric_value": 9952.762154617178
        },
        {
            "perf_metric_name": "single_client_put_gigabytes",
            "perf_metric_type": "THROUGHPUT",
            "perf_metric_value": 18.324991353469613
        },
        {
            "perf_metric_name": "single_client_tasks_and_get_batch",
            "perf_metric_type": "THROUGHPUT",
            "perf_metric_value": 6.510453684729034
        },
        {
            "perf_metric_name": "multi_client_put_gigabytes",
            "perf_metric_type": "THROUGHPUT",
            "perf_metric_value": 27.49866375110667
        },
        {
            "perf_metric_name": "single_client_get_object_containing_10k_refs",
            "perf_metric_type": "THROUGHPUT",
            "perf_metric_value": 11.296427707979271
        },
        {
            "perf_metric_name": "single_client_wait_1k_refs",
            "perf_metric_type": "THROUGHPUT",
            "perf_metric_value": 4.396844484606209
        },
        {
            "perf_metric_name": "single_client_tasks_sync",
            "perf_metric_type": "THROUGHPUT",
            "perf_metric_value": 829.8982620271383
        },
        {
            "perf_metric_name": "single_client_tasks_async",
            "perf_metric_type": "THROUGHPUT",
            "perf_metric_value": 5868.239300602419
        },
        {
            "perf_metric_name": "multi_client_tasks_async",
            "perf_metric_type": "THROUGHPUT",
            "perf_metric_value": 20210.985366169363
        },
        {
            "perf_metric_name": "1_1_actor_calls_sync",
            "perf_metric_type": "THROUGHPUT",
            "perf_metric_value": 1839.4898060940372
        },
        {
            "perf_metric_name": "1_1_actor_calls_async",
            "perf_metric_type": "THROUGHPUT",
            "perf_metric_value": 8399.403184470113
        },
        {
            "perf_metric_name": "1_1_actor_calls_concurrent",
            "perf_metric_type": "THROUGHPUT",
            "perf_metric_value": 4647.56843532278
        },
        {
            "perf_metric_name": "1_n_actor_calls_async",
            "perf_metric_type": "THROUGHPUT",
            "perf_metric_value": 7345.613928457275
        },
        {
            "perf_metric_name": "n_n_actor_calls_async",
            "perf_metric_type": "THROUGHPUT",
            "perf_metric_value": 23225.920055471943
        },
        {
            "perf_metric_name": "n_n_actor_calls_with_arg_async",
            "perf_metric_type": "THROUGHPUT",
            "perf_metric_value": 2723.9690685388855
        },
        {
            "perf_metric_name": "1_1_async_actor_calls_sync",
            "perf_metric_type": "THROUGHPUT",
            "perf_metric_value": 1343.0595085140048
        },
        {
            "perf_metric_name": "1_1_async_actor_calls_async",
            "perf_metric_type": "THROUGHPUT",
            "perf_metric_value": 3995.0258578261814
        },
        {
            "perf_metric_name": "1_1_async_actor_calls_with_args_async",
            "perf_metric_type": "THROUGHPUT",
            "perf_metric_value": 2589.906655726785
        },
        {
            "perf_metric_name": "1_n_async_actor_calls_async",
            "perf_metric_type": "THROUGHPUT",
            "perf_metric_value": 6492.653462688266
        },
        {
            "perf_metric_name": "n_n_async_actor_calls_async",
            "perf_metric_type": "THROUGHPUT",
            "perf_metric_value": 20513.389244097456
        },
        {
            "perf_metric_name": "placement_group_create/removal",
            "perf_metric_type": "THROUGHPUT",
            "perf_metric_value": 666.3527476116307
        },
        {
            "perf_metric_name": "client__get_calls",
            "perf_metric_type": "THROUGHPUT",
            "perf_metric_value": 831.689705073893
        },
        {
            "perf_metric_name": "client__put_calls",
            "perf_metric_type": "THROUGHPUT",
            "perf_metric_value": 713.82381443796
        },
        {
            "perf_metric_name": "client__put_gigabytes",
            "perf_metric_type": "THROUGHPUT",
            "perf_metric_value": 0.10173890088342342
        },
        {
            "perf_metric_name": "client__tasks_and_put_batch",
            "perf_metric_type": "THROUGHPUT",
            "perf_metric_value": 9085.541921590711
        },
        {
            "perf_metric_name": "client__1_1_actor_calls_sync",
            "perf_metric_type": "THROUGHPUT",
            "perf_metric_value": 483.38098840508496
        },
        {
            "perf_metric_name": "client__1_1_actor_calls_async",
            "perf_metric_type": "THROUGHPUT",
            "perf_metric_value": 883.7347522770161
        },
        {
            "perf_metric_name": "client__1_1_actor_calls_concurrent",
            "perf_metric_type": "THROUGHPUT",
            "perf_metric_value": 889.14113884267
        },
        {
            "perf_metric_name": "client__tasks_and_get_batch",
            "perf_metric_type": "THROUGHPUT",
            "perf_metric_value": 0.8264370292993273
        }
    ],
    "placement_group_create/removal": [
        666.3527476116307,
        2.878579109687689
    ],
    "single_client_get_calls_Plasma_Store": [
        4030.5453313124744,
        83.4215261086502
    ],