{
    "1_1_actor_calls_async": [
        8479.131512159902,
        449.64091460972287
    ],
    "1_1_actor_calls_concurrent": [
        5629.888924437268,
        234.90676364325793
    ],
    "1_1_actor_calls_sync": [
        1894.334713622146,
        24.612801215171302
    ],
    "1_1_async_actor_calls_async": [
        4314.570035703319,
        304.5453646146402
    ],
    "1_1_async_actor_calls_sync": [
        1425.2460291392301,
        10.972434631632895
    ],
    "1_1_async_actor_calls_with_args_async": [
        2762.9385297368535,
        126.75534928061596
    ],
    "1_n_actor_calls_async": [
        7818.847120700663,
        64.99608921713438
    ],
    "1_n_async_actor_calls_async": [
        6913.550938819563,
        98.3567118445223
    ],
    "client__1_1_actor_calls_async": [
        1152.0966726586987,
        5.949648400768134
    ],
    "client__1_1_actor_calls_concurrent": [
        1146.7134222243185,
        6.42547694106721
    ],
    "client__1_1_actor_calls_sync": [
        576.2018967799997,
        10.50153867932314
    ],
    "client__get_calls": [
        1033.7763022350296,
        5.34524244588223
    ],
    "client__put_calls": [
        821.8214713340072,
        6.060117412244701
    ],
    "client__put_gigabytes": [
        0.10220457395600176,
        0.0007220930561878849
    ],
    "client__tasks_and_get_batch": [
        1.0755792867557323,
        0.013832969422864473
    ],
    "client__tasks_and_put_batch": [
        11657.102874288967,
        208.2074750539261
    ],
    "multi_client_put_calls_Plasma_Store": [
        13260.224066162647,
        116.63110628919485
    ],
    "multi_client_put_gigabytes": [
        47.62336463265461,
        4.1367625605785605
    ],
    "multi_client_tasks_async": [
        20569.559125979922,
        1553.3544021601588
    ],
    "n_n_actor_calls_async": [
        24531.521409406632,
        1132.8337423991986
    ],
    "n_n_actor_calls_with_arg_async": [
        3353.6340010226468,
        26.1884248878178
    ],
    "n_n_async_actor_calls_async": [
        21866.061040938854,
        575.3937912232543
    ],
    "perf_metrics": [
        {
            "perf_metric_name": "single_client_get_calls_Plasma_Store",
            "perf_metric_type": "THROUGHPUT",
            "perf_metric_value": 9541.420239681218
        },
        {
            "perf_metric_name": "single_client_put_calls_Plasma_Store",
            "perf_metric_type": "THROUGHPUT",
            "perf_metric_value": 4686.60144219099
        },
        {
            "perf_metric_name": "multi_client_put_calls_Plasma_Store",
            "perf_metric_type": "THROUGHPUT",
            "perf_metric_value": 13260.224066162647
        },
        {
            "perf_metric_name": "single_client_put_gigabytes",
            "perf_metric_type": "THROUGHPUT",
            "perf_metric_value": 10.83745250237838
        },
        {
            "perf_metric_name": "single_client_tasks_and_get_batch",
            "perf_metric_type": "THROUGHPUT",
            "perf_metric_value": 6.5168926025589275
        },
        {
            "perf_metric_name": "multi_client_put_gigabytes",
            "perf_metric_type": "THROUGHPUT",
            "perf_metric_value": 47.62336463265461
        },
        {
            "perf_metric_name": "single_client_get_object_containing_10k_refs",
            "perf_metric_type": "THROUGHPUT",
            "perf_metric_value": 12.697911312818526
        },
        {
            "perf_metric_name": "single_client_wait_1k_refs",
            "perf_metric_type": "THROUGHPUT",
            "perf_metric_value": 4.803898199921876
        },
        {
            "perf_metric_name": "single_client_tasks_sync",
            "perf_metric_type": "THROUGHPUT",
            "perf_metric_value": 872.2036137608502
        },
        {
            "perf_metric_name": "single_client_tasks_async",
            "perf_metric_type": "THROUGHPUT",
            "perf_metric_value": 6961.354217387221
        },
        {
            "perf_metric_name": "multi_client_tasks_async",
            "perf_metric_type": "THROUGHPUT",
            "perf_metric_value": 20569.559125979922
        },
        {
            "perf_metric_name": "1_1_actor_calls_sync",
            "perf_metric_type": "THROUGHPUT",
            "perf_metric_value": 1894.334713622146
        },
        {
            "perf_metric_name": "1_1_actor_calls_async",
            "perf_metric_type": "THROUGHPUT",
            "perf_metric_value": 8479.131512159902
        },
        {
            "perf_metric_name": "1_1_actor_calls_concurrent",
            "perf_metric_type": "THROUGHPUT",
            "perf_metric_value": 5629.888924437268
        },
        {
            "perf_metric_name": "1_n_actor_calls_async",
            "perf_metric_type": "THROUGHPUT",
            "perf_metric_value": 7818.847120700663
        },
        {
            "perf_metric_name": "n_n_actor_calls_async",
            "perf_metric_type": "THROUGHPUT",
            "perf_metric_value": 24531.521409406632
        },
        {
            "perf_metric_name": "n_n_actor_calls_with_arg_async",
            "perf_metric_type": "THROUGHPUT",
            "perf_metric_value": 3353.6340010226468
        },
        {
            "perf_metric_name": "1_1_async_actor_calls_sync",
            "perf_metric_type": "THROUGHPUT",
            "perf_metric_value": 1425.2460291392301
        },
        {
            "perf_metric_name": "1_1_async_actor_calls_async",
            "perf_metric_type": "THROUGHPUT",
            "perf_metric_value": 4314.570035703319
        },
        {
            "perf_metric_name": "1_1_async_actor_calls_with_args_async",
            "perf_metric_type": "THROUGHPUT",
            "perf_metric_value": 2762.9385297368535
        },
        {
            "perf_metric_name": "1_n_async_actor_calls_async",
            "perf_metric_type": "THROUGHPUT",
            "perf_metric_value": 6913.550938819563
        },
        {
            "perf_metric_name": "n_n_async_actor_calls_async",
            "perf_metric_type": "THROUGHPUT",
            "perf_metric_value": 21866.061040938854
        },
        {
            "perf_metric_name": "placement_group_create/removal",
            "perf_metric_type": "THROUGHPUT",
            "perf_metric_value": 685.9076055741489
        },
        {
            "perf_metric_name": "client__get_calls",
            "perf_metric_type": "THROUGHPUT",
            "perf_metric_value": 1033.7763022350296
        },
        {
            "perf_metric_name": "client__put_calls",
            "perf_metric_type": "THROUGHPUT",
            "perf_metric_value": 821.8214713340072
        },
        {
            "perf_metric_name": "client__put_gigabytes",
            "perf_metric_type": "THROUGHPUT",
            "perf_metric_value": 0.10220457395600176
        },
        {
            "perf_metric_name": "client__tasks_and_put_batch",
            "perf_metric_type": "THROUGHPUT",
            "perf_metric_value": 11657.102874288967
        },
        {
            "perf_metric_name": "client__1_1_actor_calls_sync",
            "perf_metric_type": "THROUGHPUT",
            "perf_metric_value": 576.2018967799997
        },
        {
            "perf_metric_name": "client__1_1_actor_calls_async",
            "perf_metric_type": "THROUGHPUT",
            "perf_metric_value": 1152.0966726586987
        },
        {
            "perf_metric_name": "client__1_1_actor_calls_concurrent",
            "perf_metric_type": "THROUGHPUT",
            "perf_metric_value": 1146.7134222243185
        },
        {
            "perf_metric_name": "client__tasks_and_get_batch",
            "perf_metric_type": "THROUGHPUT",
            "perf_metric_value": 1.0755792867557323
        }
    ],
    "placement_group_create/removal": [
        685.9076055741489,
        10.053761287925537
    ],