{
    "1_1_actor_calls_async": [
        7925.658042658907,
        333.79803776770194
    ],
    "1_1_actor_calls_concurrent": [
        4710.115509639389,
        60.79075536787328
    ],
    "1_1_actor_calls_sync": [
        1826.440590474467,
        30.44826694257455
    ],
    "1_1_async_actor_calls_async": [
        3645.3291604906276,
        145.09649825222274
    ],
    "1_1_async_actor_calls_sync": [
        1374.047824125402,
        35.86321385785778
    ],
    "1_1_async_actor_calls_with_args_async": [
        2426.398157992012,
        38.78002524735766
    ],
    "1_n_actor_calls_async": [
        7563.474741840271,
        160.3419047539893
    ],
    "1_n_async_actor_calls_async": [
        6964.257909926722,
        53.3826400982145
    ],
    "client__1_1_actor_calls_async": [
        846.4118553774217,
        21.74145942353796
    ],
    "client__1_1_actor_calls_concurrent": [
        862.8335019710298,
        5.40969189845287
    ],
    "client__1_1_actor_calls_sync": [
        488.0060975075199,
        18.43611203884743
    ],
    "client__get_calls": [
        983.5607099398597,
        44.68614802894011
    ],
    "client__put_calls": [
        769.3648317551028,
        25.86986897843832
    ],
    "client__put_gigabytes": [
        0.10294244610916167,
        0.00021781279103519403
    ],
    "client__tasks_and_get_batch": [
        0.8049748278618892,
        0.0384792096927115
    ],
    "client__tasks_and_put_batch": [
        10098.586104880465,
        158.55761529403424
    ],
    "multi_client_put_calls_Plasma_Store": [
        10922.349171697762,
        411.8369713180647
    ],
    "multi_client_put_gigabytes": [
        27.572292929404366,
        0.301414736739597
    ],
    "multi_client_tasks_async": [
        19294.747670848352,
        1531.838851224768
    ],
    "n_n_actor_calls_async": [
        24808.730524179864,
        580.5120779930962
    ],
    "n_n_actor_calls_with_arg_async": [
        2564.489147392739,
        58.242925806948335
    ],
    "n_n_async_actor_calls_async": [
        21602.16598513169,
        648.5971305332962
    ],
    "perf_metrics": [
        {
            "perf_metric_name": "single_client_get_calls_Plasma_Store",
            "perf_metric_type": "THROUGHPUT",
            "perf_metric_value": 9176.686326011131
        },
        {
            "perf_metric_name": "single_client_put_calls_Plasma_Store",
            "perf_metric_type": "THROUGHPUT",
            "perf_metric_value": 4795.051007052156
        },
        {
            "perf_metric_name": "multi_client_put_calls_Plasma_Store",
            "perf_metric_type": "THROUGHPUT",
            "perf_metric_value": 10922.349171697762
        },
        {
            "perf_metric_name": "single_client_put_gigabytes",
            "perf_metric_type": "THROUGHPUT",
            "perf_metric_value": 20.350152593657818
        },
        {
            "perf_metric_name": "single_client_tasks_and_get_batch",
            "perf_metric_type": "THROUGHPUT",
            "perf_metric_value": 5.261194854317881
        },
        {
            "perf_metric_name": "multi_client_put_gigabytes",
            "perf_metric_type": "THROUGHPUT",
            "perf_metric_value": 27.572292929404366
        },
        {
            "perf_metric_name": "single_client_get_object_containing_10k_refs",
            "perf_metric_type": "THROUGHPUT",
            "perf_metric_value": 13.142098493341212
        },
        {
            "perf_metric_name": "single_client_wait_1k_refs",
            "perf_metric_type": "THROUGHPUT",
            "perf_metric_value": 4.8129125825624035
        },
        {
            "perf_metric_name": "single_client_tasks_sync",
            "perf_metric_type": "THROUGHPUT",
            "perf_metric_value": 900.96738867954
        },
        {
            "perf_metric_name": "single_client_tasks_async",
            "perf_metric_type": "THROUGHPUT",
            "perf_metric_value": 7418.67591750316
        },
        {
            "perf_metric_name": "multi_client_tasks_async",
            "perf_metric_type": "THROUGHPUT",
            "perf_metric_value": 19294.747670848352
        },
        {
            "perf_metric_name": "1_1_actor_calls_sync",
            "perf_metric_type": "THROUGHPUT",
            "perf_metric_value": 1826.440590474467
        },
        {
            "perf_metric_name": "1_1_actor_calls_async",
            "perf_metric_type": "THROUGHPUT",
            "perf_metric_value": 7925.658042658907
        },
        {
            "perf_metric_name": "1_1_actor_calls_concurrent",
            "perf_metric_type": "THROUGHPUT",
            "perf_metric_value": 4710.115509639389
        },
        {
            "perf_metric_name": "1_n_actor_calls_async",
            "perf_metric_type": "THROUGHPUT",
            "perf_metric_value": 7563.474741840271
        },
        {
            "perf_metric_name": "n_n_actor_calls_async",
            "perf_metric_type": "THROUGHPUT",
            "perf_metric_value": 24808.730524179864
        },
        {
            "perf_metric_name": "n_n_actor_calls_with_arg_async",
            "perf_metric_type": "THROUGHPUT",
            "perf_metric_value": 2564.489147392739
        },
        {
            "perf_metric_name": "1_1_async_actor_calls_sync",
            "perf_metric_type": "THROUGHPUT",
            "perf_metric_value": 1374.047824125402
        },
        {
            "perf_metric_name": "1_1_async_actor_calls_async",
            "perf_metric_type": "THROUGHPUT",
            "perf_metric_value": 3645.3291604906276
        },
        {
            "perf_metric_name": "1_1_async_actor_calls_with_args_async",
            "perf_metric_type": "THROUGHPUT",
            "perf_metric_value": 2426.398157992012
        },
        {
            "perf_metric_name": "1_n_async_actor_calls_async",
            "perf_metric_type": "THROUGHPUT",
            "perf_metric_value": 6964.257909926722
        },
        {
            "perf_metric_name": "n_n_async_actor_calls_async",
            "perf_metric_type": "THROUGHPUT",
            "perf_metric_value": 21602.16598513169
        },
        {
            "perf_metric_name": "placement_group_create/removal",
            "perf_metric_type": "THROUGHPUT",
            "perf_metric_value": 751.064903521573
        },
        {
            "perf_metric_name": "client__get_calls",
            "perf_metric_type": "THROUGHPUT",
            "perf_metric_value": 983.5607099398597
        },
        {
            "perf_metric_name": "client__put_calls",
            "perf_metric_type": "THROUGHPUT",
            "perf_metric_value": 769.3648317551028
        },
        {
            "perf_metric_name": "client__put_gigabytes",
            "perf_metric_type": "THROUGHPUT",
            "perf_metric_value": 0.10294244610916167
        },
        {
            "perf_metric_name": "client__tasks_and_put_batch",
            "perf_metric_type": "THROUGHPUT",
            "perf_metric_value": 10098.586104880465
        },
        {
            "perf_metric_name": "client__1_1_actor_calls_sync",
            "perf_metric_type": "THROUGHPUT",
            "perf_metric_value": 488.0060975075199
        },
        {
            "perf_metric_name": "client__1_1_actor_calls_async",
            "perf_metric_type": "THROUGHPUT",
            "perf_metric_value": 846.4118553774217
        },
        {
            "perf_metric_name": "client__1_1_actor_calls_concurrent",
            "perf_metric_type": "THROUGHPUT",
            "perf_metric_value": 862.8335019710298
        },
        {
            "perf_metric_name": "client__tasks_and_get_batch",
            "perf_metric_type": "THROUGHPUT",
            "perf_metric_value": 0.8049748278618892
        }
    ],
    "placement_group_create/removal": [
        751.064903521573,
        5.332518268184338
    ],
    "single_client_get_calls_Plasma_Store": [
        9176.686326011131,
        202.59360315795405
    ],