{
    "1_1_actor_calls_async": [
        8333.524788377435,
        139.4971970860079
    ],
    "1_1_actor_calls_concurrent": [
        5128.690143549978,
        72.51862619127049
    ],
    "1_1_actor_calls_sync": [
        2058.3799984150405,
        11.233477115678642
    ],
    "1_1_async_actor_calls_async": [
        3257.4165702788237,
        126.34490761943368
    ],
    "1_1_async_actor_calls_sync": [
        1374.6956063631808,
        19.92364573442667
    ],
    "1_1_async_actor_calls_with_args_async": [
        2389.576009385017,
        96.41355340514747
    ],
    "1_n_actor_calls_async": [
        8761.526579680127,
        246.64842704677028
    ],
    "1_n_async_actor_calls_async": [
        7552.746593848862,
        44.30686270497591
    ],
    "client__1_1_actor_calls_async": [
        987.0826476868258,
        15.867004371591774
    ],
    "client__1_1_actor_calls_concurrent": [
        983.3703155378647,
        11.430681150062163
    ],
    "client__1_1_actor_calls_sync": [
        534.2825013844715,
        2.950503846313585
    ],
    "client__get_calls": [
        1079.3418038309135,
        33.135415306177244
    ],
    "client__put_calls": [
        814.6764560093619,
        12.322138031313903
    ],
    "client__put_gigabytes": [
        0.13149954065134536,
        0.001063187907570302
    ],
    "client__tasks_and_get_batch": [
        0.9454156734042978,
        0.0038137424075750334
    ],
    "client__tasks_and_put_batch": [
        11759.788796582228,
        372.25256677234967
    ],
    "multi_client_put_calls_Plasma_Store": [
        13048.216108376133,
        230.29813938308763
    ],
    "multi_client_put_gigabytes": [
        32.76192945223942,
        0.8011869785099314
    ],
    "multi_client_tasks_async": [
        23557.51911206466,
        1772.622998691743
    ],
    "n_n_actor_calls_async": [
        27657.83033159681,
        630.3849349038278
    ],
    "n_n_actor_calls_with_arg_async": [
        2713.0325692965866,
        45.54010191103914
    ],
    "n_n_async_actor_calls_async": [
        23307.202618153802,
        661.4791179159593
    ],
    "perf_metrics": [
        {
            "perf_metric_name": "single_client_get_calls_Plasma_Store",
            "perf_metric_type": "THROUGHPUT",
            "perf_metric_value": 10593.772848299006
        },
        {
            "perf_metric_name": "single_client_put_calls_Plasma_Store",
            "perf_metric_type": "THROUGHPUT",
            "perf_metric_value": 5300.894918847503
        },
        {
            "perf_metric_name": "multi_client_put_calls_Plasma_Store",
            "perf_metric_type": "THROUGHPUT",
            "perf_metric_value": 13048.216108376133
        },
        {
            "perf_metric_name": "single_client_put_gigabytes",
            "perf_metric_type": "THROUGHPUT",
            "perf_metric_value": 20.28764104367834
        },
        {
            "perf_metric_name": "single_client_tasks_and_get_batch",
            "perf_metric_type": "THROUGHPUT",
            "perf_metric_value": 8.033801054151493
        },
        {
            "perf_metric_name": "multi_client_put_gigabytes",
            "perf_metric_type": "THROUGHPUT",
            "perf_metric_value": 32.76192945223942
        },
        {
            "perf_metric_name": "single_client_get_object_containing_10k_refs",
            "perf_metric_type": "THROUGHPUT",
            "perf_metric_value": 13.16167615938565
        },
        {
            "perf_metric_name": "single_client_wait_1k_refs",
            "perf_metric_type": "THROUGHPUT",
            "perf_metric_value": 5.378868872174563
        },
        {
            "perf_metric_name": "single_client_tasks_sync",
            "perf_metric_type": "THROUGHPUT",
            "perf_metric_value": 987.4363632697047
        },
        {
            "perf_metric_name": "single_client_tasks_async",
            "perf_metric_type": "THROUGHPUT",
            "perf_metric_value": 7954.923588767402
        },
        {
            "perf_metric_name": "multi_client_tasks_async",
            "perf_metric_type": "THROUGHPUT",
            "perf_metric_value": 23557.51911206466
        },
        {
            "perf_metric_name": "1_1_actor_calls_sync",
            "perf_metric_type": "THROUGHPUT",
            "perf_metric_value": 2058.3799984150405
        },
        {
            "perf_metric_name": "1_1_actor_calls_async",
            "perf_metric_type": "THROUGHPUT",
            "perf_metric_value": 8333.524788377435
        },
        {
            "perf_metric_name": "1_1_actor_calls_concurrent",
            "perf_metric_type": "THROUGHPUT",
            "perf_metric_value": 5128.690143549978
        },
        {
            "perf_metric_name": "1_n_actor_calls_async",
            "perf_metric_type": "THROUGHPUT",
            "perf_metric_value": 8761.526579680127
        },
        {
            "perf_metric_name": "n_n_actor_calls_async",
            "perf_metric_type": "THROUGHPUT",
            "perf_metric_value": 27657.83033159681
        },
        {
            "perf_metric_name": "n_n_actor_calls_with_arg_async",
            "perf_metric_type": "THROUGHPUT",
            "perf_metric_value": 2713.0325692965866
        },
        {
            "perf_metric_name": "1_1_async_actor_calls_sync",
            "perf_metric_type": "THROUGHPUT",
            "perf_metric_value": 1374.6956063631808
        },
        {
            "perf_metric_name": "1_1_async_actor_calls_async",
            "perf_metric_type": "THROUGHPUT",
            "perf_metric_value": 3257.4165702788237
        },
        {
            "perf_metric_name": "1_1_async_actor_calls_with_args_async",
            "perf_metric_type": "THROUGHPUT",
            "perf_metric_value": 2389.576009385017
        },
        {
            "perf_metric_name": "1_n_async_actor_calls_async",
            "perf_metric_type": "THROUGHPUT",
            "perf_metric_value": 7552.746593848862
        },
        {
            "perf_metric_name": "n_n_async_actor_calls_async",
            "perf_metric_type": "THROUGHPUT",
            "perf_metric_value": 23307.202618153802
        },
        {
            "perf_metric_name": "placement_group_create/removal",
            "perf_metric_type": "THROUGHPUT",
            "perf_metric_value": 840.8257707443967
        },
        {
            "perf_metric_name": "client__get_calls",
            "perf_metric_type": "THROUGHPUT",
            "perf_metric_value": 1079.3418038309135
        },
        {
            "perf_metric_name": "client__put_calls",
            "perf_metric_type": "THROUGHPUT",
            "perf_metric_value": 814.6764560093619
        },
        {
            "perf_metric_name": "client__put_gigabytes",
            "perf_metric_type": "THROUGHPUT",
            "perf_metric_value": 0.13149954065134536
        },
        {
            "perf_metric_name": "client__tasks_and_put_batch",
            "perf_metric_type": "THROUGHPUT",
            "perf_metric_value": 11759.788796582228
        },
        {
            "perf_metric_name": "client__1_1_actor_calls_sync",
            "perf_metric_type": "THROUGHPUT",
            "perf_metric_value": 534.2825013844715
        },
        {
            "perf_metric_name": "client__1_1_actor_calls_async",
            "perf_metric_type": "THROUGHPUT",
            "perf_metric_value": 987.0826476868258
        },
        {
            "perf_metric_name": "client__1_1_actor_calls_concurrent",
            "perf_metric_type": "THROUGHPUT",
            "perf_metric_value": 983.3703155378647
        },
        {
            "perf_metric_name": "client__tasks_and_get_batch",
            "perf_metric_type": "THROUGHPUT",
            "perf_metric_value": 0.9454156734042978
        }
    ],
    "placement_group_create/removal": [
        840.8257707443967,
        5.485007857797762
    ],