{
    "1_1_actor_calls_async": [
        8107.035947364004,
        194.70645316452402
    ],
    "1_1_actor_calls_concurrent": [
        5218.943213086157,
        123.36432993082248
    ],
    "1_1_actor_calls_sync": [
        1985.8445748508243,
        15.604868913363081
    ],
    "1_1_async_actor_calls_async": [
        4669.450952977499,
        320.07551524119316
    ],
    "1_1_async_actor_calls_sync": [
        1474.7069154202795,
        36.43494597335915
    ],
    "1_1_async_actor_calls_with_args_async": [
        2953.9546990180343,
        128.10840371596203
    ],
    "1_n_actor_calls_async": [
        8136.711770399841,
        99.07793497695116
    ],
    "1_n_async_actor_calls_async": [
        7488.95904603153,
        32.91861129793621
    ],
    "client__1_1_actor_calls_async": [
        1010.2913968814835,
        10.885467967202615
    ],
    "client__1_1_actor_calls_concurrent": [
        1005.657835173811,
        12.425189876213183
    ],
    "client__1_1_actor_calls_sync": [
        522.5361491166506,
        6.471488244048678
    ],
    "client__get_calls": [
        969.0161835588581,
        23.107992379350016
    ],
    "client__put_calls": [
        785.9139426536512,
        14.074198087763435
    ],
    "client__put_gigabytes": [
        0.15408690555366225,
        0.0007793485636983514
    ],
    "client__tasks_and_get_batch": [
        0.838835573987595,
        0.050083575264214385
    ],
    "client__tasks_and_put_batch": [
        14255.363968554979,
        77.33604494108931
    ],
    "multi_client_put_calls_Plasma_Store": [
        15931.811977493457,
        203.1678701142663
    ],
    "multi_client_put_gigabytes": [
        47.38817873082456,
        4.689430307355956
    ],
    "multi_client_tasks_async": [
        22745.167201851888,
        3116.4036637471227
    ],
    "n_n_actor_calls_async": [
        26441.672940245888,
        632.5223605512703
    ],
    "n_n_actor_calls_with_arg_async": [
        2732.074477927061,
        27.55949571801805
    ],
    "n_n_async_actor_calls_async": [
        23390.23156817461,
        636.7923320872748
    ],
    "perf_metrics": [
        {
            "perf_metric_name": "single_client_get_calls_Plasma_Store",
            "perf_metric_type": "THROUGHPUT",
            "perf_metric_value": 10611.609624248378
        },
        {
            "perf_metric_name": "single_client_put_calls_Plasma_Store",
            "perf_metric_type": "THROUGHPUT",
            "perf_metric_value": 4866.041059585032
        },
        {
            "perf_metric_name": "multi_client_put_calls_Plasma_Store",
            "perf_metric_type": "THROUGHPUT",
            "perf_metric_value": 15931.811977493457
        },
        {
            "perf_metric_name": "single_client_put_gigabytes",
            "perf_metric_type": "THROUGHPUT",
            "perf_metric_value": 18.521529437957106
        },
        {
            "perf_metric_name": "single_client_tasks_and_get_batch",
            "perf_metric_type": "THROUGHPUT",
            "perf_metric_value": 7.56687497857023
        },
        {
            "perf_metric_name": "multi_client_put_gigabytes",
            "perf_metric_type": "THROUGHPUT",
            "perf_metric_value": 47.38817873082456
        },
        {
            "perf_metric_name": "single_client_get_object_containing_10k_refs",
            "perf_metric_type": "THROUGHPUT",
            "perf_metric_value": 12.987017792446045
        },
        {
            "perf_metric_name": "single_client_wait_1k_refs",
            "perf_metric_type": "THROUGHPUT",
            "perf_metric_value": 5.424179804481537
        },
        {
            "perf_metric_name": "single_client_tasks_sync",
            "perf_metric_type": "THROUGHPUT",
            "perf_metric_value": 1013.1673399687909
        },
        {
            "perf_metric_name": "single_client_tasks_async",
            "perf_metric_type": "THROUGHPUT",
            "perf_metric_value": 8032.409007811969
        },
        {
            "perf_metric_name": "multi_client_tasks_async",
            "perf_metric_type": "THROUGHPUT",
            "perf_metric_value": 22745.167201851888
        },
        {
            "perf_metric_name": "1_1_actor_calls_sync",
            "perf_metric_type": "THROUGHPUT",
            "perf_metric_value": 1985.8445748508243
        },
        {
            "perf_metric_name": "1_1_actor_calls_async",
            "perf_metric_type": "THROUGHPUT",
            "perf_metric_value": 8107.035947364004
        },
        {
            "perf_metric_name": "1_1_actor_calls_concurrent",
            "perf_metric_type": "THROUGHPUT",
            "perf_metric_value": 5218.943213086157
        },
        {
            "perf_metric_name": "1_n_actor_calls_async",
            "perf_metric_type": "THROUGHPUT",
            "perf_metric_value": 8136.711770399841
        },
        {
            "perf_metric_name": "n_n_actor_calls_async",
            "perf_metric_type": "THROUGHPUT",
            "perf_metric_value": 26441.672940245888
        },
        {
            "perf_metric_name": "n_n_actor_calls_with_arg_async",
            "perf_metric_type": "THROUGHPUT",
            "perf_metric_value": 2732.074477927061
        },
        {
            "perf_metric_name": "1_1_async_actor_calls_sync",
            "perf_metric_type": "THROUGHPUT",
            "perf_metric_value": 1474.7069154202795
        },
        {
            "perf_metric_name": "1_1_async_actor_calls_async",
            "perf_metric_type": "THROUGHPUT",
            "perf_metric_value": 4669.450952977499
        },
        {
            "perf_metric_name": "1_1_async_actor_calls_with_args_async",
            "perf_metric_type": "THROUGHPUT",
            "perf_metric_value": 2953.9546990180343
        },
        {
            "perf_metric_name": "1_n_async_actor_calls_async",
            "perf_metric_type": "THROUGHPUT",
            "perf_metric_value": 7488.95904603153
        },
        {
            "perf_metric_name": "n_n_async_actor_calls_async",
            "perf_metric_type": "THROUGHPUT",
            "perf_metric_value": 23390.23156817461
        },
        {
            "perf_metric_name": "placement_group_create/removal",
            "perf_metric_type": "THROUGHPUT",
            "perf_metric_value": 749.1128148700998
        },
        {
            "perf_metric_name": "client__get_calls",
            "perf_metric_type": "THROUGHPUT",
            "perf_metric_value": 969.0161835588581
        },
        {
            "perf_metric_name": "client__put_calls",
            "perf_metric_type": "THROUGHPUT",
            "perf_metric_value": 785.9139426536512
        },
        {
            "perf_metric_name": "client__put_gigabytes",
            "perf_metric_type": "THROUGHPUT",
            "perf_metric_value": 0.15408690555366225
        },
        {
            "perf_metric_name": "client__tasks_and_put_batch",
            "perf_metric_type": "THROUGHPUT",
            "perf_metric_value": 14255.363968554979
        },
        {
            "perf_metric_name": "client__1_1_actor_calls_sync",
            "perf_metric_type": "THROUGHPUT",
            "perf_metric_value": 522.5361491166506
        },
        {
            "perf_metric_name": "client__1_1_actor_calls_async",
            "perf_metric_type": "THROUGHPUT",
            "perf_metric_value": 1010.2913968814835
        },
        {
            "perf_metric_name": "client__1_1_actor_calls_concurrent",
            "perf_metric_type": "THROUGHPUT",
            "perf_metric_value": 1005.657835173811
        },
        {
            "perf_metric_name": "client__tasks_and_get_batch",
            "perf_metric_type": "THROUGHPUT",
            "perf_metric_value": 0.838835573987595
        }
    ],
    "placement_group_create/removal": [
        749.1128148700998,
        14.03142021121613
    ],