{
    "1_1_actor_calls_async": [
        8398.56885282787,
        90.64470042092343
    ],
    "1_1_actor_calls_concurrent": [
        5268.769788618396,
        118.51034431437533
    ],
    "1_1_actor_calls_sync": [
        2071.6501933724253,
        66.54602398051257
    ],
    "1_1_async_actor_calls_async": [
        4594.0039367756,
        180.69800094596656
    ],
    "1_1_async_actor_calls_sync": [
        1507.4722826901059,
        38.639742834270045
    ],
    "1_1_async_actor_calls_with_args_async": [
        2906.3799497984073,
        162.39581991600068
    ],
    "1_n_actor_calls_async": [
        8087.002681858739,
        179.1488833569923
    ],
    "1_n_async_actor_calls_async": [
        7747.258573610084,
        159.28066572462012
    ],
    "client__1_1_actor_calls_async": [
        1041.3583204574459,
        11.15719859730251
    ],
    "client__1_1_actor_calls_concurrent": [
        1040.0631707535902,
        5.885662397510047
    ],
    "client__1_1_actor_calls_sync": [
        529.5868989134584,
        4.437050021111481
    ],
    "client__get_calls": [
        984.938248602108,
        19.39903981382506
    ],
    "client__put_calls": [
        782.2028385276735,
        22.37727916683932
    ],
    "client__put_gigabytes": [
        0.15273001910830053,
        0.0003966330505155439
    ],
    "client__tasks_and_get_batch": [
        0.9748684492189577,
        0.013917827149089729
    ],
    "client__tasks_and_put_batch": [
        14510.26499948894,
        142.94582485457454
    ],
    "multi_client_put_calls_Plasma_Store": [
        16476.91701973554,
        153.5268006228045
    ],
    "multi_client_put_gigabytes": [
        45.59421490337185,
        4.252528426368044
    ],
    "multi_client_tasks_async": [
        23754.393304342077,
        3937.6238945605232
    ],
    "n_n_actor_calls_async": [
        27627.813056199215,
        851.4280591592274
    ],
    "n_n_actor_calls_with_arg_async": [
        2707.177086616588,
        18.84646363376401
    ],
    "n_n_async_actor_calls_async": [
        23879.523989612106,
        487.9621758881768
    ],
    "perf_metrics": [
        {
            "perf_metric_name": "single_client_get_calls_Plasma_Store",
            "perf_metric_type": "THROUGHPUT",
            "perf_metric_value": 10641.803495982997
        },
        {
            "perf_metric_name": "single_client_put_calls_Plasma_Store",
            "perf_metric_type": "THROUGHPUT",
            "perf_metric_value": 4953.332414166378
        },
        {
            "perf_metric_name": "multi_client_put_calls_Plasma_Store",
            "perf_metric_type": "THROUGHPUT",
            "perf_metric_value": 16476.91701973554
        },
        {
            "perf_metric_name": "single_client_put_gigabytes",
            "perf_metric_type": "THROUGHPUT",
            "perf_metric_value": 17.025876066565033
        },
        {
            "perf_metric_name": "single_client_tasks_and_get_batch",
            "perf_metric_type": "THROUGHPUT",
            "perf_metric_value": 8.246266578072571
        },
        {
            "perf_metric_name": "multi_client_put_gigabytes",
            "perf_metric_type": "THROUGHPUT",
            "perf_metric_value": 45.59421490337185
        },
        {
            "perf_metric_name": "single_client_get_object_containing_10k_refs",
            "perf_metric_type": "THROUGHPUT",
            "perf_metric_value": 13.400670287257304
        },
        {
            "perf_metric_name": "single_client_wait_1k_refs",
            "perf_metric_type": "THROUGHPUT",
            "perf_metric_value": 5.5615049020254625
        },
        {
            "perf_metric_name": "single_client_tasks_sync",
            "perf_metric_type": "THROUGHPUT",
            "perf_metric_value": 1010.2085841645662
        },
        {
            "perf_metric_name": "single_client_tasks_async",
            "perf_metric_type": "THROUGHPUT",
            "perf_metric_value": 7963.424588687801
        },
        {
            "perf_metric_name": "multi_client_tasks_async",
            "perf_metric_type": "THROUGHPUT",
            "perf_metric_value": 23754.393304342077
        },
        {
            "perf_metric_name": "1_1_actor_calls_sync",
            "perf_metric_type": "THROUGHPUT",
            "perf_metric_value": 2071.6501933724253
        },
        {
            "perf_metric_name": "1_1_actor_calls_async",
            "perf_metric_type": "THROUGHPUT",
            "perf_metric_value": 8398.56885282787
        },
        {
            "perf_metric_name": "1_1_actor_calls_concurrent",
            "perf_metric_type": "THROUGHPUT",
            "perf_metric_value": 5268.769788618396
        },
        {
            "perf_metric_name": "1_n_actor_calls_async",
            "perf_metric_type": "THROUGHPUT",
            "perf_metric_value": 8087.002681858739
        },
        {
            "perf_metric_name": "n_n_actor_calls_async",
            "perf_metric_type": "THROUGHPUT",
            "perf_metric_value": 27627.813056199215
        },
        {
            "perf_metric_name": "n_n_actor_calls_with_arg_async",
            "perf_metric_type": "THROUGHPUT",
            "perf_metric_value": 2707.177086616588
        },
        {
            "perf_metric_name": "1_1_async_actor_calls_sync",
            "perf_metric_type": "THROUGHPUT",
            "perf_metric_value": 1507.4722826901059
        },
        {
            "perf_metric_name": "1_1_async_actor_calls_async",
            "perf_metric_type": "THROUGHPUT",
            "perf_metric_value": 4594.0039367756
        },
        {
            "perf_metric_name": "1_1_async_actor_calls_with_args_async",
            "perf_metric_type": "THROUGHPUT",
            "perf_metric_value": 2906.3799497984073
        },
        {
            "perf_metric_name": "1_n_async_actor_calls_async",
            "perf_metric_type": "THROUGHPUT",
            "perf_metric_value": 7747.258573610084
        },
        {
            "perf_metric_name": "n_n_async_actor_calls_async",
            "perf_metric_type": "THROUGHPUT",
            "perf_metric_value": 23879.523989612106
        },
        {
            "perf_metric_name": "placement_group_create/removal",
            "perf_metric_type": "THROUGHPUT",
            "perf_metric_value": 758.764762704843
        },
        {
            "perf_metric_name": "client__get_calls",
            "perf_metric_type": "THROUGHPUT",
            "perf_metric_value": 984.938248602108
        },
        {
            "perf_metric_name": "client__put_calls",
            "perf_metric_type": "THROUGHPUT",
            "perf_metric_value": 782.2028385276735
        },
        {
            "perf_metric_name": "client__put_gigabytes",
            "perf_metric_type": "THROUGHPUT",
            "perf_metric_value": 0.15273001910830053
        },
        {
            "perf_metric_name": "client__tasks_and_put_batch",
            "perf_metric_type": "THROUGHPUT",
            "perf_metric_value": 14510.26499948894
        },
        {
            "perf_metric_name": "client__1_1_actor_calls_sync",
            "perf_metric_type": "THROUGHPUT",
            "perf_metric_value": 529.5868989134584
        },
        {
            "perf_metric_name": "client__1_1_actor_calls_async",
            "perf_metric_type": "THROUGHPUT",
            "perf_metric_value": 1041.3583204574459
        },
        {
            "perf_metric_name": "client__1_1_actor_calls_concurrent",
            "perf_metric_type": "THROUGHPUT",
            "perf_metric_value": 1040.0631707535902
        },
        {
            "perf_metric_name": "client__tasks_and_get_batch",
            "perf_metric_type": "THROUGHPUT",
            "perf_metric_value": 0.9748684492189577
        }
    ],
    "placement_group_create/removal": [
        758.764762704843,
        2.5049732038490395
    ],
    "single_client_get_calls_Plasma_Store": [
        10641.803495982997,
        150.88664147721323
    ],