{
    "1_1_actor_calls_async": [
        8591.539773771437,
        327.6473689212415
    ],
    "1_1_actor_calls_concurrent": [
        4965.99522007048,
        110.57050182691287
    ],
    "1_1_actor_calls_sync": [
        1989.7334090798931,
        25.505826231728204
    ],
    "1_1_async_actor_calls_async": [
        3853.261228971964,
        99.83936195976952
    ],
    "1_1_async_actor_calls_sync": [
        1433.5390152119278,
        17.93284593948981
    ],
    "1_1_async_actor_calls_with_args_async": [
        2490.991223668351,
        63.57171243588424
    ],
    "1_n_actor_calls_async": [
        6838.2845805526595,
        314.82799922635735
    ],
    "1_n_async_actor_calls_async": [
        6280.583274671035,
        151.9212740998498
    ],
    "client__1_1_actor_calls_async": [
        814.5335887693782,
        4.838251093544874
    ],
    "client__1_1_actor_calls_concurrent": [
        828.6299560282166,
        29.552952884738705
    ],
    "client__1_1_actor_calls_sync": [
        453.8059915017394,
        8.187850810536593
    ],
    "client__get_calls": [
        925.594265020844,
        38.537498340367016
    ],
    "client__put_calls": [
        733.6703843739219,
        27.03154164960252
    ],
    "client__put_gigabytes": [
        0.10217222369611438,
        0.0009032714197567093
    ],
    "client__tasks_and_get_batch": [
        0.8011125804259877,
        0.02763619914898006
    ],
    "client__tasks_and_put_batch": [
        9220.111790372692,
        113.82433420954683
    ],
    "multi_client_put_calls_Plasma_Store": [
        9658.981678535481,
        86.1679973849462
    ],
    "multi_client_put_gigabytes": [
        35.29689743165927,
        1.8641014249003314
    ],
    "multi_client_tasks_async": [
        20114.199533908533,
        2167.6533639918985
    ],
    "n_n_actor_calls_async": [
        22593.67022851302,
        1130.0768199962295
    ],
    "n_n_actor_calls_with_arg_async": [
        3263.220674257469,
        15.530961554792869
    ],
    "n_n_async_actor_calls_async": [
        19945.253372184772,
        1200.2869336158885
    ],
    "perf_metrics": [
        {
            "perf_metric_name": "single_client_get_calls_Plasma_Store",
            "perf_metric_type": "THROUGHPUT",
            "perf_metric_value": 9361.068161075398
        },
        {
            "perf_metric_name": "single_client_put_calls_Plasma_Store",
            "perf_metric_type": "THROUGHPUT",
            "perf_metric_value": 4116.404938052882
        },
        {
            "perf_metric_name": "multi_client_put_calls_Plasma_Store",
            "perf_metric_type": "THROUGHPUT",
            "perf_metric_value": 9658.981678535481
        },
        {
            "perf_metric_name": "single_client_put_gigabytes",
            "perf_metric_type": "THROUGHPUT",
            "perf_metric_value": 18.177676237873847
        },
        {
            "perf_metric_name": "single_client_tasks_and_get_batch",
            "perf_metric_type": "THROUGHPUT",
            "perf_metric_value": 5.683136512909751
        },
        {
            "perf_metric_name": "multi_client_put_gigabytes",
            "perf_metric_type": "THROUGHPUT",
            "perf_metric_value": 35.29689743165927
        },
        {
            "perf_metric_name": "single_client_get_object_containing_10k_refs",
            "perf_metric_type": "THROUGHPUT",
            "perf_metric_value": 12.521640061929554
        },
        {
            "perf_metric_name": "single_client_wait_1k_refs",
            "perf_metric_type": "THROUGHPUT",
            "perf_metric_value": 4.716418799247922
        },
        {
            "perf_metric_name": "single_client_tasks_sync",
            "perf_metric_type": "THROUGHPUT",
            "perf_metric_value": 844.7209532677355
        },
        {
            "perf_metric_name": "single_client_tasks_async",
            "perf_metric_type": "THROUGHPUT",
            "perf_metric_value": 6769.634231009387
        },
        {
            "perf_metric_name": "multi_client_tasks_async",
            "perf_metric_type": "THROUGHPUT",
            "perf_metric_value": 20114.199533908533
        },
        {
            "perf_metric_name": "1_1_actor_calls_sync",
            "perf_metric_type": "THROUGHPUT",
            "perf_metric_value": 1989.7334090798931
        },
        {
            "perf_metric_name": "1_1_actor_calls_async",
            "perf_metric_type": "THROUGHPUT",
            "perf_metric_value": 8591.539773771437
        },
        {
            "perf_metric_name": "1_1_actor_calls_concurrent",
            "perf_metric_type": "THROUGHPUT",
            "perf_metric_value": 4965.99522007048
        },
        {
            "perf_metric_name": "1_n_actor_calls_async",
            "perf_metric_type": "THROUGHPUT",
            "perf_metric_value": 6838.2845805526595
        },
        {
            "perf_metric_name": "n_n_actor_calls_async",
            "perf_metric_type": "THROUGHPUT",
            "perf_metric_value": 22593.67022851302
        },
        {
            "perf_metric_name": "n_n_actor_calls_with_arg_async",
            "perf_metric_type": "THROUGHPUT",
            "perf_metric_value": 3263.220674257469
        },
        {
            "perf_metric_name": "1_1_async_actor_calls_sync",
            "perf_metric_type": "THROUGHPUT",
            "perf_metric_value": 1433.5390152119278
        },
        {
            "perf_metric_name": "1_1_async_actor_calls_async",
            "perf_metric_type": "THROUGHPUT",
            "perf_metric_value": 3853.261228971964
        },
        {
            "perf_metric_name": "1_1_async_actor_calls_with_args_async",
            "perf_metric_type": "THROUGHPUT",
            "perf_metric_value": 2490.991223668351
        },
        {
            "perf_metric_name": "1_n_async_actor_calls_async",
            "perf_metric_type": "THROUGHPUT",
            "perf_metric_value": 6280.583274671035
        },
        {
            "perf_metric_name": "n_n_async_actor_calls_async",
            "perf_metric_type": "THROUGHPUT",
            "perf_metric_value": 19945.253372184772
        },
        {
            "perf_metric_name": "placement_group_create/removal",
            "perf_metric_type": "THROUGHPUT",
            "perf_metric_value": 678.9244842339416
        },
        {
            "perf_metric_name": "client__get_calls",
            "perf_metric_type": "THROUGHPUT",
            "perf_metric_value": 925.594265020844
        },
        {
            "perf_metric_name": "client__put_calls",
            "perf_metric_type": "THROUGHPUT",
            "perf_metric_value": 733.6703843739219
        },
        {
            "perf_metric_name": "client__put_gigabytes",
            "perf_metric_type": "THROUGHPUT",
            "perf_metric_value": 0.10217222369611438
        },
        {
            "perf_metric_name": "client__tasks_and_put_batch",
            "perf_metric_type": "THROUGHPUT",
            "perf_metric_value": 9220.111790372692
        },
        {
            "perf_metric_name": "client__1_1_actor_calls_sync",
            "perf_metric_type": "THROUGHPUT",
            "perf_metric_value": 453.8059915017394
        },
        {
            "perf_metric_name": "client__1_1_actor_calls_async",
            "perf_metric_type": "THROUGHPUT",
            "perf_metric_value": 814.5335887693782
        },
        {
            "perf_metric_name": "client__1_1_actor_calls_concurrent",
            "perf_metric_type": "THROUGHPUT",
            "perf_metric_value": 828.6299560282166
        },
        {
            "perf_metric_name": "client__tasks_and_get_batch",
            "perf_metric_type": "THROUGHPUT",
            "perf_metric_value": 0.8011125804259877
        }
    ],
    "placement_group_create/removal": [
        678.9244842339416,
        6.1808624839892765
    ],
    "single_client_get_calls_Plasma_Store": [
        9361.068161075398,
        133.98238819244128
    ],