{
    "1_1_actor_calls_async": [
        8010.702905260102,
        136.68009432490436
    ],
    "1_1_actor_calls_concurrent": [
        5509.597235482224,
        276.04483198618993
    ],
    "1_1_actor_calls_sync": [
        1911.653938349526,
        49.178257985477806
    ],
    "1_1_async_actor_calls_async": [
        4354.072994220345,
        415.85939242881625
    ],
    "1_1_async_actor_calls_sync": [
        1447.7881568911705,
        36.882437725035345
    ],
    "1_1_async_actor_calls_with_args_async": [
        2737.346750018072,
        104.04841636731089
    ],
    "1_n_actor_calls_async": [
        8346.988543416383,
        87.86702835108683
    ],
    "1_n_async_actor_calls_async": [
        7501.079333162652,
        36.041278507333026
    ],
    "client__1_1_actor_calls_async": [
        1024.7712082804317,
        15.216795365973105
    ],
    "client__1_1_actor_calls_concurrent": [
        1022.6313616275817,
        35.642304257576434
    ],
    "client__1_1_actor_calls_sync": [
        472.3043298925543,
        15.3902021531748
    ],
    "client__get_calls": [
        1154.6849204758523,
        15.493776302369774
    ],
    "client__put_calls": [
        801.9081406653205,
        15.107120480890663
    ],
    "client__put_gigabytes": [
        0.15474075982547877,
        0.001018445965452485
    ],
    "client__tasks_and_get_batch": [
        0.9748425129062579,
        0.018954212435789708
    ],
    "client__tasks_and_put_batch": [
        14121.731373360428,
        246.34655253410108
    ],
    "multi_client_put_calls_Plasma_Store": [
        16176.149026191037,
        433.3067047835461
    ],
    "multi_client_put_gigabytes": [
        42.38975341233942,
        4.065844995486081
    ],
    "multi_client_tasks_async": [
        22282.913263059603,
        1989.0644475513711
    ],
    "n_n_actor_calls_async": [
        26104.619985938712,
        1285.9312523956648
    ],
    "n_n_actor_calls_with_arg_async": [
        2667.5129581096394,
        32.14345111236193
    ],
    "n_n_async_actor_calls_async": [
        23054.834921198915,
        808.5595628862385
    ],
    "perf_metrics": [
        {
            "perf_metric_name": "single_client_get_calls_Plasma_Store",
            "perf_metric_type": "THROUGHPUT",
            "perf_metric_value": 10254.67384052621
        },
        {
            "perf_metric_name": "single_client_put_calls_Plasma_Store",
            "perf_metric_type": "THROUGHPUT",
            "perf_metric_value": 5104.604000086833
        },
        {
            "perf_metric_name": "multi_client_put_calls_Plasma_Store",
            "perf_metric_type": "THROUGHPUT",
            "perf_metric_value": 16176.149026191037
        },
        {
            "perf_metric_name": "single_client_put_gigabytes",
            "perf_metric_type": "THROUGHPUT",
            "perf_metric_value": 19.756750789978025
        },
        {
            "perf_metric_name": "single_client_tasks_and_get_batch",
            "perf_metric_type": "THROUGHPUT",
            "perf_metric_value": 5.672177149975918
        },
        {
            "perf_metric_name": "multi_client_put_gigabytes",
            "perf_metric_type": "THROUGHPUT",
            "perf_metric_value": 42.38975341233942
        },
        {
            "perf_metric_name": "single_client_get_object_containing_10k_refs",
            "perf_metric_type": "THROUGHPUT",
            "perf_metric_value": 13.272241155827192
        },
        {
            "perf_metric_name": "single_client_wait_1k_refs",
            "perf_metric_type": "THROUGHPUT",
            "perf_metric_value": 4.914155182305777
        },
        {
            "perf_metric_name": "single_client_tasks_sync",
            "perf_metric_type": "THROUGHPUT",
            "perf_metric_value": 940.8156205876578
        },
        {
            "perf_metric_name": "single_client_tasks_async",
            "perf_metric_type": "THROUGHPUT",
            "perf_metric_value": 7882.36677760533
        },
        {
            "perf_metric_name": "multi_client_tasks_async",
            "perf_metric_type": "THROUGHPUT",
            "perf_metric_value": 22282.913263059603
        },
        {
            "perf_metric_name": "1_1_actor_calls_sync",
            "perf_metric_type": "THROUGHPUT",
            "perf_metric_value": 1911.653938349526
        },
        {
            "perf_metric_name": "1_1_actor_calls_async",
            "perf_metric_type": "THROUGHPUT",
            "perf_metric_value": 8010.702905260102
        },
        {
            "perf_metric_name": "1_1_actor_calls_concurrent",
            "perf_metric_type": "THROUGHPUT",
            "perf_metric_value": 5509.597235482224
        },
        {
            "perf_metric_name": "1_n_actor_calls_async",
            "perf_metric_type": "THROUGHPUT",
            "perf_metric_value": 8346.988543416383
        },
        {
            "perf_metric_name": "n_n_actor_calls_async",
            "perf_metric_type": "THROUGHPUT",
            "perf_metric_value": 26104.619985938712
        },
        {
            "perf_metric_name": "n_n_actor_calls_with_arg_async",
            "perf_metric_type": "THROUGHPUT",
            "perf_metric_value": 2667.5129581096394
        },
        {
            "perf_metric_name": "1_1_async_actor_calls_sync",
            "perf_metric_type": "THROUGHPUT",
            "perf_metric_value": 1447.7881568911705
        },
        {
            "perf_metric_name": "1_1_async_actor_calls_async",
            "perf_metric_type": "THROUGHPUT",
            "perf_metric_value": 4354.072994220345
        },
        {
            "perf_metric_name": "1_1_async_actor_calls_with_args_async",
            "perf_metric_type": "THROUGHPUT",
            "perf_metric_value": 2737.346750018072
        },
        {
            "perf_metric_name": "1_n_async_actor_calls_async",
            "perf_metric_type": "THROUGHPUT",
            "perf_metric_value": 7501.079333162652
        },
        {
            "perf_metric_name": "n_n_async_actor_calls_async",
            "perf_metric_type": "THROUGHPUT",
            "perf_metric_value": 23054.834921198915
        },
        {
            "perf_metric_name": "placement_group_create/removal",
            "perf_metric_type": "THROUGHPUT",
            "perf_metric_value": 754.7012799419338
        },
        {
            "perf_metric_name": "client__get_calls",
            "perf_metric_type": "THROUGHPUT",
            "perf_metric_value": 1154.6849204758523
        },
        {
            "perf_metric_name": "client__put_calls",
            "perf_metric_type": "THROUGHPUT",
            "perf_metric_value": 801.9081406653205
        },
        {
            "perf_metric_name": "client__put_gigabytes",
            "perf_metric_type": "THROUGHPUT",
            "perf_metric_value": 0.15474075982547877
        },
        {
            "perf_metric_name": "client__tasks_and_put_batch",
            "perf_metric_type": "THROUGHPUT",
            "perf_metric_value": 14121.731373360428
        },
        {
            "perf_metric_name": "client__1_1_actor_calls_sync",
            "perf_metric_type": "THROUGHPUT",
            "perf_metric_value": 472.3043298925543
        },
        {
            "perf_metric_name": "client__1_1_actor_calls_async",
            "perf_metric_type": "THROUGHPUT",
            "perf_metric_value": 1024.7712082804317
        },
        {
            "perf_metric_name": "client__1_1_actor_calls_concurrent",
            "perf_metric_type": "THROUGHPUT",
            "perf_metric_value": 1022.6313616275817
        },
        {
            "perf_metric_name": "client__tasks_and_get_batch",
            "perf_metric_type": "THROUGHPUT",
            "perf_metric_value": 0.9748425129062579
        }
    ],
    "placement_group_create/removal": [
        754.7012799419338,
        6.3999574391515655
    ],