{
    "1_1_actor_calls_async": [
        8962.418648814873,
        88.1705160807435
    ],
    "1_1_actor_calls_concurrent": [
        5119.423141351966,
        63.81190044533031
    ],
    "1_1_actor_calls_sync": [
        1996.6786836228223,
        58.23340603523277
    ],
    "1_1_async_actor_calls_async": [
        4616.745057409327,
        352.05439823738095
    ],
    "1_1_async_actor_calls_sync": [
        1504.356714114197,
        22.668610740965626
    ],
    "1_1_async_actor_calls_with_args_async": [
        3009.8473678904393,
        142.90726355717445
    ],
    "1_n_actor_calls_async": [
        8227.763837992337,
        318.7508261500715
    ],
    "1_n_async_actor_calls_async": [
        7744.743511533576,
        131.2505711844922
    ],
    "client__1_1_actor_calls_async": [
        958.5370241236403,
        18.100942921678108
    ],
    "client__1_1_actor_calls_concurrent": [
        953.7334027028625,
        5.645449509967645
    ],
    "client__1_1_actor_calls_sync": [
        516.9723558134372,
        4.319396403414238
    ],
    "client__get_calls": [
        1015.3375725005734,
        78.03759652882351
    ],
    "client__put_calls": [
        755.3389003423397,
        19.307508648490337
    ],
    "client__put_gigabytes": [
        0.13507800928532288,
        0.000813109370587394
    ],
    "client__tasks_and_get_batch": [
        0.9001965521302608,
        0.004545115460918647
    ],
    "client__tasks_and_put_batch": [
        10918.811029137974,
        221.4720726481438
    ],
    "multi_client_put_calls_Plasma_Store": [
        12085.950108018375,
        145.4030099464754
    ],
    "multi_client_put_gigabytes": [
        42.36117553493574,
        3.1258835445086683
    ],
    "multi_client_tasks_async": [
        22189.698488373317,
        2180.872550108281
    ],
    "n_n_actor_calls_async": [
        26201.02353095661,
        1369.77201218317
    ],
    "n_n_actor_calls_with_arg_async": [
        2531.2050976452842,
        27.47481783971637
    ],
    "n_n_async_actor_calls_async": [
        23053.74096049589,
        966.3382700967951
    ],
    "perf_metrics": [
        {
            "perf_metric_name": "single_client_get_calls_Plasma_Store",
            "perf_metric_type": "THROUGHPUT",
            "perf_metric_value": 10024.589887659495
        },
        {
            "perf_metric_name": "single_client_put_calls_Plasma_Store",
            "perf_metric_type": "THROUGHPUT",
            "perf_metric_value": 5246.209719545058
        },
        {
            "perf_metric_name": "multi_client_put_calls_Plasma_Store",
            "perf_metric_type": "THROUGHPUT",
            "perf_metric_value": 12085.950108018375
        },
        {
            "perf_metric_name": "single_client_put_gigabytes",
            "perf_metric_type": "THROUGHPUT",
            "perf_metric_value": 19.67721106022737
        },
        {
            "perf_metric_name": "single_client_tasks_and_get_batch",
            "perf_metric_type": "THROUGHPUT",
            "perf_metric_value": 7.699142510511168
        },
        {
            "perf_metric_name": "multi_client_put_gigabytes",
            "perf_metric_type": "THROUGHPUT",
            "perf_metric_value": 42.36117553493574
        },
        {
            "perf_metric_name": "single_client_get_object_containing_10k_refs",
            "perf_metric_type": "THROUGHPUT",
            "perf_metric_value": 12.449573496772846
        },
        {
            "perf_metric_name": "single_client_wait_1k_refs",
            "perf_metric_type": "THROUGHPUT",
            "perf_metric_value": 5.367313675357354
        },
        {
            "perf_metric_name": "single_client_tasks_sync",
            "perf_metric_type": "THROUGHPUT",
            "perf_metric_value": 957.7571564162879
        },
        {
            "perf_metric_name": "single_client_tasks_async",
            "perf_metric_type": "THROUGHPUT",
            "perf_metric_value": 7767.973857314019
        },
        {
            "perf_metric_name": "multi_client_tasks_async",
            "perf_metric_type": "THROUGHPUT",
            "perf_metric_value": 22189.698488373317
        },
        {
            "perf_metric_name": "1_1_actor_calls_sync",
            "perf_metric_type": "THROUGHPUT",
            "perf_metric_value": 1996.6786836228223
        },
        {
            "perf_metric_name": "1_1_actor_calls_async",
            "perf_metric_type": "THROUGHPUT",
            "perf_metric_value": 8962.418648814873
        },
        {
            "perf_metric_name": "1_1_actor_calls_concurrent",
            "perf_metric_type": "THROUGHPUT",
            "perf_metric_value": 5119.423141351966
        },
        {
            "perf_metric_name": "1_n_actor_calls_async",
            "perf_metric_type": "THROUGHPUT",
            "perf_metric_value": 8227.763837992337
        },
        {
            "perf_metric_name": "n_n_actor_calls_async",
            "perf_metric_type": "THROUGHPUT",
            "perf_metric_value": 26201.02353095661
        },
        {
            "perf_metric_name": "n_n_actor_calls_with_arg_async",
            "perf_metric_type": "THROUGHPUT",
            "perf_metric_value": 2531.2050976452842
        },
        {
            "perf_metric_name": "1_1_async_actor_calls_sync",
            "perf_metric_type": "THROUGHPUT",
            "perf_metric_value": 1504.356714114197
        },
        {
            "perf_metric_name": "1_1_async_actor_calls_async",
            "perf_metric_type": "THROUGHPUT",
            "perf_metric_value": 4616.745057409327
        },
        {
            "perf_metric_name": "1_1_async_actor_calls_with_args_async",
            "perf_metric_type": "THROUGHPUT",
            "perf_metric_value": 3009.8473678904393
        },
        {
            "perf_metric_name": "1_n_async_actor_calls_async",
            "perf_metric_type": "THROUGHPUT",
            "perf_metric_value": 7744.743511533576
        },
        {
            "perf_metric_name": "n_n_async_actor_calls_async",
            "perf_metric_type": "THROUGHPUT",
            "perf_metric_value": 23053.74096049589
        },
        {
            "perf_metric_name": "placement_group_create/removal",
            "perf_metric_type": "THROUGHPUT",
            "perf_metric_value": 799.9585821197729
        },
        {
            "perf_metric_name": "client__get_calls",
            "perf_metric_type": "THROUGHPUT",
            "perf_metric_value": 1015.3375725005734
        },
        {
            "perf_metric_name": "client__put_calls",
            "perf_metric_type": "THROUGHPUT",
            "perf_metric_value": 755.3389003423397
        },
        {
            "perf_metric_name": "client__put_gigabytes",
            "perf_metric_type": "THROUGHPUT",
            "perf_metric_value": 0.13507800928532288
        },
        {
            "perf_metric_name": "client__tasks_and_put_batch",
            "perf_metric_type": "THROUGHPUT",
            "perf_metric_value": 10918.811029137974
        },
        {
            "perf_metric_name": "client__1_1_actor_calls_sync",
            "perf_metric_type": "THROUGHPUT",
            "perf_metric_value": 516.9723558134372
        },
        {
            "perf_metric_name": "client__1_1_actor_calls_async",
            "perf_metric_type": "THROUGHPUT",
            "perf_metric_value": 958.5370241236403
        },
        {
            "perf_metric_name": "client__1_1_actor_calls_concurrent",
            "perf_metric_type": "THROUGHPUT",
            "perf_metric_value": 953.7334027028625
        },
        {
            "perf_metric_name": "client__tasks_and_get_batch",
            "perf_metric_type": "THROUGHPUT",
            "perf_metric_value": 0.9001965521302608
        }
    ],
    "placement_group_create/removal": [
        799.9585821197729,
        8.78636247128877
    ],
    "single_client_get_calls_Plasma_Store": [
        10024.589887659495,
        292.75095671585177
    ],