{
    "1_1_actor_calls_async": [
        8588.075503140139,
        214.3386936008847
    ],
    "1_1_actor_calls_concurrent": [
        5402.532852540871,
        165.2704589016148
    ],
    "1_1_actor_calls_sync": [
        2024.9514970549762,
        39.983445473597456
    ],
    "1_1_async_actor_calls_async": [
        4185.269438984466,
        314.18852893049984
    ],
    "1_1_async_actor_calls_sync": [
        1434.2085547024217,
        19.450183004371436
    ],
    "1_1_async_actor_calls_with_args_async": [
        2740.2279840306683,
        84.62716988857152
    ],
    "1_n_actor_calls_async": [
        8168.440029557936,
        267.97497006568267
    ],
    "1_n_async_actor_calls_async": [
        7589.035727393511,
        116.23965915521515
    ],
    "client__1_1_actor_calls_async": [
        1057.2932167754398,
        9.079193973373348
    ],
    "client__1_1_actor_calls_concurrent": [
        1056.4662855748954,
        16.51803494485674
    ],
    "client__1_1_actor_calls_sync": [
        496.227853176116,
        17.970368774601223
    ],
    "client__get_calls": [
        1094.7883444776185,
        66.85851930731262
    ],
    "client__put_calls": [
        794.8759505022576,
        35.39399136775509
    ],
    "client__put_gigabytes": [
        0.14981555197949994,
        0.0006458480382978393
    ],
    "client__tasks_and_get_batch": [
        0.9551721070094008,
        0.029983017294858607
    ],
    "client__tasks_and_put_batch": [
        14341.529664523765,
        320.24662535145563
    ],
    "multi_client_put_calls_Plasma_Store": [
        16715.417342144425,
        255.4664451834791
    ],
    "multi_client_put_gigabytes": [
        43.246981615749526,
        4.531224086871732
    ],
    "multi_client_tasks_async": [
        21682.83981428489,
        509.23274422335606
    ],
    "n_n_actor_calls_async": [
        24718.441650671633,
        1049.8923008790389
    ],
    "n_n_actor_calls_with_arg_async": [
        2539.21250893006,
        11.055019340184344
    ],
    "n_n_async_actor_calls_async": [
        22979.306268540124,
        350.87239640082686
    ],
    "perf_metrics": [
        {
            "perf_metric_name": "single_client_get_calls_Plasma_Store",
            "perf_metric_type": "THROUGHPUT",
            "perf_metric_value": 10975.200393255369
        },
        {
            "perf_metric_name": "single_client_put_calls_Plasma_Store",
            "perf_metric_type": "THROUGHPUT",
            "perf_metric_value": 4901.43220832959
        },
        {
            "perf_metric_name": "multi_client_put_calls_Plasma_Store",
            "perf_metric_type": "THROUGHPUT",
            "perf_metric_value": 16715.417342144425
        },
        {
            "perf_metric_name": "single_client_put_gigabytes",
            "perf_metric_type": "THROUGHPUT",
            "perf_metric_value": 18.30617444315663
        },
        {
            "perf_metric_name": "single_client_tasks_and_get_batch",
            "perf_metric_type": "THROUGHPUT",
            "perf_metric_value": 6.116479739439202
        },
        {
            "perf_metric_name": "multi_client_put_gigabytes",
            "perf_metric_type": "THROUGHPUT",
            "perf_metric_value": 43.246981615749526
        },
        {
            "perf_metric_name": "single_client_get_object_containing_10k_refs",
            "perf_metric_type": "THROUGHPUT",
            "perf_metric_value": 11.752691593157284
        },
        {
            "perf_metric_name": "single_client_wait_1k_refs",
            "perf_metric_type": "THROUGHPUT",
            "perf_metric_value": 4.908150175266516
        },
        {
            "perf_metric_name": "single_client_tasks_sync",
            "perf_metric_type": "THROUGHPUT",
            "perf_metric_value": 981.51641421362
        },
        {
            "perf_metric_name": "single_client_tasks_async",
            "perf_metric_type": "THROUGHPUT",
            "perf_metric_value": 7784.9177487724955
        },
        {
            "perf_metric_name": "multi_client_tasks_async",
            "perf_metric_type": "THROUGHPUT",
            "perf_metric_value": 21682.83981428489
        },
        {
            "perf_metric_name": "1_1_actor_calls_sync",
            "perf_metric_type": "THROUGHPUT",
            "perf_metric_value": 2024.9514970549762
        },
        {
            "perf_metric_name": "1_1_actor_calls_async",
            "perf_metric_type": "THROUGHPUT",
            "perf_metric_value": 8588.075503140139
        },
        {
            "perf_metric_name": "1_1_actor_calls_concurrent",
            "perf_metric_type": "THROUGHPUT",
            "perf_metric_value": 5402.532852540871
        },
        {
            "perf_metric_name": "1_n_actor_calls_async",
            "perf_metric_type": "THROUGHPUT",
            "perf_metric_value": 8168.440029557936
        },
        {
            "perf_metric_name": "n_n_actor_calls_async",
            "perf_metric_type": "THROUGHPUT",
            "perf_metric_value": 24718.441650671633
        },
        {
            "perf_metric_name": "n_n_actor_calls_with_arg_async",
            "perf_metric_type": "THROUGHPUT",
            "perf_metric_value": 2539.21250893006
        },
        {
            "perf_metric_name": "1_1_async_actor_calls_sync",
            "perf_metric_type": "THROUGHPUT",
            "perf_metric_value": 1434.2085547024217
        },
        {
            "perf_metric_name": "1_1_async_actor_calls_async",
            "perf_metric_type": "THROUGHPUT",
            "perf_metric_value": 4185.269438984466
        },
        {
            "perf_metric_name": "1_1_async_actor_calls_with_args_async",
            "perf_metric_type": "THROUGHPUT",
            "perf_metric_value": 2740.2279840306683
        },
        {
            "perf_metric_name": "1_n_async_actor_calls_async",
            "perf_metric_type": "THROUGHPUT",
            "perf_metric_value": 7589.035727393511
        },
        {
            "perf_metric_name": "n_n_async_actor_calls_async",
            "perf_metric_type": "THROUGHPUT",
            "perf_metric_value": 22979.306268540124
        },
        {
            "perf_metric_name": "placement_group_create/removal",
            "perf_metric_type": "THROUGHPUT",
            "perf_metric_value": 741.0897046422251
        },
        {
            "perf_metric_name": "client__get_calls",
            "perf_metric_type": "THROUGHPUT",
            "perf_metric_value": 1094.7883444776185
        },
        {
            "perf_metric_name": "client__put_calls",
            "perf_metric_type": "THROUGHPUT",
            "perf_metric_value": 794.8759505022576
        },
        {
            "perf_metric_name": "client__put_gigabytes",
            "perf_metric_type": "THROUGHPUT",
            "perf_metric_value": 0.14981555197949994
        },
        {
            "perf_metric_name": "client__tasks_and_put_batch",
            "perf_metric_type": "THROUGHPUT",
            "perf_metric_value": 14341.529664523765
        },
        {
            "perf_metric_name": "client__1_1_actor_calls_sync",
            "perf_metric_type": "THROUGHPUT",
            "perf_metric_value": 496.227853176116
        },
        {
            "perf_metric_name": "client__1_1_actor_calls_async",
            "perf_metric_type": "THROUGHPUT",
            "perf_metric_value": 1057.2932167754398
        },
        {
            "perf_metric_name": "client__1_1_actor_calls_concurrent",
            "perf_metric_type": "THROUGHPUT",
            "perf_metric_value": 1056.4662855748954
        },
        {
            "perf_metric_name": "client__tasks_and_get_batch",
            "perf_metric_type": "THROUGHPUT",
            "perf_metric_value": 0.9551721070094008
        }
    ],
    "placement_group_create/removal": [
        741.0897046422251,
        11.374041408701535
    ],