{
    "1_1_actor_calls_async": [
        8670.630812242769,
        106.83987787916737
    ],
    "1_1_actor_calls_concurrent": [
        5349.871656557709,
        262.76145872329056
    ],
    "1_1_actor_calls_sync": [
        2100.531675221624,
        45.884459150638435
    ],
    "1_1_async_actor_calls_async": [
        4641.857377193749,
        229.84033542194967
    ],
    "1_1_async_actor_calls_sync": [
        1470.5838167142256,
        61.994313956259205
    ],
    "1_1_async_actor_calls_with_args_async": [
        2994.804100896146,
        72.1671038495112
    ],
    "1_n_actor_calls_async": [
        8118.8880400901135,
        51.66079706586818
    ],
    "1_n_async_actor_calls_async": [
        7265.632549025338,
        100.08002254309318
    ],
    "client__1_1_actor_calls_async": [
        927.7378599556337,
        32.80234721559512
    ],
    "client__1_1_actor_calls_concurrent": [
        968.0008238131173,
        29.311573682343898
    ],
    "client__1_1_actor_calls_sync": [
        528.8636206448897,
        6.436001638898678
    ],
    "client__get_calls": [
        1004.2954376391058,
        76.06541415192476
    ],
    "client__put_calls": [
        796.6672485266845,
        42.64509793165841
    ],
    "client__put_gigabytes": [
        0.1523218281420353,
        0.0017062706720517254
    ],
    "client__tasks_and_get_batch": [
        0.9840492186511862,
        0.010660110600558213
    ],
    "client__tasks_and_put_batch": [
        13963.575440510822,
        302.4709584876189
    ],
    "multi_client_put_calls_Plasma_Store": [
        16018.142349512491,
        110.30685859732601
    ],
    "multi_client_put_gigabytes": [
        47.90805309960038,
        3.9883369373484028
    ],
    "multi_client_tasks_async": [
        21860.338179655857,
        3613.2906958577523
    ],
    "n_n_actor_calls_async": [
        26065.409129685446,
        842.8691955339091
    ],
    "n_n_actor_calls_with_arg_async": [
        2674.014821048363,
        20.95074522247394
    ],
    "n_n_async_actor_calls_async": [
        22620.58710137489,
        453.05171495223664
    ],
    "perf_metrics": [
        {
            "perf_metric_name": "single_client_get_calls_Plasma_Store",
            "perf_metric_type": "THROUGHPUT",
            "perf_metric_value": 10758.691758375035
        },
        {
            "perf_metric_name": "single_client_put_calls_Plasma_Store",
            "perf_metric_type": "THROUGHPUT",
            "perf_metric_value": 4873.791178055619
        },
        {
            "perf_metric_name": "multi_client_put_calls_Plasma_Store",
            "perf_metric_type": "THROUGHPUT",
            "perf_metric_value": 16018.142349512491
        },
        {
            "perf_metric_name": "single_client_put_gigabytes",
            "perf_metric_type": "THROUGHPUT",
            "perf_metric_value": 16.370163798832593
        },
        {
            "perf_metric_name": "single_client_tasks_and_get_batch",
            "perf_metric_type": "THROUGHPUT",
            "perf_metric_value": 7.259983498667911
        },
        {
            "perf_metric_name": "multi_client_put_gigabytes",
            "perf_metric_type": "THROUGHPUT",
            "perf_metric_value": 47.90805309960038
        },
        {
            "perf_metric_name": "single_client_get_object_containing_10k_refs",
            "perf_metric_type": "THROUGHPUT",
            "perf_metric_value": 10.715440745783182
        },
        {
            "perf_metric_name": "single_client_wait_1k_refs",
            "perf_metric_type": "THROUGHPUT",
            "perf_metric_value": 5.367130240055254
        },
        {
            "perf_metric_name": "single_client_tasks_sync",
            "perf_metric_type": "THROUGHPUT",
            "perf_metric_value": 975.2895608656044
        },
        {
            "perf_metric_name": "single_client_tasks_async",
            "perf_metric_type": "THROUGHPUT",
            "perf_metric_value": 7133.343594327644
        },
        {
            "perf_metric_name": "multi_client_tasks_async",
            "perf_metric_type": "THROUGHPUT",
            "perf_metric_value": 21860.338179655857
        },
        {
            "perf_metric_name": "1_1_actor_calls_sync",
            "perf_metric_type": "THROUGHPUT",
            "perf_metric_value": 2100.531675221624
        },
        {
            "perf_metric_name": "1_1_actor_calls_async",
            "perf_metric_type": "THROUGHPUT",
            "perf_metric_value": 8670.630812242769
        },
        {
            "perf_metric_name": "1_1_actor_calls_concurrent",
            "perf_metric_type": "THROUGHPUT",
            "perf_metric_value": 5349.871656557709
        },
        {
            "perf_metric_name": "1_n_actor_calls_async",
            "perf_metric_type": "THROUGHPUT",
            "perf_metric_value": 8118.8880400901135
        },
        {
            "perf_metric_name": "n_n_actor_calls_async",
            "perf_metric_type": "THROUGHPUT",
            "perf_metric_value": 26065.409129685446
        },
        {
            "perf_metric_name": "n_n_actor_calls_with_arg_async",
            "perf_metric_type": "THROUGHPUT",
            "perf_metric_value": 2674.014821048363
        },
        {
            "perf_metric_name": "1_1_async_actor_calls_sync",
            "perf_metric_type": "THROUGHPUT",
            "perf_metric_value": 1470.5838167142256
        },
        {
            "perf_metric_name": "1_1_async_actor_calls_async",
            "perf_metric_type": "THROUGHPUT",
            "perf_metric_value": 4641.857377193749
        },
        {
            "perf_metric_name": "1_1_async_actor_calls_with_args_async",
            "perf_metric_type": "THROUGHPUT",
            "perf_metric_value": 2994.804100896146
        },
        {
            "perf_metric_name": "1_n_async_actor_calls_async",
            "perf_metric_type": "THROUGHPUT",
            "perf_metric_value": 7265.632549025338
        },
        {
            "perf_metric_name": "n_n_async_actor_calls_async",
            "perf_metric_type": "THROUGHPUT",
            "perf_metric_value": 22620.58710137489
        },
        {
            "perf_metric_name": "placement_group_create/removal",
            "perf_metric_type": "THROUGHPUT",
            "perf_metric_value": 766.4710772352788
        },
        {
            "perf_metric_name": "client__get_calls",
            "perf_metric_type": "THROUGHPUT",
            "perf_metric_value": 1004.2954376391058
        },
        {
            "perf_metric_name": "client__put_calls",
            "perf_metric_type": "THROUGHPUT",
            "perf_metric_value": 796.6672485266845
        },
        {
            "perf_metric_name": "client__put_gigabytes",
            "perf_metric_type": "THROUGHPUT",
            "perf_metric_value": 0.1523218281420353
        },
        {
            "perf_metric_name": "client__tasks_and_put_batch",
            "perf_metric_type": "THROUGHPUT",
            "perf_metric_value": 13963.575440510822
        },
        {
            "perf_metric_name": "client__1_1_actor_calls_sync",
            "perf_metric_type": "THROUGHPUT",
            "perf_metric_value": 528.8636206448897
        },
        {
            "perf_metric_name": "client__1_1_actor_calls_async",
            "perf_metric_type": "THROUGHPUT",
            "perf_metric_value": 927.7378599556337
        },
        {
            "perf_metric_name": "client__1_1_actor_calls_concurrent",
            "perf_metric_type": "THROUGHPUT",
            "perf_metric_value": 968.0008238131173
        },
        {
            "perf_metric_name": "client__tasks_and_get_batch",
            "perf_metric_type": "THROUGHPUT",
            "perf_metric_value": 0.9840492186511862
        }
    ],
    "placement_group_create/removal": [
        766.4710772352788,
        9.525367147478727
    ],