{
    "1_1_actor_calls_async": [
        7960.637112432392,
        306.7361631633194
    ],
    "1_1_actor_calls_concurrent": [
        5458.510610819038,
        59.74149736924471
    ],
    "1_1_actor_calls_sync": [
        1438.1394559624368,
        19.50940076704496
    ],
    "1_1_async_actor_calls_async": [
        4741.787250826319,
        117.33131700277013
    ],
    "1_1_async_actor_calls_sync": [
        1354.4224221827776,
        13.281404575291099
    ],
    "1_1_async_actor_calls_with_args_async": [
        2984.4870738644113,
        162.55204382262178
    ],
    "1_n_actor_calls_async": [
        6729.9166699866555,
        251.23316256211064
    ],
    "1_n_async_actor_calls_async": [
        6210.8917374227,
        94.48469402591317
    ],
    "client__1_1_actor_calls_async": [
        1029.961672718045,
        6.9202177613502025
    ],
    "client__1_1_actor_calls_concurrent": [
        1040.369140688717,
        32.24779965856968
    ],
    "client__1_1_actor_calls_sync": [
        551.4244433815825,
        7.438612220267101
    ],
    "client__get_calls": [
        1140.0189616901123,
        17.290062393772132
    ],
    "client__put_calls": [
        855.6194016437415,
        26.01123556131865
    ],
    "client__put_gigabytes": [
        0.09776606229253682,
        0.0008733566363076798
    ],
    "client__tasks_and_get_batch": [
        0.9763436530100315,
        0.020543022888636672
    ],
    "client__tasks_and_put_batch": [
        11838.151950028365,
        171.13215600813666
    ],
    "multi_client_put_calls_Plasma_Store": [
        12523.493733890984,
        81.41405935024245
    ],
    "multi_client_put_gigabytes": [
        30.038185949654384,
        1.0468021617488146
    ],
    "multi_client_tasks_async": [
        19230.858427922078,
        1218.1845606871964
    ],
    "n_n_actor_calls_async": [
        22124.48750457105,
        270.6921474860911
    ],
    "n_n_actor_calls_with_arg_async": [
        3057.8444859634224,
        102.65626390829318
    ],
    "n_n_async_actor_calls_async": [
        21045.84895345613,
        810.9436961861563
    ],
    "perf_metrics": [
        {
            "perf_metric_name": "single_client_get_calls_Plasma_Store",
            "perf_metric_type": "THROUGHPUT",
            "perf_metric_value": 10230.621457364432
        },
        {
            "perf_metric_name": "single_client_put_calls_Plasma_Store",
            "perf_metric_type": "THROUGHPUT",
            "perf_metric_value": 4486.740359046563
        },
        {
            "perf_metric_name": "multi_client_put_calls_Plasma_Store",
            "perf_metric_type": "THROUGHPUT",
            "perf_metric_value": 12523.493733890984
        },
        {
            "perf_metric_name": "single_client_put_gigabytes",
            "perf_metric_type": "THROUGHPUT",
            "perf_metric_value": 7.450449580228844
        },
        {
            "perf_metric_name": "single_client_tasks_and_get_batch",
            "perf_metric_type": "THROUGHPUT",
            "perf_metric_value": 6.429947006060258
        },
        {
            "perf_metric_name": "multi_client_put_gigabytes",
            "perf_metric_type": "THROUGHPUT",
            "perf_metric_value": 30.038185949654384
        },
        {
            "perf_metric_name": "single_client_get_object_containing_10k_refs",
            "perf_metric_type": "THROUGHPUT",
            "perf_metric_value": 11.051940097889997
        },
        {
            "perf_metric_name": "single_client_wait_1k_refs",
            "perf_metric_type": "THROUGHPUT",
            "perf_metric_value": 4.760671957105953
        },
        {
            "perf_metric_name": "single_client_tasks_sync",
            "perf_metric_type": "THROUGHPUT",
            "perf_metric_value": 714.290149058106
        },
        {
            "perf_metric_name": "single_client_tasks_async",
            "perf_metric_type": "THROUGHPUT",
            "perf_metric_value": 5930.7480641101465
        },
        {
            "perf_metric_name": "multi_client_tasks_async",
            "perf_metric_type": "THROUGHPUT",
            "perf_metric_value": 19230.858427922078
        },
        {
            "perf_metric_name": "1_1_actor_calls_sync",
            "perf_metric_type": "THROUGHPUT",
            "perf_metric_value": 1438.1394559624368
        },
        {
            "perf_metric_name": "1_1_actor_calls_async",
            "perf_metric_type": "THROUGHPUT",
            "perf_metric_value": 7960.637112432392
        },
        {
            "perf_metric_name": "1_1_actor_calls_concurrent",
            "perf_metric_type": "THROUGHPUT",
            "perf_metric_value": 5458.510610819038
        },
        {
            "perf_metric_name": "1_n_actor_calls_async",
            "perf_metric_type": "THROUGHPUT",
            "perf_metric_value": 6729.9166699866555
        },
        {
            "perf_metric_name": "n_n_actor_calls_async",
            "perf_metric_type": "THROUGHPUT",
            "perf_metric_value": 22124.48750457105
        },
        {
            "perf_metric_name": "n_n_actor_calls_with_arg_async",
            "perf_metric_type": "THROUGHPUT",
            "perf_metric_value": 3057.8444859634224
        },
        {
            "perf_metric_name": "1_1_async_actor_calls_sync",
            "perf_metric_type": "THROUGHPUT",
            "perf_metric_value": 1354.4224221827776
        },
        {
            "perf_metric_name": "1_1_async_actor_calls_async",
            "perf_metric_type": "THROUGHPUT",
            "perf_metric_value": 4741.787250826319
        },
        {
            "perf_metric_name": "1_1_async_actor_calls_with_args_async",
            "perf_metric_type": "THROUGHPUT",
            "perf_metric_value": 2984.4870738644113
        },
        {
            "perf_metric_name": "1_n_async_actor_calls_async",
            "perf_metric_type": "THROUGHPUT",
            "perf_metric_value": 6210.8917374227
        },
        {
            "perf_metric_name": "n_n_async_actor_calls_async",
            "perf_metric_type": "THROUGHPUT",
            "perf_metric_value": 21045.84895345613
        },
        {
            "perf_metric_name": "placement_group_create/removal",
            "perf_metric_type": "THROUGHPUT",
            "perf_metric_value": 619.0377973585646
        },
        {
            "perf_metric_name": "client__get_calls",
            "perf_metric_type": "THROUGHPUT",
            "perf_metric_value": 1140.0189616901123
        },
        {
            "perf_metric_name": "client__put_calls",
            "perf_metric_type": "THROUGHPUT",
            "perf_metric_value": 855.6194016437415
        },
        {
            "perf_metric_name": "client__put_gigabytes",
            "perf_metric_type": "THROUGHPUT",
            "perf_metric_value": 0.09776606229253682
        },
        {
            "perf_metric_name": "client__tasks_and_put_batch",
            "perf_metric_type": "THROUGHPUT",
            "perf_metric_value": 11838.151950028365
        },
        {
            "perf_metric_name": "client__1_1_actor_calls_sync",
            "perf_metric_type": "THROUGHPUT",
            "perf_metric_value": 551.4244433815825
        },
        {
            "perf_metric_name": "client__1_1_actor_calls_async",
            "perf_metric_type": "THROUGHPUT",
            "perf_metric_value": 1029.961672718045
        },
        {
            "perf_metric_name": "client__1_1_actor_calls_concurrent",
            "perf_metric_type": "THROUGHPUT",
            "perf_metric_value": 1040.369140688717
        },
        {
            "perf_metric_name": "client__tasks_and_get_batch",
            "perf_metric_type": "THROUGHPUT",
            "perf_metric_value": 0.9763436530100315
        }
    ],
    "placement_group_create/removal": [
        619.0377973585646,
        1.0007500224910233
    ],