{
    "1_1_actor_calls_async": [
        8726.401857123754,
        162.20549696513925
    ],
    "1_1_actor_calls_concurrent": [
        5525.453533356669,
        275.6986719349956
    ],
    "1_1_actor_calls_sync": [
        2022.1643749529967,
        42.58171596149864
    ],
    "1_1_async_actor_calls_async": [
        3295.7761919502855,
        149.90516121451026
    ],
    "1_1_async_actor_calls_sync": [
        1306.2185283312654,
        22.393311157323094
    ],
    "1_1_async_actor_calls_with_args_async": [
        2271.9010969950546,
        58.46933903250449
    ],
    "1_n_actor_calls_async": [
        8723.546909820518,
        133.04998221108622
    ],
    "1_n_async_actor_calls_async": [
        7526.072989853183,
        80.26873719023843
    ],
    "client__1_1_actor_calls_async": [
        956.234692691667,
        10.622834071499192
    ],
    "client__1_1_actor_calls_concurrent": [
        964.227785207118,
        19.39077588012691
    ],
    "client__1_1_actor_calls_sync": [
        511.54682034013,
        20.183100809422037
    ],
    "client__get_calls": [
        1099.299059786817,
        48.740510949504255
    ],
    "client__put_calls": [
        793.6471952322032,
        19.166421115489065
    ],
    "client__put_gigabytes": [
        0.13033848458516117,
        0.0004047979867318293
    ],
    "client__tasks_and_get_batch": [
        0.9191916564759186,
        0.004240563507874709
    ],
    "client__tasks_and_put_batch": [
        11163.342583763659,
        86.36159399829216
    ],
    "multi_client_put_calls_Plasma_Store": [
        12352.999319488557,
        302.78838782381274
    ],
    "multi_client_put_gigabytes": [
        35.52392832333356,
        2.4551866947000778
    ],
    "multi_client_tasks_async": [
        23658.661959832083,
        3659.740758379274
    ],
    "n_n_actor_calls_async": [
        26706.0034223919,
        796.7068479444016
    ],
    "n_n_actor_calls_with_arg_async": [
        2669.6470548189563,
        37.75431784396307
    ],
    "n_n_async_actor_calls_async": [
        23029.099137990735,
        353.5298340819868
    ],
    "perf_metrics": [
        {
            "perf_metric_name": "single_client_get_calls_Plasma_Store",
            "perf_metric_type": "THROUGHPUT",
            "perf_metric_value": 10575.12534552304
        },
        {
            "perf_metric_name": "single_client_put_calls_Plasma_Store",
            "perf_metric_type": "THROUGHPUT",
            "perf_metric_value": 5342.356803322341
        },
        {
            "perf_metric_name": "multi_client_put_calls_Plasma_Store",
            "perf_metric_type": "THROUGHPUT",
            "perf_metric_value": 12352.999319488557
        },
        {
            "perf_metric_name": "single_client_put_gigabytes",
            "perf_metric_type": "THROUGHPUT",
            "perf_metric_value": 19.60264129638186
        },
        {
            "perf_metric_name": "single_client_tasks_and_get_batch",
            "perf_metric_type": "THROUGHPUT",
            "perf_metric_value": 7.618329296876913
        },
        {
            "perf_metric_name": "multi_client_put_gigabytes",
            "perf_metric_type": "THROUGHPUT",
            "perf_metric_value": 35.52392832333356
        },
        {
            "perf_metric_name": "single_client_get_object_containing_10k_refs",
            "perf_metric_type": "THROUGHPUT",
            "perf_metric_value": 12.459623096174152
        },
        {
            "perf_metric_name": "single_client_wait_1k_refs",
            "perf_metric_type": "THROUGHPUT",
            "perf_metric_value": 5.356105950176277
        },
        {
            "perf_metric_name": "single_client_tasks_sync",
            "perf_metric_type": "THROUGHPUT",
            "perf_metric_value": 990.8897375942615
        },
        {
            "perf_metric_name": "single_client_tasks_async",
            "perf_metric_type": "THROUGHPUT",
            "perf_metric_value": 7728.179866020124
        },
        {
            "perf_metric_name": "multi_client_tasks_async",
            "perf_metric_type": "THROUGHPUT",
            "perf_metric_value": 23658.661959832083
        },
        {
            "perf_metric_name": "1_1_actor_calls_sync",
            "perf_metric_type": "THROUGHPUT",
            "perf_metric_value": 2022.1643749529967
        },
        {
            "perf_metric_name": "1_1_actor_calls_async",
            "perf_metric_type": "THROUGHPUT",
            "perf_metric_value": 8726.401857123754
        },
        {
            "perf_metric_name": "1_1_actor_calls_concurrent",
            "perf_metric_type": "THROUGHPUT",
            "perf_metric_value": 5525.453533356669
        },
        {
            "perf_metric_name": "1_n_actor_calls_async",
            "perf_metric_type": "THROUGHPUT",
            "perf_metric_value": 8723.546909820518
        },
        {
            "perf_metric_name": "n_n_actor_calls_async",
            "perf_metric_type": "THROUGHPUT",
            "perf_metric_value": 26706.0034223919
        },
        {
            "perf_metric_name": "n_n_actor_calls_with_arg_async",
            "perf_metric_type": "THROUGHPUT",
            "perf_metric_value": 2669.6470548189563
        },
        {
            "perf_metric_name": "1_1_async_actor_calls_sync",
            "perf_metric_type": "THROUGHPUT",
            "perf_metric_value": 1306.2185283312654
        },
        {
            "perf_metric_name": "1_1_async_actor_calls_async",
            "perf_metric_type": "THROUGHPUT",
            "perf_metric_value": 3295.7761919502855
        },
        {
            "perf_metric_name": "1_1_async_actor_calls_with_args_async",
            "perf_metric_type": "THROUGHPUT",
            "perf_metric_value": 2271.9010969950546
        },
        {
            "perf_metric_name": "1_n_async_actor_calls_async",
            "perf_metric_type": "THROUGHPUT",
            "perf_metric_value": 7526.072989853183
        },
        {
            "perf_metric_name": "n_n_async_actor_calls_async",
            "perf_metric_type": "THROUGHPUT",
            "perf_metric_value": 23029.099137990735
        },
        {
            "perf_metric_name": "placement_group_create/removal",
            "perf_metric_type": "THROUGHPUT",
            "perf_metric_value": 804.4799825746657
        },
        {
            "perf_metric_name": "client__get_calls",
            "perf_metric_type": "THROUGHPUT",
            "perf_metric_value": 1099.299059786817
        },
        {
            "perf_metric_name": "client__put_calls",
            "perf_metric_type": "THROUGHPUT",
            "perf_metric_value": 793.6471952322032
        },
        {
            "perf_metric_name": "client__put_gigabytes",
            "perf_metric_type": "THROUGHPUT",
            "perf_metric_value": 0.13033848458516117
        },
        {
            "perf_metric_name": "client__tasks_and_put_batch",
            "perf_metric_type": "THROUGHPUT",
            "perf_metric_value": 11163.342583763659
        },
        {
            "perf_metric_name": "client__1_1_actor_calls_sync",
            "perf_metric_type": "THROUGHPUT",
            "perf_metric_value": 511.54682034013
        },
        {
            "perf_metric_name": "client__1_1_actor_calls_async",
            "perf_metric_type": "THROUGHPUT",
            "perf_metric_value": 956.234692691667
        },
        {
            "perf_metric_name": "client__1_1_actor_calls_concurrent",
            "perf_metric_type": "THROUGHPUT",
            "perf_metric_value": 964.227785207118
        },
        {
            "perf_metric_name": "client__tasks_and_get_batch",
            "perf_metric_type": "THROUGHPUT",
            "perf_metric_value": 0.9191916564759186
        }
    ],
    "placement_group_create/removal": [
        804.4799825746657,
        13.347218543583795
    ],
    "single_client_get_calls_Plasma_Store": [
        10575.12534552304,
        389.0501847163306
    ],