{
    "1_1_actor_calls_async": [
        8761.346295795662,
        146.13285936998864
    ],
    "1_1_actor_calls_concurrent": [
        5144.113336604505,
        129.05069261153022
    ],
    "1_1_actor_calls_sync": [
        1934.5421437875898,
        16.93762447499762
    ],
    "1_1_async_actor_calls_async": [
        5004.950764496762,
        171.43189175368792
    ],
    "1_1_async_actor_calls_sync": [
        1400.8372649801115,
        46.91695798495167
    ],
    "1_1_async_actor_calls_with_args_async": [
        2973.2069419443774,
        237.27631176013963
    ],
    "1_n_actor_calls_async": [
        8623.73827147855,
        108.35090143743467
    ],
    "1_n_async_actor_calls_async": [
        7649.232495352423,
        95.6555511663449
    ],
    "client__1_1_actor_calls_async": [
        1045.2530250056586,
        17.729751774775785
    ],
    "client__1_1_actor_calls_concurrent": [
        1051.493235107139,
        8.4794310593275
    ],
    "client__1_1_actor_calls_sync": [
        516.4913813381004,
        13.142786387066948
    ],
    "client__get_calls": [
        988.8125976441822,
        33.09181567140517
    ],
    "client__put_calls": [
        802.299977782532,
        40.98963980585926
    ],
    "client__put_gigabytes": [
        0.14687557695990644,
        0.0006998145552218933
    ],
    "client__tasks_and_get_batch": [
        0.8869040099758512,
        0.0584252596679036
    ],
    "client__tasks_and_put_batch": [
        12975.586508330278,
        276.9399014147757
    ],
    "multi_client_put_calls_Plasma_Store": [
        14827.86504165783,
        271.2989306333634
    ],
    "multi_client_put_gigabytes": [
        46.31338079710033,
        3.3758082719395563
    ],
    "multi_client_tasks_async": [
        22222.678238606593,
        2560.621756569957
    ],
    "n_n_actor_calls_async": [
        27090.36785253979,
        639.2205723009032
    ],
    "n_n_actor_calls_with_arg_async": [
        2665.0370523783936,
        17.183930355396907
    ],
    "n_n_async_actor_calls_async": [
        23929.36598717011,
        574.0572010106606
    ],
    "perf_metrics": [
        {
            "perf_metric_name": "single_client_get_calls_Plasma_Store",
            "perf_metric_type": "THROUGHPUT",
            "perf_metric_value": 10411.918620150123
        },
        {
            "perf_metric_name": "single_client_put_calls_Plasma_Store",
            "perf_metric_type": "THROUGHPUT",
            "perf_metric_value": 4961.71788771872
        },
        {
            "perf_metric_name": "multi_client_put_calls_Plasma_Store",
            "perf_metric_type": "THROUGHPUT",
            "perf_metric_value": 14827.86504165783
        },
        {
            "perf_metric_name": "single_client_put_gigabytes",
            "perf_metric_type": "THROUGHPUT",
            "perf_metric_value": 17.802093535903047
        },
        {
            "perf_metric_name": "single_client_tasks_and_get_batch",
            "perf_metric_type": "THROUGHPUT",
            "perf_metric_value": 7.649152573279892
        },
        {
            "perf_metric_name": "multi_client_put_gigabytes",
            "perf_metric_type": "THROUGHPUT",
            "perf_metric_value": 46.31338079710033
        },
        {
            "perf_metric_name": "single_client_get_object_containing_10k_refs",
            "perf_metric_type": "THROUGHPUT",
            "perf_metric_value": 12.639316158564123
        },
        {
            "perf_metric_name": "single_client_wait_1k_refs",
            "perf_metric_type": "THROUGHPUT",
            "perf_metric_value": 5.188428041790279
        },
        {
            "perf_metric_name": "single_client_tasks_sync",
            "perf_metric_type": "THROUGHPUT",
            "perf_metric_value": 942.3396753458368
        },
        {
            "perf_metric_name": "single_client_tasks_async",
            "perf_metric_type": "THROUGHPUT",
            "perf_metric_value": 7997.547070810859
        },
        {
            "perf_metric_name": "multi_client_tasks_async",
            "perf_metric_type": "THROUGHPUT",
            "perf_metric_value": 22222.678238606593
        },
        {
            "perf_metric_name": "1_1_actor_calls_sync",
            "perf_metric_type": "THROUGHPUT",
            "perf_metric_value": 1934.5421437875898
        },
        {
            "perf_metric_name": "1_1_actor_calls_async",
            "perf_metric_type": "THROUGHPUT",
            "perf_metric_value": 8761.346295795662
        },
        {
            "perf_metric_name": "1_1_actor_calls_concurrent",
            "perf_metric_type": "THROUGHPUT",
            "perf_metric_value": 5144.113336604505
        },
        {
            "perf_metric_name": "1_n_actor_calls_async",
            "perf_metric_type": "THROUGHPUT",
            "perf_metric_value": 8623.73827147855
        },
        {
            "perf_metric_name": "n_n_actor_calls_async",
            "perf_metric_type": "THROUGHPUT",
            "perf_metric_value": 27090.36785253979
        },
        {
            "perf_metric_name": "n_n_actor_calls_with_arg_async",
            "perf_metric_type": "THROUGHPUT",
            "perf_metric_value": 2665.0370523783936
        },
        {
            "perf_metric_name": "1_1_async_actor_calls_sync",
            "perf_metric_type": "THROUGHPUT",
            "perf_metric_value": 1400.8372649801115
        },
        {
            "perf_metric_name": "1_1_async_actor_calls_async",
            "perf_metric_type": "THROUGHPUT",
            "perf_metric_value": 5004.950764496762
        },
        {
            "perf_metric_name": "1_1_async_actor_calls_with_args_async",
            "perf_metric_type": "THROUGHPUT",
            "perf_metric_value": 2973.2069419443774
        },
        {
            "perf_metric_name": "1_n_async_actor_calls_async",
            "perf_metric_type": "THROUGHPUT",
            "perf_metric_value": 7649.232495352423
        },
        {
            "perf_metric_name": "n_n_async_actor_calls_async",
            "perf_metric_type": "THROUGHPUT",
            "perf_metric_value": 23929.36598717011
        },
        {
            "perf_metric_name": "placement_group_create/removal",
            "perf_metric_type": "THROUGHPUT",
            "perf_metric_value": 752.3917651242742
        },
        {
            "perf_metric_name": "client__get_calls",
            "perf_metric_type": "THROUGHPUT",
            "perf_metric_value": 988.8125976441822
        },
        {
            "perf_metric_name": "client__put_calls",
            "perf_metric_type": "THROUGHPUT",
            "perf_metric_value": 802.299977782532
        },
        {
            "perf_metric_name": "client__put_gigabytes",
            "perf_metric_type": "THROUGHPUT",
            "perf_metric_value": 0.14687557695990644
        },
        {
            "perf_metric_name": "client__tasks_and_put_batch",
            "perf_metric_type": "THROUGHPUT",
            "perf_metric_value": 12975.586508330278
        },
        {
            "perf_metric_name": "client__1_1_actor_calls_sync",
            "perf_metric_type": "THROUGHPUT",
            "perf_metric_value": 516.4913813381004
        },
        {
            "perf_metric_name": "client__1_1_actor_calls_async",
            "perf_metric_type": "THROUGHPUT",
            "perf_metric_value": 1045.2530250056586
        },
        {
            "perf_metric_name": "client__1_1_actor_calls_concurrent",
            "perf_metric_type": "THROUGHPUT",
            "perf_metric_value": 1051.493235107139
        },
        {
            "perf_metric_name": "client__tasks_and_get_batch",
            "perf_metric_type": "THROUGHPUT",
            "perf_metric_value": 0.8869040099758512
        }
    ],
    "placement_group_create/removal": [
        752.3917651242742,
        12.692354477421576
    ],
    "single_client_get_calls_Plasma_Store": [
        10411.918620150123,
        158.6907007041028
    ],