{
    "1_1_actor_calls_async": [
        9011.034048587637,
        194.0628029853825
    ],
    "1_1_actor_calls_concurrent": [
        5263.2434276145505,
        145.80604482427896
    ],
    "1_1_actor_calls_sync": [
        2080.236653557758,
        23.13824039798905
    ],
    "1_1_async_actor_calls_async": [
        4501.850720954102,
        147.87207834752016
    ],
    "1_1_async_actor_calls_sync": [
        1516.7172089797605,
        36.37949468906624
    ],
    "1_1_async_actor_calls_with_args_async": [
        3062.7131794844063,
        139.85737128748647
    ],
    "1_n_actor_calls_async": [
        8370.014425096557,
        432.75202747065646
    ],
    "1_n_async_actor_calls_async": [
        8002.339829198115,
        128.47546109549722
    ],
    "client__1_1_actor_calls_async": [
        984.156036006501,
        13.717632534060987
    ],
    "client__1_1_actor_calls_concurrent": [
        976.8103650114274,
        10.754697369485774
    ],
    "client__1_1_actor_calls_sync": [
        473.62862729568997,
        16.15435893429041
    ],
    "client__get_calls": [
        1142.0198619070275,
        24.778997750410955
    ],
    "client__put_calls": [
        806.172478450918,
        26.541778900550913
    ],
    "client__put_gigabytes": [
        0.13945791828216536,
        0.0009825552590766468
    ],
    "client__tasks_and_get_batch": [
        0.9601675934161155,
        0.015386698591663932
    ],
    "client__tasks_and_put_batch": [
        12017.023866540812,
        97.56477930019382
    ],
    "multi_client_put_calls_Plasma_Store": [
        12906.774263883479,
        209.17121340433738
    ],
    "multi_client_put_gigabytes": [
        42.368678421213005,
        2.479245917314356
    ],
    "multi_client_tasks_async": [
        22489.617400047606,
        2527.3493250916217
    ],
    "n_n_actor_calls_async": [
        27662.820243691007,
        694.5263617445811
    ],
    "n_n_actor_calls_with_arg_async": [
        2641.837605625889,
        48.21948083604403
    ],
    "n_n_async_actor_calls_async": [
        23190.04299787998,
        705.5689531826766
    ],
    "perf_metrics": [
        {
            "perf_metric_name": "single_client_get_calls_Plasma_Store",
            "perf_metric_type": "THROUGHPUT",
            "perf_metric_value": 10553.076587142574
        },
        {
            "perf_metric_name": "single_client_put_calls_Plasma_Store",
            "perf_metric_type": "THROUGHPUT",
            "perf_metric_value": 5255.898134426729
        },
        {
            "perf_metric_name": "multi_client_put_calls_Plasma_Store",
            "perf_metric_type": "THROUGHPUT",
            "perf_metric_value": 12906.774263883479
        },
        {
            "perf_metric_name": "single_client_put_gigabytes",
            "perf_metric_type": "THROUGHPUT",
            "perf_metric_value": 19.720556713345232
        },
        {
            "perf_metric_name": "single_client_tasks_and_get_batch",
            "perf_metric_type": "THROUGHPUT",
            "perf_metric_value": 8.290762106646564
        },
        {
            "perf_metric_name": "multi_client_put_gigabytes",
            "perf_metric_type": "THROUGHPUT",
            "perf_metric_value": 42.368678421213005
        },
        {
            "perf_metric_name": "single_client_get_object_containing_10k_refs",
            "perf_metric_type": "THROUGHPUT",
            "perf_metric_value": 11.533423619760748
        },
        {
            "perf_metric_name": "single_client_wait_1k_refs",
            "perf_metric_type": "THROUGHPUT",
            "perf_metric_value": 5.483366864446084
        },
        {
            "perf_metric_name": "single_client_tasks_sync",
            "perf_metric_type": "THROUGHPUT",
            "perf_metric_value": 982.0408892888784
        },
        {
            "perf_metric_name": "single_client_tasks_async",
            "perf_metric_type": "THROUGHPUT",
            "perf_metric_value": 7999.110134185503
        },
        {
            "perf_metric_name": "multi_client_tasks_async",
            "perf_metric_type": "THROUGHPUT",
            "perf_metric_value": 22489.617400047606
        },
        {
            "perf_metric_name": "1_1_actor_calls_sync",
            "perf_metric_type": "THROUGHPUT",
            "perf_metric_value": 2080.236653557758
        },
        {
            "perf_metric_name": "1_1_actor_calls_async",
            "perf_metric_type": "THROUGHPUT",
            "perf_metric_value": 9011.034048587637
        },
        {
            "perf_metric_name": "1_1_actor_calls_concurrent",
            "perf_metric_type": "THROUGHPUT",
            "perf_metric_value": 5263.2434276145505
        },
        {
            "perf_metric_name": "1_n_actor_calls_async",
            "perf_metric_type": "THROUGHPUT",
            "perf_metric_value": 8370.014425096557
        },
        {
            "perf_metric_name": "n_n_actor_calls_async",
            "perf_metric_type": "THROUGHPUT",
            "perf_metric_value": 27662.820243691007
        },
        {
            "perf_metric_name": "n_n_actor_calls_with_arg_async",
            "perf_metric_type": "THROUGHPUT",
            "perf_metric_value": 2641.837605625889
        },
        {
            "perf_metric_name": "1_1_async_actor_calls_sync",
            "perf_metric_type": "THROUGHPUT",
            "perf_metric_value": 1516.7172089797605
        },
        {
            "perf_metric_name": "1_1_async_actor_calls_async",
            "perf_metric_type": "THROUGHPUT",
            "perf_metric_value": 4501.850720954102
        },
        {
            "perf_metric_name": "1_1_async_actor_calls_with_args_async",
            "perf_metric_type": "THROUGHPUT",
            "perf_metric_value": 3062.7131794844063
        },
        {
            "perf_metric_name": "1_n_async_actor_calls_async",
            "perf_metric_type": "THROUGHPUT",
            "perf_metric_value": 8002.339829198115
        },
        {
            "perf_metric_name": "n_n_async_actor_calls_async",
            "perf_metric_type": "THROUGHPUT",
            "perf_metric_value": 23190.04299787998
        },
        {
            "perf_metric_name": "placement_group_create/removal",
            "perf_metric_type": "THROUGHPUT",
            "perf_metric_value": 799.9345402492929
        },
        {
            "perf_metric_name": "client__get_calls",
            "perf_metric_type": "THROUGHPUT",
            "perf_metric_value": 1142.0198619070275
        },
        {
            "perf_metric_name": "client__put_calls",
            "perf_metric_type": "THROUGHPUT",
            "perf_metric_value": 806.172478450918
        },
        {
            "perf_metric_name": "client__put_gigabytes",
            "perf_metric_type": "THROUGHPUT",
            "perf_metric_value": 0.13945791828216536
        },
        {
            "perf_metric_name": "client__tasks_and_put_batch",
            "perf_metric_type": "THROUGHPUT",
            "perf_metric_value": 12017.023866540812
        },
        {
            "perf_metric_name": "client__1_1_actor_calls_sync",
            "perf_metric_type": "THROUGHPUT",
            "perf_metric_value": 473.62862729568997
        },
        {
            "perf_metric_name": "client__1_1_actor_calls_async",
            "perf_metric_type": "THROUGHPUT",
            "perf_metric_value": 984.156036006501
        },
        {
            "perf_metric_name": "client__1_1_actor_calls_concurrent",
            "perf_metric_type": "THROUGHPUT",
            "perf_metric_value": 976.8103650114274
        },
        {
            "perf_metric_name": "client__tasks_and_get_batch",
            "perf_metric_type": "THROUGHPUT",
            "perf_metric_value": 0.9601675934161155
        }
    ],
    "placement_group_create/removal": [
        799.9345402492929,
        8.768796669691211
    ],