{
    "1_1_actor_calls_async": [
        6778.77263118084,
        335.1657965681111
    ],
    "1_1_actor_calls_concurrent": [
        4476.469992509627,
        80.44369769183004
    ],
    "1_1_actor_calls_sync": [
        1429.043792654831,
        19.1512538952634
    ],
    "1_1_async_actor_calls_async": [
        3567.5020424578674,
        64.99462058902336
    ],
    "1_1_async_actor_calls_sync": [
        1006.5372823091388,
        48.748714995546905
    ],
    "1_1_async_actor_calls_with_args_async": [
        2375.9373482961805,
        84.03539107708299
    ],
    "1_n_actor_calls_async": [
        5761.245883325508,
        179.6996299848719
    ],
    "1_n_async_actor_calls_async": [
        5523.506827202886,
        26.629092832853726
    ],
    "client__1_1_actor_calls_async": [
        1052.0053126627577,
        25.024316656613824
    ],
    "client__1_1_actor_calls_concurrent": [
        1042.8542596204961,
        13.563016277404827
    ],
    "client__1_1_actor_calls_sync": [
        546.1287849134048,
        2.4358930192910906
    ],
    "client__get_calls": [
        1099.4514736525857,
        74.37309884622977
    ],
    "client__put_calls": [
        834.969637203394,
        14.019475486974024
    ],
    "client__put_gigabytes": [
        0.09855542381003202,
        0.0009329602534689346
    ],
    "client__tasks_and_get_batch": [
        0.9731104629693856,
        0.04517174853068934
    ],
    "client__tasks_and_put_batch": [
        11925.484092890623,
        180.6378566618586
    ],
    "multi_client_put_calls_Plasma_Store": [
        12336.647570130343,
        87.45929916646352
    ],
    "multi_client_put_gigabytes": [
        38.17801103086019,
        2.4759559361927126
    ],
    "multi_client_tasks_async": [
        17809.169218546187,
        1507.075320819858
    ],
    "n_n_actor_calls_async": [
        19019.07842122874,
        894.5499611008987
    ],
    "n_n_actor_calls_with_arg_async": [
        2779.4109021768286,
        22.728293461450036
    ],
    "n_n_async_actor_calls_async": [
        17839.72259466486,
        198.97033231495521
    ],
    "perf_metrics": [
        {
            "perf_metric_name": "single_client_get_calls_Plasma_Store",
            "perf_metric_type": "THROUGHPUT",
            "perf_metric_value": 10557.98332236027
        },
        {
            "perf_metric_name": "single_client_put_calls_Plasma_Store",
            "perf_metric_type": "THROUGHPUT",
            "perf_metric_value": 4440.779495893648
        },
        {
            "perf_metric_name": "multi_client_put_calls_Plasma_Store",
            "perf_metric_type": "THROUGHPUT",
            "perf_metric_value": 12336.647570130343
        },
        {
            "perf_metric_name": "single_client_put_gigabytes",
            "perf_metric_type": "THROUGHPUT",
            "perf_metric_value": 9.534215154530786
        },
        {
            "perf_metric_name": "single_client_tasks_and_get_batch",
            "perf_metric_type": "THROUGHPUT",
            "perf_metric_value": 6.498424579177726
        },
        {
            "perf_metric_name": "multi_client_put_gigabytes",
            "perf_metric_type": "THROUGHPUT",
            "perf_metric_value": 38.17801103086019
        },
        {
            "perf_metric_name": "single_client_get_object_containing_10k_refs",
            "perf_metric_type": "THROUGHPUT",
            "perf_metric_value": 10.22955093525802
        },
        {
            "perf_metric_name": "single_client_wait_1k_refs",
            "perf_metric_type": "THROUGHPUT",
            "perf_metric_value": 4.0053068721409355
        },
        {
            "perf_metric_name": "single_client_tasks_sync",
            "perf_metric_type": "THROUGHPUT",
            "perf_metric_value": 647.4580540478063
        },
        {
            "perf_metric_name": "single_client_tasks_async",
            "perf_metric_type": "THROUGHPUT",
            "perf_metric_value": 5518.2930278813765
        },
        {
            "perf_metric_name": "multi_client_tasks_async",
            "perf_metric_type": "THROUGHPUT",
            "perf_metric_value": 17809.169218546187
        },
        {
            "perf_metric_name": "1_1_actor_calls_sync",
            "perf_metric_type": "THROUGHPUT",
            "perf_metric_value": 1429.043792654831
        },
        {
            "perf_metric_name": "1_1_actor_calls_async",
            "perf_metric_type": "THROUGHPUT",
            "perf_metric_value": 6778.77263118084
        },
        {
            "perf_metric_name": "1_1_actor_calls_concurrent",
            "perf_metric_type": "THROUGHPUT",
            "perf_metric_value": 4476.469992509627
        },
        {
            "perf_metric_name": "1_n_actor_calls_async",
            "perf_metric_type": "THROUGHPUT",
            "perf_metric_value": 5761.245883325508
        },
        {
            "perf_metric_name": "n_n_actor_calls_async",
            "perf_metric_type": "THROUGHPUT",
            "perf_metric_value": 19019.07842122874
        },
        {
            "perf_metric_name": "n_n_actor_calls_with_arg_async",
            "perf_metric_type": "THROUGHPUT",
            "perf_metric_value": 2779.4109021768286
        },
        {
            "perf_metric_name": "1_1_async_actor_calls_sync",
            "perf_metric_type": "THROUGHPUT",
            "perf_metric_value": 1006.5372823091388
        },
        {
            "perf_metric_name": "1_1_async_actor_calls_async",
            "perf_metric_type": "THROUGHPUT",
            "perf_metric_value": 3567.5020424578674
        },
        {
            "perf_metric_name": "1_1_async_actor_calls_with_args_async",
            "perf_metric_type": "THROUGHPUT",
            "perf_metric_value": 2375.9373482961805
        },
        {
            "perf_metric_name": "1_n_async_actor_calls_async",
            "perf_metric_type": "THROUGHPUT",
            "perf_metric_value": 5523.506827202886
        },
        {
            "perf_metric_name": "n_n_async_actor_calls_async",
            "perf_metric_type": "THROUGHPUT",
            "perf_metric_value": 17839.72259466486
        },
        {
            "perf_metric_name": "placement_group_create/removal",
            "perf_metric_type": "THROUGHPUT",
            "perf_metric_value": 620.8842587027023
        },
        {
            "perf_metric_name": "client__get_calls",
            "perf_metric_type": "THROUGHPUT",
            "perf_metric_value": 1099.4514736525857
        },
        {
            "perf_metric_name": "client__put_calls",
            "perf_metric_type": "THROUGHPUT",
            "perf_metric_value": 834.969637203394
        },
        {
            "perf_metric_name": "client__put_gigabytes",
            "perf_metric_type": "THROUGHPUT",
            "perf_metric_value": 0.09855542381003202
        },
        {
            "perf_metric_name": "client__tasks_and_put_batch",
            "perf_metric_type": "THROUGHPUT",
            "perf_metric_value": 11925.484092890623
        },
        {
            "perf_metric_name": "client__1_1_actor_calls_sync",
            "perf_metric_type": "THROUGHPUT",
            "perf_metric_value": 546.1287849134048
        },
        {
            "perf_metric_name": "client__1_1_actor_calls_async",
            "perf_metric_type": "THROUGHPUT",
            "perf_metric_value": 1052.0053126627577
        },
        {
            "perf_metric_name": "client__1_1_actor_calls_concurrent",
            "perf_metric_type": "THROUGHPUT",
            "perf_metric_value": 1042.8542596204961
        },
        {
            "perf_metric_name": "client__tasks_and_get_batch",
            "perf_metric_type": "THROUGHPUT",
            "perf_metric_value": 0.9731104629693856
        }
    ],
    "placement_group_create/removal": [
        620.8842587027023,
        6.680381562289942
    ],