{
    "1_1_actor_calls_async": [
        8171.523550584257,
        304.0461996909061
    ],
    "1_1_actor_calls_concurrent": [
        5226.5881223297165,
        160.33838219642257
    ],
    "1_1_actor_calls_sync": [
        2082.3186675021,
        9.860356571119791
    ],
    "1_1_async_actor_calls_async": [
        3251.1137100044966,
        81.14292559860102
    ],
    "1_1_async_actor_calls_sync": [
        1345.395765363197,
        29.367593403703083
    ],
    "1_1_async_actor_calls_with_args_async": [
        2293.7775678299445,
        77.05511740813425
    ],
    "1_n_actor_calls_async": [
        8764.130123763154,
        181.071924222626
    ],
    "1_n_async_actor_calls_async": [
        7372.9703998325,
        54.53505725264242
    ],
    "client__1_1_actor_calls_async": [
        904.521273472714,
        28.527944559192747
    ],
    "client__1_1_actor_calls_concurrent": [
        873.8714562484492,
        25.749835552761255
    ],
    "client__1_1_actor_calls_sync": [
        442.68914456048344,
        15.763751613248651
    ],
    "client__get_calls": [
        1102.6650053470485,
        77.72389637469834
    ],
    "client__put_calls": [
        845.552853523363,
        45.37902936875844
    ],
    "client__put_gigabytes": [
        0.1334586473688572,
        0.0011468848246281088
    ],
    "client__tasks_and_get_batch": [
        0.8582393147997396,
        0.0164268178200861
    ],
    "client__tasks_and_put_batch": [
        11808.47274801226,
        40.882707776157126
    ],
    "multi_client_put_calls_Plasma_Store": [
        12225.822523473053,
        161.45228483193972
    ],
    "multi_client_put_gigabytes": [
        34.29239230793482,
        1.6823980836031176
    ],
    "multi_client_tasks_async": [
        23256.04620857538,
        1669.2904259348961
    ],
    "n_n_actor_calls_async": [
        26889.685906425373,
        707.394670424627
    ],
    "n_n_actor_calls_with_arg_async": [
        2804.441799211664,
        22.81688764051106
    ],
    "n_n_async_actor_calls_async": [
        23069.973460331676,
        792.5940357219272
    ],
    "perf_metrics": [
        {
            "perf_metric_name": "single_client_get_calls_Plasma_Store",
            "perf_metric_type": "THROUGHPUT",
            "perf_metric_value": 10218.823776754743
        },
        {
            "perf_metric_name": "single_client_put_calls_Plasma_Store",
            "perf_metric_type": "THROUGHPUT",
            "perf_metric_value": 5161.917113539314
        },
        {
            "perf_metric_name": "multi_client_put_calls_Plasma_Store",
            "perf_metric_type": "THROUGHPUT",
            "perf_metric_value": 12225.822523473053
        },
        {
            "perf_metric_name": "single_client_put_gigabytes",
            "perf_metric_type": "THROUGHPUT",
            "perf_metric_value": 20.53175919346985
        },
        {
            "perf_metric_name": "single_client_tasks_and_get_batch",
            "perf_metric_type": "THROUGHPUT",
            "perf_metric_value": 7.7019546292731285
        },
        {
            "perf_metric_name": "multi_client_put_gigabytes",
            "perf_metric_type": "THROUGHPUT",
            "perf_metric_value": 34.29239230793482
        },
        {
            "perf_metric_name": "single_client_get_object_containing_10k_refs",
            "perf_metric_type": "THROUGHPUT",
            "perf_metric_value": 13.582928376226011
        },
        {
            "perf_metric_name": "single_client_wait_1k_refs",
            "perf_metric_type": "THROUGHPUT",
            "perf_metric_value": 5.452661617480304
        },
        {
            "perf_metric_name": "single_client_tasks_sync",
            "perf_metric_type": "THROUGHPUT",
            "perf_metric_value": 999.7438019595434
        },
        {
            "perf_metric_name": "single_client_tasks_async",
            "perf_metric_type": "THROUGHPUT",
            "perf_metric_value": 7942.16610820099
        },
        {
            "perf_metric_name": "multi_client_tasks_async",
            "perf_metric_type": "THROUGHPUT",
            "perf_metric_value": 23256.04620857538
        },
        {
            "perf_metric_name": "1_1_actor_calls_sync",
            "perf_metric_type": "THROUGHPUT",
            "perf_metric_value": 2082.3186675021
        },
        {
            "perf_metric_name": "1_1_actor_calls_async",
            "perf_metric_type": "THROUGHPUT",
            "perf_metric_value": 8171.523550584257
        },
        {
            "perf_metric_name": "1_1_actor_calls_concurrent",
            "perf_metric_type": "THROUGHPUT",
            "perf_metric_value": 5226.5881223297165
        },
        {
            "perf_metric_name": "1_n_actor_calls_async",
            "perf_metric_type": "THROUGHPUT",
            "perf_metric_value": 8764.130123763154
        },
        {
            "perf_metric_name": "n_n_actor_calls_async",
            "perf_metric_type": "THROUGHPUT",
            "perf_metric_value": 26889.685906425373
        },
        {
            "perf_metric_name": "n_n_actor_calls_with_arg_async",
            "perf_metric_type": "THROUGHPUT",
            "perf_metric_value": 2804.441799211664
        },
        {
            "perf_metric_name": "1_1_async_actor_calls_sync",
            "perf_metric_type": "THROUGHPUT",
            "perf_metric_value": 1345.395765363197
        },
        {
            "perf_metric_name": "1_1_async_actor_calls_async",
            "perf_metric_type": "THROUGHPUT",
            "perf_metric_value": 3251.1137100044966
        },
        {
            "perf_metric_name": "1_1_async_actor_calls_with_args_async",
            "perf_metric_type": "THROUGHPUT",
            "perf_metric_value": 2293.7775678299445
        },
        {
            "perf_metric_name": "1_n_async_actor_calls_async",
            "perf_metric_type": "THROUGHPUT",
            "perf_metric_value": 7372.9703998325
        },
        {
            "perf_metric_name": "n_n_async_actor_calls_async",
            "perf_metric_type": "THROUGHPUT",
            "perf_metric_value": 23069.973460331676
        },
        {
            "perf_metric_name": "placement_group_create/removal",
            "perf_metric_type": "THROUGHPUT",
            "perf_metric_value": 826.7551498406428
        },
        {
            "perf_metric_name": "client__get_calls",
            "perf_metric_type": "THROUGHPUT",
            "perf_metric_value": 1102.6650053470485
        },
        {
            "perf_metric_name": "client__put_calls",
            "perf_metric_type": "THROUGHPUT",
            "perf_metric_value": 845.552853523363
        },
        {
            "perf_metric_name": "client__put_gigabytes",
            "perf_metric_type": "THROUGHPUT",
            "perf_metric_value": 0.1334586473688572
        },
        {
            "perf_metric_name": "client__tasks_and_put_batch",
            "perf_metric_type": "THROUGHPUT",
            "perf_metric_value": 11808.47274801226
        },
        {
            "perf_metric_name": "client__1_1_actor_calls_sync",
            "perf_metric_type": "THROUGHPUT",
            "perf_metric_value": 442.68914456048344
        },
        {
            "perf_metric_name": "client__1_1_actor_calls_async",
            "perf_metric_type": "THROUGHPUT",
            "perf_metric_value": 904.521273472714
        },
        {
            "perf_metric_name": "client__1_1_actor_calls_concurrent",
            "perf_metric_type": "THROUGHPUT",
            "perf_metric_value": 873.8714562484492
        },
        {
            "perf_metric_name": "client__tasks_and_get_batch",
            "perf_metric_type": "THROUGHPUT",
            "perf_metric_value": 0.8582393147997396
        }
    ],
    "placement_group_create/removal": [
        826.7551498406428,
        12.693075785760715
    ],
    "single_client_get_calls_Plasma_Store": [
        10218.823776754743,
        535.379579976048
    ],