{
    "1_1_actor_calls_async": [
        8406.054594491414,
        291.92446043278716
    ],
    "1_1_actor_calls_concurrent": [
        5574.264537476383,
        181.40881249963473
    ],
    "1_1_actor_calls_sync": [
        2087.0883324113634,
        10.396959324142186
    ],
    "1_1_async_actor_calls_async": [
        4634.622610628061,
        246.61685472875908
    ],
    "1_1_async_actor_calls_sync": [
        1496.8313514335857,
        42.45699109577986
    ],
    "1_1_async_actor_calls_with_args_async": [
        3123.7321716596866,
        132.73443670780497
    ],
    "1_n_actor_calls_async": [
        8312.7769172799,
        150.96384831260096
    ],
    "1_n_async_actor_calls_async": [
        7792.374370155593,
        86.46740107601153
    ],
    "client__1_1_actor_calls_async": [
        1043.3296010219708,
        8.035971592481292
    ],
    "client__1_1_actor_calls_concurrent": [
        1047.7835914296222,
        8.738117551289973
    ],
    "client__1_1_actor_calls_sync": [
        535.027220414796,
        3.622936132413555
    ],
    "client__get_calls": [
        997.4243643841575,
        53.6906776563184
    ],
    "client__put_calls": [
        801.6438142195469,
        46.18748503055418
    ],
    "client__put_gigabytes": [
        0.1511670911986308,
        0.0006081888837103882
    ],
    "client__tasks_and_get_batch": [
        0.9672617157522876,
        0.01781828778285319
    ],
    "client__tasks_and_put_batch": [
        14268.002424842036,
        282.8938231847822
    ],
    "multi_client_put_calls_Plasma_Store": [
        15710.940881780856,
        192.78875792024306
    ],
    "multi_client_put_gigabytes": [
        48.46986379957417,
        4.716362152545525
    ],
    "multi_client_tasks_async": [
        23713.784059029313,
        2759.0699297247866
    ],
    "n_n_actor_calls_async": [
        26462.5203698443,
        636.4207355323053
    ],
    "n_n_actor_calls_with_arg_async": [
        2795.9326336101585,
        7.660848885864043
    ],
    "n_n_async_actor_calls_async": [
        23562.931563500868,
        679.9901259111042
    ],
    "perf_metrics": [
        {
            "perf_metric_name": "single_client_get_calls_Plasma_Store",
            "perf_metric_type": "THROUGHPUT",
            "perf_metric_value": 10619.35631461194
        },
        {
            "perf_metric_name": "single_client_put_calls_Plasma_Store",
            "perf_metric_type": "THROUGHPUT",
            "perf_metric_value": 4902.8590729793395
        },
        {
            "perf_metric_name": "multi_client_put_calls_Plasma_Store",
            "perf_metric_type": "THROUGHPUT",
            "perf_metric_value": 15710.940881780856
        },
        {
            "perf_metric_name": "single_client_put_gigabytes",
            "perf_metric_type": "THROUGHPUT",
            "perf_metric_value": 16.723303680382777
        },
        {
            "perf_metric_name": "single_client_tasks_and_get_batch",
            "perf_metric_type": "THROUGHPUT",
            "perf_metric_value": 7.787568114090216
        },
        {
            "perf_metric_name": "multi_client_put_gigabytes",
            "perf_metric_type": "THROUGHPUT",
            "perf_metric_value": 48.46986379957417
        },
        {
            "perf_metric_name": "single_client_get_object_containing_10k_refs",
            "perf_metric_type": "THROUGHPUT",
            "perf_metric_value": 13.732460308807838
        },
        {
            "perf_metric_name": "single_client_wait_1k_refs",
            "perf_metric_type": "THROUGHPUT",
            "perf_metric_value": 5.335827997441243
        },
        {
            "perf_metric_name": "single_client_tasks_sync",
            "perf_metric_type": "THROUGHPUT",
            "perf_metric_value": 966.9330051031666
        },
        {
            "perf_metric_name": "single_client_tasks_async",
            "perf_metric_type": "THROUGHPUT",
            "perf_metric_value": 7867.164206607655
        },
        {
            "perf_metric_name": "multi_client_tasks_async",
            "perf_metric_type": "THROUGHPUT",
            "perf_metric_value": 23713.784059029313
        },
        {
            "perf_metric_name": "1_1_actor_calls_sync",
            "perf_metric_type": "THROUGHPUT",
            "perf_metric_value": 2087.0883324113634
        },
        {
            "perf_metric_name": "1_1_actor_calls_async",
            "perf_metric_type": "THROUGHPUT",
            "perf_metric_value": 8406.054594491414
        },
        {
            "perf_metric_name": "1_1_actor_calls_concurrent",
            "perf_metric_type": "THROUGHPUT",
            "perf_metric_value": 5574.264537476383
        },
        {
            "perf_metric_name": "1_n_actor_calls_async",
            "perf_metric_type": "THROUGHPUT",
            "perf_metric_value": 8312.7769172799
        },
        {
            "perf_metric_name": "n_n_actor_calls_async",
            "perf_metric_type": "THROUGHPUT",
            "perf_metric_value": 26462.5203698443
        },
        {
            "perf_metric_name": "n_n_actor_calls_with_arg_async",
            "perf_metric_type": "THROUGHPUT",
            "perf_metric_value": 2795.9326336101585
        },
        {
            "perf_metric_name": "1_1_async_actor_calls_sync",
            "perf_metric_type": "THROUGHPUT",
            "perf_metric_value": 1496.8313514335857
        },
        {
            "perf_metric_name": "1_1_async_actor_calls_async",
            "perf_metric_type": "THROUGHPUT",
            "perf_metric_value": 4634.622610628061
        },
        {
            "perf_metric_name": "1_1_async_actor_calls_with_args_async",
            "perf_metric_type": "THROUGHPUT",
            "perf_metric_value": 3123.7321716596866
        },
        {
            "perf_metric_name": "1_n_async_actor_calls_async",
            "perf_metric_type": "THROUGHPUT",
            "perf_metric_value": 7792.374370155593
        },
        {
            "perf_metric_name": "n_n_async_actor_calls_async",
            "perf_metric_type": "THROUGHPUT",
            "perf_metric_value": 23562.931563500868
        },
        {
            "perf_metric_name": "placement_group_create/removal",
            "perf_metric_type": "THROUGHPUT",
            "perf_metric_value": 767.0130987847887
        },
        {
            "perf_metric_name": "client__get_calls",
            "perf_metric_type": "THROUGHPUT",
            "perf_metric_value": 997.4243643841575
        },
        {
            "perf_metric_name": "client__put_calls",
            "perf_metric_type": "THROUGHPUT",
            "perf_metric_value": 801.6438142195469
        },
        {
            "perf_metric_name": "client__put_gigabytes",
            "perf_metric_type": "THROUGHPUT",
            "perf_metric_value": 0.1511670911986308
        },
        {
            "perf_metric_name": "client__tasks_and_put_batch",
            "perf_metric_type": "THROUGHPUT",
            "perf_metric_value": 14268.002424842036
        },
        {
            "perf_metric_name": "client__1_1_actor_calls_sync",
            "perf_metric_type": "THROUGHPUT",
            "perf_metric_value": 535.027220414796
        },
        {
            "perf_metric_name": "client__1_1_actor_calls_async",
            "perf_metric_type": "THROUGHPUT",
            "perf_metric_value": 1043.3296010219708
        },
        {
            "perf_metric_name": "client__1_1_actor_calls_concurrent",
            "perf_metric_type": "THROUGHPUT",
            "perf_metric_value": 1047.7835914296222
        },
        {
            "perf_metric_name": "client__tasks_and_get_batch",
            "perf_metric_type": "THROUGHPUT",
            "perf_metric_value": 0.9672617157522876
        }
    ],
    "placement_group_create/removal": [
        767.0130987847887,
        13.736685071027063
    ],
    "single_client_get_calls_Plasma_Store": [
        10619.35631461194,
        276.4943413062039
    ],