{
    "1_1_actor_calls_async": [
        8382.98999101571,
        117.79830230521418
    ],
    "1_1_actor_calls_concurrent": [
        5185.592351945926,
        90.30753238314676
    ],
    "1_1_actor_calls_sync": [
        2091.781722688228,
        16.9518585087781
    ],
    "1_1_async_actor_calls_async": [
        4261.744798110754,
        180.0414155637879
    ],
    "1_1_async_actor_calls_sync": [
        1440.0280310845594,
        32.16094111992805
    ],
    "1_1_async_actor_calls_with_args_async": [
        2842.6446804977995,
        86.87223380532768
    ],
    "1_n_actor_calls_async": [
        7753.148948018643,
        157.64457409741257
    ],
    "1_n_async_actor_calls_async": [
        7607.418617152194,
        89.2638829207031
    ],
    "client__1_1_actor_calls_async": [
        1156.2740440851749,
        16.48223271213866
    ],
    "client__1_1_actor_calls_concurrent": [
        1144.7059953730677,
        4.145550595536418
    ],
    "client__1_1_actor_calls_sync": [
        564.4854333177283,
        3.857233665824203
    ],
    "client__get_calls": [
        1025.614536261544,
        21.381968599178617
    ],
    "client__put_calls": [
        869.4133022105747,
        28.436164429083114
    ],
    "client__put_gigabytes": [
        0.1011154460629056,
        0.0022480613263383856
    ],
    "client__tasks_and_get_batch": [
        1.040122205853533,
        0.03858532336305511
    ],
    "client__tasks_and_put_batch": [
        13581.806864962535,
        520.4510627044893
    ],
    "multi_client_put_calls_Plasma_Store": [
        15560.620089508539,
        96.2603254838798
    ],
    "multi_client_put_gigabytes": [
        37.43614465888436,
        2.1762237421647583
    ],
    "multi_client_tasks_async": [
        24135.499735285084,
        1599.8731087846127
    ],
    "n_n_actor_calls_async": [
        26441.297568592032,
        1050.529175955539
    ],
    "n_n_actor_calls_with_arg_async": [
        2704.110675027102,
        28.368337606599287
    ],
    "n_n_async_actor_calls_async": [
        23412.17782093146,
        617.218384004416
    ],
    "perf_metrics": [
        {
            "perf_metric_name": "single_client_get_calls_Plasma_Store",
            "perf_metric_type": "THROUGHPUT",
            "perf_metric_value": 10119.7301338237
        },
        {
            "perf_metric_name": "single_client_put_calls_Plasma_Store",
            "perf_metric_type": "THROUGHPUT",
            "perf_metric_value": 5278.091294531883
        },
        {
            "perf_metric_name": "multi_client_put_calls_Plasma_Store",
            "perf_metric_type": "THROUGHPUT",
            "perf_metric_value": 15560.620089508539
        },
        {
            "perf_metric_name": "single_client_put_gigabytes",
            "perf_metric_type": "THROUGHPUT",
            "perf_metric_value": 18.71278038275444
        },
        {
            "perf_metric_name": "single_client_tasks_and_get_batch",
            "perf_metric_type": "THROUGHPUT",
            "perf_metric_value": 5.381854147597904
        },
        {
            "perf_metric_name": "multi_client_put_gigabytes",
            "perf_metric_type": "THROUGHPUT",
            "perf_metric_value": 37.43614465888436
        },
        {
            "perf_metric_name": "single_client_get_object_containing_10k_refs",
            "perf_metric_type": "THROUGHPUT",
            "perf_metric_value": 13.265651211414822
        },
        {
            "perf_metric_name": "single_client_wait_1k_refs",
            "perf_metric_type": "THROUGHPUT",
            "perf_metric_value": 4.952999927332959
        },
        {
            "perf_metric_name": "single_client_tasks_sync",
            "perf_metric_type": "THROUGHPUT",
            "perf_metric_value": 946.027654634476
        },
        {
            "perf_metric_name": "single_client_tasks_async",
            "perf_metric_type": "THROUGHPUT",
            "perf_metric_value": 7958.403181954658
        },
        {
            "perf_metric_name": "multi_client_tasks_async",
            "perf_metric_type": "THROUGHPUT",
            "perf_metric_value": 24135.499735285084
        },
        {
            "perf_metric_name": "1_1_actor_calls_sync",
            "perf_metric_type": "THROUGHPUT",
            "perf_metric_value": 2091.781722688228
        },
        {
            "perf_metric_name": "1_1_actor_calls_async",
            "perf_metric_type": "THROUGHPUT",
            "perf_metric_value": 8382.98999101571
        },
        {
            "perf_metric_name": "1_1_actor_calls_concurrent",
            "perf_metric_type": "THROUGHPUT",
            "perf_metric_value": 5185.592351945926
        },
        {
            "perf_metric_name": "1_n_actor_calls_async",
            "perf_metric_type": "THROUGHPUT",
            "perf_metric_value": 7753.148948018643
        },
        {
            "perf_metric_name": "n_n_actor_calls_async",
            "perf_metric_type": "THROUGHPUT",
            "perf_metric_value": 26441.297568592032
        },
        {
            "perf_metric_name": "n_n_actor_calls_with_arg_async",
            "perf_metric_type": "THROUGHPUT",
            "perf_metric_value": 2704.110675027102
        },
        {
            "perf_metric_name": "1_1_async_actor_calls_sync",
            "perf_metric_type": "THROUGHPUT",
            "perf_metric_value": 1440.0280310845594
        },
        {
            "perf_metric_name": "1_1_async_actor_calls_async",
            "perf_metric_type": "THROUGHPUT",
            "perf_metric_value": 4261.744798110754
        },
        {
            "perf_metric_name": "1_1_async_actor_calls_with_args_async",
            "perf_metric_type": "THROUGHPUT",
            "perf_metric_value": 2842.6446804977995
        },
        {
            "perf_metric_name": "1_n_async_actor_calls_async",
            "perf_metric_type": "THROUGHPUT",
            "perf_metric_value": 7607.418617152194
        },
        {
            "perf_metric_name": "n_n_async_actor_calls_async",
            "perf_metric_type": "THROUGHPUT",
            "perf_metric_value": 23412.17782093146
        },
        {
            "perf_metric_name": "placement_group_create/removal",
            "perf_metric_type": "THROUGHPUT",
            "perf_metric_value": 755.9481741578835
        },
        {
            "perf_metric_name": "client__get_calls",
            "perf_metric_type": "THROUGHPUT",
            "perf_metric_value": 1025.614536261544
        },
        {
            "perf_metric_name": "client__put_calls",
            "perf_metric_type": "THROUGHPUT",
            "perf_metric_value": 869.4133022105747
        },
        {
            "perf_metric_name": "client__put_gigabytes",
            "perf_metric_type": "THROUGHPUT",
            "perf_metric_value": 0.1011154460629056
        },
        {
            "perf_metric_name": "client__tasks_and_put_batch",
            "perf_metric_type": "THROUGHPUT",
            "perf_metric_value": 13581.806864962535
        },
        {
            "perf_metric_name": "client__1_1_actor_calls_sync",
            "perf_metric_type": "THROUGHPUT",
            "perf_metric_value": 564.4854333177283
        },
        {
            "perf_metric_name": "client__1_1_actor_calls_async",
            "perf_metric_type": "THROUGHPUT",
            "perf_metric_value": 1156.2740440851749
        },
        {
            "perf_metric_name": "client__1_1_actor_calls_concurrent",
            "perf_metric_type": "THROUGHPUT",
            "perf_metric_value": 1144.7059953730677
        },
        {
            "perf_metric_name": "client__tasks_and_get_batch",
            "perf_metric_type": "THROUGHPUT",
            "perf_metric_value": 1.040122205853533
        }
    ],
    "placement_group_create/removal": [
        755.9481741578835,
        12.306329174758009
    ],
    "single_client_get_calls_Plasma_Store": [
        10119.7301338237,
        102.04801817695024
    ],