{
    "1_1_actor_calls_async": [
        8502.185649124818,
        59.39579734958622
    ],
    "1_1_actor_calls_concurrent": [
        5685.557541355921,
        99.73222945207537
    ],
    "1_1_actor_calls_sync": [
        2008.2251736389535,
        20.33277638732348
    ],
    "1_1_async_actor_calls_async": [
        4944.531859420242,
        293.794843634801
    ],
    "1_1_async_actor_calls_sync": [
        1485.8803339848037,
        20.550046952451634
    ],
    "1_1_async_actor_calls_with_args_async": [
        3010.0192503432813,
        112.5187905869462
    ],
    "1_n_actor_calls_async": [
        8488.963904822358,
        291.21698385238375
    ],
    "1_n_async_actor_calls_async": [
        7423.794674477096,
        74.75548088782585
    ],
    "client__1_1_actor_calls_async": [
        1098.439590807965,
        6.592486113693813
    ],
    "client__1_1_actor_calls_concurrent": [
        1101.532038654861,
        12.722832487818907
    ],
    "client__1_1_actor_calls_sync": [
        540.0068247341576,
        6.0576821391632825
    ],
    "client__get_calls": [
        1131.9334072179877,
        20.4210935531117
    ],
    "client__put_calls": [
        828.2633586422576,
        31.538607699579494
    ],
    "client__put_gigabytes": [
        0.15630094720805565,
        0.0007378049516346425
    ],
    "client__tasks_and_get_batch": [
        0.9952310409487755,
        0.03335427710052468
    ],
    "client__tasks_and_put_batch": [
        14392.617635730732,
        409.08882397913544
    ],
    "multi_client_put_calls_Plasma_Store": [
        15812.670260851048,
        465.78308516717277
    ],
    "multi_client_put_gigabytes": [
        38.924152937872186,
        3.092161674668955
    ],
    "multi_client_tasks_async": [
        22288.616282558643,
        1657.7936475517824
    ],
    "n_n_actor_calls_async": [
        27468.738598402517,
        495.8063418438702
    ],
    "n_n_actor_calls_with_arg_async": [
        2767.6430830862673,
        27.252446576921344
    ],
    "n_n_async_actor_calls_async": [
        23975.695326534915,
        675.7738994044964
    ],
    "perf_metrics": [
        {
            "perf_metric_name": "single_client_get_calls_Plasma_Store",
            "perf_metric_type": "THROUGHPUT",
            "perf_metric_value": 10333.563725378965
        },
        {
            "perf_metric_name": "single_client_put_calls_Plasma_Store",
            "perf_metric_type": "THROUGHPUT",
            "perf_metric_value": 5112.5329702960535
        },
        {
            "perf_metric_name": "multi_client_put_calls_Plasma_Store",
            "perf_metric_type": "THROUGHPUT",
            "perf_metric_value": 15812.670260851048
        },
        {
            "perf_metric_name": "single_client_put_gigabytes",
            "perf_metric_type": "THROUGHPUT",
            "perf_metric_value": 19.779825639679515
        },
        {
            "perf_metric_name": "single_client_tasks_and_get_batch",
            "perf_metric_type": "THROUGHPUT",
            "perf_metric_value": 6.436833395888227
        },
        {
            "perf_metric_name": "multi_client_put_gigabytes",
            "perf_metric_type": "THROUGHPUT",
            "perf_metric_value": 38.924152937872186
        },
        {
            "perf_metric_name": "single_client_get_object_containing_10k_refs",
            "perf_metric_type": "THROUGHPUT",
            "perf_metric_value": 14.378237016716856
        },
        {
            "perf_metric_name": "single_client_wait_1k_refs",
            "perf_metric_type": "THROUGHPUT",
            "perf_metric_value": 5.676463373919201
        },
        {
            "perf_metric_name": "single_client_tasks_sync",
            "perf_metric_type": "THROUGHPUT",
            "perf_metric_value": 996.1938656370342
        },
        {
            "perf_metric_name": "single_client_tasks_async",
            "perf_metric_type": "THROUGHPUT",
            "perf_metric_value": 8043.457972097627
        },
        {
            "perf_metric_name": "multi_client_tasks_async",
            "perf_metric_type": "THROUGHPUT",
            "perf_metric_value": 22288.616282558643
        },
        {
            "perf_metric_name": "1_1_actor_calls_sync",
            "perf_metric_type": "THROUGHPUT",
            "perf_metric_value": 2008.2251736389535
        },
        {
            "perf_metric_name": "1_1_actor_calls_async",
            "perf_metric_type": "THROUGHPUT",
            "perf_metric_value": 8502.185649124818
        },
        {
            "perf_metric_name": "1_1_actor_calls_concurrent",
            "perf_metric_type": "THROUGHPUT",
            "perf_metric_value": 5685.557541355921
        },
        {
            "perf_metric_name": "1_n_actor_calls_async",
            "perf_metric_type": "THROUGHPUT",
            "perf_metric_value": 8488.963904822358
        },
        {
            "perf_metric_name": "n_n_actor_calls_async",
            "perf_metric_type": "THROUGHPUT",
            "perf_metric_value": 27468.738598402517
        },
        {
            "perf_metric_name": "n_n_actor_calls_with_arg_async",
            "perf_metric_type": "THROUGHPUT",
            "perf_metric_value": 2767.6430830862673
        },
        {
            "perf_metric_name": "1_1_async_actor_calls_sync",
            "perf_metric_type": "THROUGHPUT",
            "perf_metric_value": 1485.8803339848037
        },
        {
            "perf_metric_name": "1_1_async_actor_calls_async",
            "perf_metric_type": "THROUGHPUT",
            "perf_metric_value": 4944.531859420242
        },
        {
            "perf_metric_name": "1_1_async_actor_calls_with_args_async",
            "perf_metric_type": "THROUGHPUT",
            "perf_metric_value": 3010.0192503432813
        },
        {
            "perf_metric_name": "1_n_async_actor_calls_async",
            "perf_metric_type": "THROUGHPUT",
            "perf_metric_value": 7423.794674477096
        },
        {
            "perf_metric_name": "n_n_async_actor_calls_async",
            "perf_metric_type": "THROUGHPUT",
            "perf_metric_value": 23975.695326534915
        },
        {
            "perf_metric_name": "placement_group_create/removal",
            "perf_metric_type": "THROUGHPUT",
            "perf_metric_value": 778.111565647552
        },
        {
            "perf_metric_name": "client__get_calls",
            "perf_metric_type": "THROUGHPUT",
            "perf_metric_value": 1131.9334072179877
        },
        {
            "perf_metric_name": "client__put_calls",
            "perf_metric_type": "THROUGHPUT",
            "perf_metric_value": 828.2633586422576
        },
        {
            "perf_metric_name": "client__put_gigabytes",
            "perf_metric_type": "THROUGHPUT",
            "perf_metric_value": 0.15630094720805565
        },
        {
            "perf_metric_name": "client__tasks_and_put_batch",
            "perf_metric_type": "THROUGHPUT",
            "perf_metric_value": 14392.617635730732
        },
        {
            "perf_metric_name": "client__1_1_actor_calls_sync",
            "perf_metric_type": "THROUGHPUT",
            "perf_metric_value": 540.0068247341576
        },
        {
            "perf_metric_name": "client__1_1_actor_calls_async",
            "perf_metric_type": "THROUGHPUT",
            "perf_metric_value": 1098.439590807965
        },
        {
            "perf_metric_name": "client__1_1_actor_calls_concurrent",
            "perf_metric_type": "THROUGHPUT",
            "perf_metric_value": 1101.532038654861
        },
        {
            "perf_metric_name": "client__tasks_and_get_batch",
            "perf_metric_type": "THROUGHPUT",
            "perf_metric_value": 0.9952310409487755
        }
    ],
    "placement_group_create/removal": [
        778.111565647552,
        7.981708725854014
    ],