{
    "1_1_actor_calls_async": [
        8933.20887285504,
        177.9934113962222
    ],
    "1_1_actor_calls_concurrent": [
        5433.519532534513,
        164.1306697381876
    ],
    "1_1_actor_calls_sync": [
        2065.600257768727,
        62.805248400133635
    ],
    "1_1_async_actor_calls_async": [
        3288.4752616288997,
        106.50912257511672
    ],
    "1_1_async_actor_calls_sync": [
        1298.3259900715077,
        30.9960059878394
    ],
    "1_1_async_actor_calls_with_args_async": [
        2282.9083135396877,
        33.569211303281655
    ],
    "1_n_actor_calls_async": [
        7999.09786468534,
        240.5274055318131
    ],
    "1_n_async_actor_calls_async": [
        7148.833981156601,
        140.55726545377746
    ],
    "client__1_1_actor_calls_async": [
        1004.5373307362321,
        7.2386406094867235
    ],
    "client__1_1_actor_calls_concurrent": [
        993.150411111262,
        6.495370194557394
    ],
    "client__1_1_actor_calls_sync": [
        525.5676701595513,
        7.259223093436164
    ],
    "client__get_calls": [
        1027.2844127511862,
        43.787332210624506
    ],
    "client__put_calls": [
        782.6829866165862,
        12.444956861586565
    ],
    "client__put_gigabytes": [
        0.12974867196873113,
        0.0008153816205802196
    ],
    "client__tasks_and_get_batch": [
        0.8448091448208279,
        0.03277995280220994
    ],
    "client__tasks_and_put_batch": [
        10913.81106126635,
        163.45505630570557
    ],
    "multi_client_put_calls_Plasma_Store": [
        12847.965582428995,
        227.371465552808
    ],
    "multi_client_put_gigabytes": [
        32.74094571462406,
        1.8518261729618408
    ],
    "multi_client_tasks_async": [
        21834.59499226869,
        1466.306541428481
    ],
    "n_n_actor_calls_async": [
        27240.503592641795,
        285.1485495890741
    ],
    "n_n_actor_calls_with_arg_async": [
        2573.976684531894,
        82.19775263467561
    ],
    "n_n_async_actor_calls_async": [
        22180.601943156536,
        662.4659543753717
    ],
    "perf_metrics": [
        {
            "perf_metric_name": "single_client_get_calls_Plasma_Store",
            "perf_metric_type": "THROUGHPUT",
            "perf_metric_value": 10612.85977893251
        },
        {
            "perf_metric_name": "single_client_put_calls_Plasma_Store",
            "perf_metric_type": "THROUGHPUT",
            "perf_metric_value": 5156.839238498811
        },
        {
            "perf_metric_name": "multi_client_put_calls_Plasma_Store",
            "perf_metric_type": "THROUGHPUT",
            "perf_metric_value": 12847.965582428995
        },
        {
            "perf_metric_name": "single_client_put_gigabytes",
            "perf_metric_type": "THROUGHPUT",
            "perf_metric_value": 19.128661449193785
        },
        {
            "perf_metric_name": "single_client_tasks_and_get_batch",
            "perf_metric_type": "THROUGHPUT",
            "perf_metric_value": 7.735617799600968
        },
        {
            "perf_metric_name": "multi_client_put_gigabytes",
            "perf_metric_type": "THROUGHPUT",
            "perf_metric_value": 32.74094571462406
        },
        {
            "perf_metric_name": "single_client_get_object_containing_10k_refs",
            "perf_metric_type": "THROUGHPUT",
            "perf_metric_value": 12.781987811502956
        },
        {
            "perf_metric_name": "single_client_wait_1k_refs",
            "perf_metric_type": "THROUGHPUT",
            "perf_metric_value": 5.386309531741722
        },
        {
            "perf_metric_name": "single_client_tasks_sync",
            "perf_metric_type": "THROUGHPUT",
            "perf_metric_value": 1001.380589618519
        },
        {
            "perf_metric_name": "single_client_tasks_async",
            "perf_metric_type": "THROUGHPUT",
            "perf_metric_value": 7857.638521551526
        },
        {
            "perf_metric_name": "multi_client_tasks_async",
            "perf_metric_type": "THROUGHPUT",
            "perf_metric_value": 21834.59499226869
        },
        {
            "perf_metric_name": "1_1_actor_calls_sync",
            "perf_metric_type": "THROUGHPUT",
            "perf_metric_value": 2065.600257768727
        },
        {
            "perf_metric_name": "1_1_actor_calls_async",
            "perf_metric_type": "THROUGHPUT",
            "perf_metric_value": 8933.20887285504
        },
        {
            "perf_metric_name": "1_1_actor_calls_concurrent",
            "perf_metric_type": "THROUGHPUT",
            "perf_metric_value": 5433.519532534513
        },
        {
            "perf_metric_name": "1_n_actor_calls_async",
            "perf_metric_type": "THROUGHPUT",
            "perf_metric_value": 7999.09786468534
        },
        {
            "perf_metric_name": "n_n_actor_calls_async",
            "perf_metric_type": "THROUGHPUT",
            "perf_metric_value": 27240.503592641795
        },
        {
            "perf_metric_name": "n_n_actor_calls_with_arg_async",
            "perf_metric_type": "THROUGHPUT",
            "perf_metric_value": 2573.976684531894
        },
        {
            "perf_metric_name": "1_1_async_actor_calls_sync",
            "perf_metric_type": "THROUGHPUT",
            "perf_metric_value": 1298.3259900715077
        },
        {
            "perf_metric_name": "1_1_async_actor_calls_async",
            "perf_metric_type": "THROUGHPUT",
            "perf_metric_value": 3288.4752616288997
        },
        {
            "perf_metric_name": "1_1_async_actor_calls_with_args_async",
            "perf_metric_type": "THROUGHPUT",
            "perf_metric_value": 2282.9083135396877
        },
        {
            "perf_metric_name": "1_n_async_actor_calls_async",
            "perf_metric_type": "THROUGHPUT",
            "perf_metric_value": 7148.833981156601
        },
        {
            "perf_metric_name": "n_n_async_actor_calls_async",
            "perf_metric_type": "THROUGHPUT",
            "perf_metric_value": 22180.601943156536
        },
        {
            "perf_metric_name": "placement_group_create/removal",
            "perf_metric_type": "THROUGHPUT",
            "perf_metric_value": 798.5897498740229
        },
        {
            "perf_metric_name": "client__get_calls",
            "perf_metric_type": "THROUGHPUT",
            "perf_metric_value": 1027.2844127511862
        },
        {
            "perf_metric_name": "client__put_calls",
            "perf_metric_type": "THROUGHPUT",
            "perf_metric_value": 782.6829866165862
        },
        {
            "perf_metric_name": "client__put_gigabytes",
            "perf_metric_type": "THROUGHPUT",
            "perf_metric_value": 0.12974867196873113
        },
        {
            "perf_metric_name": "client__tasks_and_put_batch",
            "perf_metric_type": "THROUGHPUT",
            "perf_metric_value": 10913.81106126635
        },
        {
            "perf_metric_name": "client__1_1_actor_calls_sync",
            "perf_metric_type": "THROUGHPUT",
            "perf_metric_value": 525.5676701595513
        },
        {
            "perf_metric_name": "client__1_1_actor_calls_async",
            "perf_metric_type": "THROUGHPUT",
            "perf_metric_value": 1004.5373307362321
        },
        {
            "perf_metric_name": "client__1_1_actor_calls_concurrent",
            "perf_metric_type": "THROUGHPUT",
            "perf_metric_value": 993.150411111262
        },
        {
            "perf_metric_name": "client__tasks_and_get_batch",
            "perf_metric_type": "THROUGHPUT",
            "perf_metric_value": 0.8448091448208279
        }
    ],
    "placement_group_create/removal": [
        798.5897498740229,
        13.543156241895135
    ],
    "single_client_get_calls_Plasma_Store": [
        10612.85977893251,
        270.52509099812664
    ],