{
    "1_1_actor_calls_async": [
        9089.554836685598,
        248.04186524328813
    ],
    "1_1_actor_calls_concurrent": [
        5417.434493378696,
        124.35218516682983
    ],
    "1_1_actor_calls_sync": [
        2130.918760045077,
        63.88949262425519
    ],
    "1_1_async_actor_calls_async": [
        4984.024768215769,
        203.5406701867711
    ],
    "1_1_async_actor_calls_sync": [
        1498.0246714553275,
        34.850293170313556
    ],
    "1_1_async_actor_calls_with_args_async": [
        3146.5764172550494,
        54.100329844822454
    ],
    "1_n_actor_calls_async": [
        8619.17554203447,
        183.22254158143645
    ],
    "1_n_async_actor_calls_async": [
        7688.844331638531,
        173.03007749476023
    ],
    "client__1_1_actor_calls_async": [
        995.0481100035444,
        8.31562300997794
    ],
    "client__1_1_actor_calls_concurrent": [
        998.230670582613,
        9.82808610026736
    ],
    "client__1_1_actor_calls_sync": [
        520.1986351829904,
        10.298920473666511
    ],
    "client__get_calls": [
        1111.7945170817964,
        69.14025902831608
    ],
    "client__put_calls": [
        813.0590293747532,
        5.480470279957046
    ],
    "client__put_gigabytes": [
        0.1374322283958248,
        0.001227703724483899
    ],
    "client__tasks_and_get_batch": [
        0.9436564669925184,
        0.00729535146912279
    ],
    "client__tasks_and_put_batch": [
        11331.335480466743,
        75.76791617643977
    ],
    "multi_client_put_calls_Plasma_Store": [
        12887.278980942054,
        368.22075531306916
    ],
    "multi_client_put_gigabytes": [
        37.486165484657576,
        1.7916027512903987
    ],
    "multi_client_tasks_async": [
        22970.98779525776,
        1910.7851737390622
    ],
    "n_n_actor_calls_async": [
        26680.036638509766,
        988.5399124919908
    ],
    "n_n_actor_calls_with_arg_async": [
        2706.5919733776227,
        38.25614650279406
    ],
    "n_n_async_actor_calls_async": [
        23108.484424180868,
        479.60987709728556
    ],
    "perf_metrics": [
        {
            "perf_metric_name": "single_client_get_calls_Plasma_Store",
            "perf_metric_type": "THROUGHPUT",
            "perf_metric_value": 9953.300735952664
        },
        {
            "perf_metric_name": "single_client_put_calls_Plasma_Store",
            "perf_metric_type": "THROUGHPUT",
            "perf_metric_value": 5329.421150658071
        },
        {
            "perf_metric_name": "multi_client_put_calls_Plasma_Store",
            "perf_metric_type": "THROUGHPUT",
            "perf_metric_value": 12887.278980942054
        },
        {
            "perf_metric_name": "single_client_put_gigabytes",
            "perf_metric_type": "THROUGHPUT",
            "perf_metric_value": 20.286051717751697
        },
        {
            "perf_metric_name": "single_client_tasks_and_get_batch",
            "perf_metric_type": "THROUGHPUT",
            "perf_metric_value": 8.032581753745204
        },
        {
            "perf_metric_name": "multi_client_put_gigabytes",
            "perf_metric_type": "THROUGHPUT",
            "perf_metric_value": 37.486165484657576
        },
        {
            "perf_metric_name": "single_client_get_object_containing_10k_refs",
            "perf_metric_type": "THROUGHPUT",
            "perf_metric_value": 13.923467935755424
        },
        {
            "perf_metric_name": "single_client_wait_1k_refs",
            "perf_metric_type": "THROUGHPUT",
            "perf_metric_value": 5.5725098263282975
        },
        {
            "perf_metric_name": "single_client_tasks_sync",
            "perf_metric_type": "THROUGHPUT",
            "perf_metric_value": 1005.4990392468012
        },
        {
            "perf_metric_name": "single_client_tasks_async",
            "perf_metric_type": "THROUGHPUT",
            "perf_metric_value": 8191.316149029263
        },
        {
            "perf_metric_name": "multi_client_tasks_async",
            "perf_metric_type": "THROUGHPUT",
            "perf_metric_value": 22970.98779525776
        },
        {
            "perf_metric_name": "1_1_actor_calls_sync",
            "perf_metric_type": "THROUGHPUT",
            "perf_metric_value": 2130.918760045077
        },
        {
            "perf_metric_name": "1_1_actor_calls_async",
            "perf_metric_type": "THROUGHPUT",
            "perf_metric_value": 9089.554836685598
        },
        {
            "perf_metric_name": "1_1_actor_calls_concurrent",
            "perf_metric_type": "THROUGHPUT",
            "perf_metric_value": 5417.434493378696
        },
        {
            "perf_metric_name": "1_n_actor_calls_async",
            "perf_metric_type": "THROUGHPUT",
            "perf_metric_value": 8619.17554203447
        },
        {
            "perf_metric_name": "n_n_actor_calls_async",
            "perf_metric_type": "THROUGHPUT",
            "perf_metric_value": 26680.036638509766
        },
        {
            "perf_metric_name": "n_n_actor_calls_with_arg_async",
            "perf_metric_type": "THROUGHPUT",
            "perf_metric_value": 2706.5919733776227
        },
        {
            "perf_metric_name": "1_1_async_actor_calls_sync",
            "perf_metric_type": "THROUGHPUT",
            "perf_metric_value": 1498.0246714553275
        },
        {
            "perf_metric_name": "1_1_async_actor_calls_async",
            "perf_metric_type": "THROUGHPUT",
            "perf_metric_value": 4984.024768215769
        },
        {
            "perf_metric_name": "1_1_async_actor_calls_with_args_async",
            "perf_metric_type": "THROUGHPUT",
            "perf_metric_value": 3146.5764172550494
        },
        {
            "perf_metric_name": "1_n_async_actor_calls_async",
            "perf_metric_type": "THROUGHPUT",
            "perf_metric_value": 7688.844331638531
        },
        {
            "perf_metric_name": "n_n_async_actor_calls_async",
            "perf_metric_type": "THROUGHPUT",
            "perf_metric_value": 23108.484424180868
        },
        {
            "perf_metric_name": "placement_group_create/removal",
            "perf_metric_type": "THROUGHPUT",
            "perf_metric_value": 868.0323927376729
        },
        {
            "perf_metric_name": "client__get_calls",
            "perf_metric_type": "THROUGHPUT",
            "perf_metric_value": 1111.7945170817964
        },
        {
            "perf_metric_name": "client__put_calls",
            "perf_metric_type": "THROUGHPUT",
            "perf_metric_value": 813.0590293747532
        },
        {
            "perf_metric_name": "client__put_gigabytes",
            "perf_metric_type": "THROUGHPUT",
            "perf_metric_value": 0.1374322283958248
        },
        {
            "perf_metric_name": "client__tasks_and_put_batch",
            "perf_metric_type": "THROUGHPUT",
            "perf_metric_value": 11331.335480466743
        },
        {
            "perf_metric_name": "client__1_1_actor_calls_sync",
            "perf_metric_type": "THROUGHPUT",
            "perf_metric_value": 520.1986351829904
        },
        {
            "perf_metric_name": "client__1_1_actor_calls_async",
            "perf_metric_type": "THROUGHPUT",
            "perf_metric_value": 995.0481100035444
        },
        {
            "perf_metric_name": "client__1_1_actor_calls_concurrent",
            "perf_metric_type": "THROUGHPUT",
            "perf_metric_value": 998.230670582613
        },
        {
            "perf_metric_name": "client__tasks_and_get_batch",
            "perf_metric_type": "THROUGHPUT",
            "perf_metric_value": 0.9436564669925184
        }
    ],
    "placement_group_create/removal": [
        868.0323927376729,
        13.255102196866675
    ],