{
    "1_1_actor_calls_async": [
        8342.568803508693,
        409.43886660421316
    ],
    "1_1_actor_calls_concurrent": [
        5456.76183608015,
        149.29467253197765
    ],
    "1_1_actor_calls_sync": [
        1875.0279275238897,
        49.40205766058054
    ],
    "1_1_async_actor_calls_async": [
        4674.834383534435,
        232.57006597926497
    ],
    "1_1_async_actor_calls_sync": [
        1394.4268791918364,
        15.24206462330469
    ],
    "1_1_async_actor_calls_with_args_async": [
        3095.214627776353,
        121.39660247574591
    ],
    "1_n_actor_calls_async": [
        7040.378512116067,
        141.86458492326545
    ],
    "1_n_async_actor_calls_async": [
        6788.316704875271,
        77.05220000176223
    ],
    "client__1_1_actor_calls_async": [
        1057.5113866970246,
        13.869553032268188
    ],
    "client__1_1_actor_calls_concurrent": [
        1081.7307840702588,
        19.359582107431898
    ],
    "client__1_1_actor_calls_sync": [
        546.5462754693076,
        4.769363506758825
    ],
    "client__get_calls": [
        1268.2621386289416,
        18.098812220449094
    ],
    "client__put_calls": [
        895.6970682564656,
        21.35291764881878
    ],
    "client__put_gigabytes": [
        0.09907086001824938,
        0.0006618851832748623
    ],
    "client__tasks_and_get_batch": [
        0.9872625245252546,
        0.027137922752983233
    ],
    "client__tasks_and_put_batch": [
        12226.580116183099,
        101.66892202557969
    ],
    "multi_client_put_calls_Plasma_Store": [
        12736.988267796403,
        82.08132189135176
    ],
    "multi_client_put_gigabytes": [
        33.19310764876294,
        0.7078519327392999
    ],
    "multi_client_tasks_async": [
        20764.825419627614,
        2629.3497580957887
    ],
    "n_n_actor_calls_async": [
        23724.72845970961,
        267.42069527657407
    ],
    "n_n_actor_calls_with_arg_async": [
        9560.124425456765,
        45.98251082693428
    ],
    "n_n_async_actor_calls_async": [
        21588.896745325528,
        495.1457556369605
    ],
    "perf_metrics": [
        {
            "perf_metric_name": "single_client_get_calls_Plasma_Store",
            "perf_metric_type": "THROUGHPUT",
            "perf_metric_value": 13307.428346767498
        },
        {
            "perf_metric_name": "single_client_put_calls_Plasma_Store",
            "perf_metric_type": "THROUGHPUT",
            "perf_metric_value": 4638.961748423475
        },
        {
            "perf_metric_name": "multi_client_put_calls_Plasma_Store",
            "perf_metric_type": "THROUGHPUT",
            "perf_metric_value": 12736.988267796403
        },
        {
            "perf_metric_name": "single_client_put_gigabytes",
            "perf_metric_type": "THROUGHPUT",
            "perf_metric_value": 6.9262999947537205
        },
        {
            "perf_metric_name": "single_client_tasks_and_get_batch",
            "perf_metric_type": "THROUGHPUT",
            "perf_metric_value": 7.689211462260507
        },
        {
            "perf_metric_name": "multi_client_put_gigabytes",
            "perf_metric_type": "THROUGHPUT",
            "perf_metric_value": 33.19310764876294
        },
        {
            "perf_metric_name": "single_client_get_object_containing_10k_refs",
            "perf_metric_type": "THROUGHPUT",
            "perf_metric_value": 12.306253537383725
        },
        {
            "perf_metric_name": "single_client_wait_1k_refs",
            "perf_metric_type": "THROUGHPUT",
            "perf_metric_value": 5.10474924198598
        },
        {
            "perf_metric_name": "single_client_tasks_sync",
            "perf_metric_type": "THROUGHPUT",
            "perf_metric_value": 847.2523785992521
        },
        {
            "perf_metric_name": "single_client_tasks_async",
            "perf_metric_type": "THROUGHPUT",
            "perf_metric_value": 7044.008888726476
        },
        {
            "perf_metric_name": "multi_client_tasks_async",
            "perf_metric_type": "THROUGHPUT",
            "perf_metric_value": 20764.825419627614
        },
        {
            "perf_metric_name": "1_1_actor_calls_sync",
            "perf_metric_type": "THROUGHPUT",
            "perf_metric_value": 1875.0279275238897
        },
        {
            "perf_metric_name": "1_1_actor_calls_async",
            "perf_metric_type": "THROUGHPUT",
            "perf_metric_value": 8342.568803508693
        },
        {
            "perf_metric_name": "1_1_actor_calls_concurrent",
            "perf_metric_type": "THROUGHPUT",
            "perf_metric_value": 5456.76183608015
        },
        {
            "perf_metric_name": "1_n_actor_calls_async",
            "perf_metric_type": "THROUGHPUT",
            "perf_metric_value": 7040.378512116067
        },
        {
            "perf_metric_name": "n_n_actor_calls_async",
            "perf_metric_type": "THROUGHPUT",
            "perf_metric_value": 23724.72845970961
        },
        {
            "perf_metric_name": "n_n_actor_calls_with_arg_async",
            "perf_metric_type": "THROUGHPUT",
            "perf_metric_value": 9560.124425456765
        },
        {
            "perf_metric_name": "1_1_async_actor_calls_sync",
            "perf_metric_type": "THROUGHPUT",
            "perf_metric_value": 1394.4268791918364
        },
        {
            "perf_metric_name": "1_1_async_actor_calls_async",
            "perf_metric_type": "THROUGHPUT",
            "perf_metric_value": 4674.834383534435
        },
        {
            "perf_metric_name": "1_1_async_actor_calls_with_args_async",
            "perf_metric_type": "THROUGHPUT",
            "perf_metric_value": 3095.214627776353
        },
        {
            "perf_metric_name": "1_n_async_actor_calls_async",
            "perf_metric_type": "THROUGHPUT",
            "perf_metric_value": 6788.316704875271
        },
        {
            "perf_metric_name": "n_n_async_actor_calls_async",
            "perf_metric_type": "THROUGHPUT",
            "perf_metric_value": 21588.896745325528
        },
        {
            "perf_metric_name": "placement_group_create/removal",
            "perf_metric_type": "THROUGHPUT",
            "perf_metric_value": 650.9409444317282
        },
        {
            "perf_metric_name": "client__get_calls",
            "perf_metric_type": "THROUGHPUT",
            "perf_metric_value": 1268.2621386289416
        },
        {
            "perf_metric_name": "client__put_calls",
            "perf_metric_type": "THROUGHPUT",
            "perf_metric_value": 895.6970682564656
        },
        {
            "perf_metric_name": "client__put_gigabytes",
            "perf_metric_type": "THROUGHPUT",
            "perf_metric_value": 0.09907086001824938
        },
        {
            "perf_metric_name": "client__tasks_and_put_batch",
            "perf_metric_type": "THROUGHPUT",
            "perf_metric_value": 12226.580116183099
        },
        {
            "perf_metric_name": "client__1_1_actor_calls_sync",
            "perf_metric_type": "THROUGHPUT",
            "perf_metric_value": 546.5462754693076
        },
        {
            "perf_metric_name": "client__1_1_actor_calls_async",
            "perf_metric_type": "THROUGHPUT",
            "perf_metric_value": 1057.5113866970246
        },
        {
            "perf_metric_name": "client__1_1_actor_calls_concurrent",
            "perf_metric_type": "THROUGHPUT",
            "perf_metric_value": 1081.7307840702588
        },
        {
            "perf_metric_name": "client__tasks_and_get_batch",
            "perf_metric_type": "THROUGHPUT",
            "perf_metric_value": 0.9872625245252546
        }
    ],
    "placement_group_create/removal": [
        650.9409444317282,
        3.4369842155053876
    ],