{
    "1_1_actor_calls_async": [
        7445.809146193413,
        142.8712431149235
    ],
    "1_1_actor_calls_concurrent": [
        5222.99132120111,
        146.8937349655467
    ],
    "1_1_actor_calls_sync": [
        1704.5035425495187,
        22.868223875898593
    ],
    "1_1_async_actor_calls_async": [
        4826.171895058453,
        262.2733105494892
    ],
    "1_1_async_actor_calls_sync": [
        1251.6025859481733,
        14.6951101117741
    ],
    "1_1_async_actor_calls_with_args_async": [
        2766.907182403518,
        136.80643069653217
    ],
    "1_n_actor_calls_async": [
        7474.798821945149,
        138.58967943337706
    ],
    "1_n_async_actor_calls_async": [
        6491.439808045807,
        39.06279449672571
    ],
    "client__1_1_actor_calls_async": [
        1014.64288638885,
        58.95270781050083
    ],
    "client__1_1_actor_calls_concurrent": [
        1037.1186014627438,
        25.96539922119042
    ],
    "client__1_1_actor_calls_sync": [
        524.6134993747014,
        11.009504690857641
    ],
    "client__get_calls": [
        1129.1409512898194,
        8.925683262293038
    ],
    "client__put_calls": [
        805.4069136266919,
        47.45864374825948
    ],
    "client__put_gigabytes": [
        0.10100883378233687,
        0.0007236742887246127
    ],
    "client__tasks_and_get_batch": [
        0.9643252583791863,
        0.03947979440575364
    ],
    "client__tasks_and_put_batch": [
        12873.97871447783,
        194.12384860618832
    ],
    "multi_client_put_calls_Plasma_Store": [
        13779.913284159866,
        211.90531537289394
    ],
    "multi_client_put_gigabytes": [
        36.697734067834084,
        1.9311472421112734
    ],
    "multi_client_tasks_async": [
        19972.309576843323,
        862.8524220158357
    ],
    "n_n_actor_calls_async": [
        23168.372784365154,
        988.046573423015
    ],
    "n_n_actor_calls_with_arg_async": [
        4105.951978131054,
        85.14262018346888
    ],
    "n_n_async_actor_calls_async": [
        20479.183697143773,
        784.0156381083401
    ],
    "perf_metrics": [
        {
            "perf_metric_name": "single_client_get_calls_Plasma_Store",
            "perf_metric_type": "THROUGHPUT",
            "perf_metric_value": 8378.589542828342
        },
        {
            "perf_metric_name": "single_client_put_calls_Plasma_Store",
            "perf_metric_type": "THROUGHPUT",
            "perf_metric_value": 4498.3519827438895
        },
        {
            "perf_metric_name": "multi_client_put_calls_Plasma_Store",
            "perf_metric_type": "THROUGHPUT",
            "perf_metric_value": 13779.913284159866
        },
        {
            "perf_metric_name": "single_client_put_gigabytes",
            "perf_metric_type": "THROUGHPUT",
            "perf_metric_value": 19.30103208209274
        },
        {
            "perf_metric_name": "single_client_tasks_and_get_batch",
            "perf_metric_type": "THROUGHPUT",
            "perf_metric_value": 4.415850247347108
        },
        {
            "perf_metric_name": "multi_client_put_gigabytes",
            "perf_metric_type": "THROUGHPUT",
            "perf_metric_value": 36.697734067834084
        },
        {
            "perf_metric_name": "single_client_get_object_containing_10k_refs",
            "perf_metric_type": "THROUGHPUT",
            "perf_metric_value": 12.272053704608084
        },
        {
            "perf_metric_name": "single_client_wait_1k_refs",
            "perf_metric_type": "THROUGHPUT",
            "perf_metric_value": 4.700920788730696
        },
        {
            "perf_metric_name": "single_client_tasks_sync",
            "perf_metric_type": "THROUGHPUT",
            "perf_metric_value": 800.5633840543425
        },
        {
            "perf_metric_name": "single_client_tasks_async",
            "perf_metric_type": "THROUGHPUT",
            "perf_metric_value": 7034.736389002367
        },
        {
            "perf_metric_name": "multi_client_tasks_async",
            "perf_metric_type": "THROUGHPUT",
            "perf_metric_value": 19972.309576843323
        },
        {
            "perf_metric_name": "1_1_actor_calls_sync",
            "perf_metric_type": "THROUGHPUT",
            "perf_metric_value": 1704.5035425495187
        },
        {
            "perf_metric_name": "1_1_actor_calls_async",
            "perf_metric_type": "THROUGHPUT",
            "perf_metric_value": 7445.809146193413
        },
        {
            "perf_metric_name": "1_1_actor_calls_concurrent",
            "perf_metric_type": "THROUGHPUT",
            "perf_metric_value": 5222.99132120111
        },
        {
            "perf_metric_name": "1_n_actor_calls_async",
            "perf_metric_type": "THROUGHPUT",
            "perf_metric_value": 7474.798821945149
        },
        {
            "perf_metric_name": "n_n_actor_calls_async",
            "perf_metric_type": "THROUGHPUT",
            "perf_metric_value": 23168.372784365154
        },
        {
            "perf_metric_name": "n_n_actor_calls_with_arg_async",
            "perf_metric_type": "THROUGHPUT",
            "perf_metric_value": 4105.951978131054
        },
        {
            "perf_metric_name": "1_1_async_actor_calls_sync",
            "perf_metric_type": "THROUGHPUT",
            "perf_metric_value": 1251.6025859481733
        },
        {
            "perf_metric_name": "1_1_async_actor_calls_async",
            "perf_metric_type": "THROUGHPUT",
            "perf_metric_value": 4826.171895058453
        },
        {
            "perf_metric_name": "1_1_async_actor_calls_with_args_async",
            "perf_metric_type": "THROUGHPUT",
            "perf_metric_value": 2766.907182403518
        },
        {
            "perf_metric_name": "1_n_async_actor_calls_async",
            "perf_metric_type": "THROUGHPUT",
            "perf_metric_value": 6491.439808045807
        },
        {
            "perf_metric_name": "n_n_async_actor_calls_async",
            "perf_metric_type": "THROUGHPUT",
            "perf_metric_value": 20479.183697143773
        },
        {
            "perf_metric_name": "placement_group_create/removal",
            "perf_metric_type": "THROUGHPUT",
            "perf_metric_value": 666.2773993932936
        },
        {
            "perf_metric_name": "client__get_calls",
            "perf_metric_type": "THROUGHPUT",
            "perf_metric_value": 1129.1409512898194
        },
        {
            "perf_metric_name": "client__put_calls",
            "perf_metric_type": "THROUGHPUT",
            "perf_metric_value": 805.4069136266919
        },
        {
            "perf_metric_name": "client__put_gigabytes",
            "perf_metric_type": "THROUGHPUT",
            "perf_metric_value": 0.10100883378233687
        },
        {
            "perf_metric_name": "client__tasks_and_put_batch",
            "perf_metric_type": "THROUGHPUT",
            "perf_metric_value": 12873.97871447783
        },
        {
            "perf_metric_name": "client__1_1_actor_calls_sync",
            "perf_metric_type": "THROUGHPUT",
            "perf_metric_value": 524.6134993747014
        },
        {
            "perf_metric_name": "client__1_1_actor_calls_async",
            "perf_metric_type": "THROUGHPUT",
            "perf_metric_value": 1014.64288638885
        },
        {
            "perf_metric_name": "client__1_1_actor_calls_concurrent",
            "perf_metric_type": "THROUGHPUT",
            "perf_metric_value": 1037.1186014627438
        },
        {
            "perf_metric_name": "client__tasks_and_get_batch",
            "perf_metric_type": "THROUGHPUT",
            "perf_metric_value": 0.9643252583791863
        }
    ],
    "placement_group_create/removal": [
        666.2773993932936,
        8.374316408003613
    ],
    "single_client_get_calls_Plasma_Store": [
        8378.589542828342,
        580.7193571692346
    ],