{
    "1_1_actor_calls_async": [
        8564.967370806118,
        316.2973325544422
    ],
    "1_1_actor_calls_concurrent": [
        5454.916872293855,
        175.5566303981581
    ],
    "1_1_actor_calls_sync": [
        2043.0981415735505,
        11.868484382865416
    ],
    "1_1_async_actor_calls_async": [
        4447.509230034982,
        102.76620673255381
    ],
    "1_1_async_actor_calls_sync": [
        1457.3163933993856,
        15.06851286203659
    ],
    "1_1_async_actor_calls_with_args_async": [
        2723.6213791034843,
        159.2909083490649
    ],
    "1_n_actor_calls_async": [
        8471.080848855601,
        112.46370801552791
    ],
    "1_n_async_actor_calls_async": [
        7686.919019356983,
        74.93714508344017
    ],
    "client__1_1_actor_calls_async": [
        1104.3962578235257,
        9.729829574557723
    ],
    "client__1_1_actor_calls_concurrent": [
        1092.6331677147311,
        7.227061388462997
    ],
    "client__1_1_actor_calls_sync": [
        542.1463689306149,
        6.246053973889882
    ],
    "client__get_calls": [
        1126.760374919516,
        73.52620710354205
    ],
    "client__put_calls": [
        833.1799373566209,
        13.615006550691389
    ],
    "client__put_gigabytes": [
        0.15685350675842372,
        0.00026774531056997854
    ],
    "client__tasks_and_get_batch": [
        0.9823727578985482,
        0.01966665636257355
    ],
    "client__tasks_and_put_batch": [
        15223.405047862869,
        171.6098128264957
    ],
    "multi_client_put_calls_Plasma_Store": [
        16421.348280509366,
        290.8207979928712
    ],
    "multi_client_put_gigabytes": [
        41.257079800367904,
        2.6183498603210547
    ],
    "multi_client_tasks_async": [
        21723.782174482185,
        1805.2045183724206
    ],
    "n_n_actor_calls_async": [
        27316.33569086324,
        621.3372235949856
    ],
    "n_n_actor_calls_with_arg_async": [
        2786.245634719011,
        34.885677239448235
    ],
    "n_n_async_actor_calls_async": [
        23567.440791904985,
        645.0366051803348
    ],
    "perf_metrics": [
        {
            "perf_metric_name": "single_client_get_calls_Plasma_Store",
            "perf_metric_type": "THROUGHPUT",
            "perf_metric_value": 10480.861987286593
        },
        {
            "perf_metric_name": "single_client_put_calls_Plasma_Store",
            "perf_metric_type": "THROUGHPUT",
            "perf_metric_value": 5288.8489928059735
        },
        {
            "perf_metric_name": "multi_client_put_calls_Plasma_Store",
            "perf_metric_type": "THROUGHPUT",
            "perf_metric_value": 16421.348280509366
        },
        {
            "perf_metric_name": "single_client_put_gigabytes",
            "perf_metric_type": "THROUGHPUT",
            "perf_metric_value": 19.317397230591656
        },
        {
            "perf_metric_name": "single_client_tasks_and_get_batch",
            "perf_metric_type": "THROUGHPUT",
            "perf_metric_value": 5.276513588704411
        },
        {
            "perf_metric_name": "multi_client_put_gigabytes",
            "perf_metric_type": "THROUGHPUT",
            "perf_metric_value": 41.257079800367904
        },
        {
            "perf_metric_name": "single_client_get_object_containing_10k_refs",
            "perf_metric_type": "THROUGHPUT",
            "perf_metric_value": 13.67606354603752
        },
        {
            "perf_metric_name": "single_client_wait_1k_refs",
            "perf_metric_type": "THROUGHPUT",
            "perf_metric_value": 4.969890417989956
        },
        {
            "perf_metric_name": "single_client_tasks_sync",
            "perf_metric_type": "THROUGHPUT",
            "perf_metric_value": 972.8756609112446
        },
        {
            "perf_metric_name": "single_client_tasks_async",
            "perf_metric_type": "THROUGHPUT",
            "perf_metric_value": 8252.29953409769
        },
        {
            "perf_metric_name": "multi_client_tasks_async",
            "perf_metric_type": "THROUGHPUT",
            "perf_metric_value": 21723.782174482185
        },
        {
            "perf_metric_name": "1_1_actor_calls_sync",
            "perf_metric_type": "THROUGHPUT",
            "perf_metric_value": 2043.0981415735505
        },
        {
            "perf_metric_name": "1_1_actor_calls_async",
            "perf_metric_type": "THROUGHPUT",
            "perf_metric_value": 8564.967370806118
        },
        {
            "perf_metric_name": "1_1_actor_calls_concurrent",
            "perf_metric_type": "THROUGHPUT",
            "perf_metric_value": 5454.916872293855
        },
        {
            "perf_metric_name": "1_n_actor_calls_async",
            "perf_metric_type": "THROUGHPUT",
            "perf_metric_value": 8471.080848855601
        },
        {
            "perf_metric_name": "n_n_actor_calls_async",
            "perf_metric_type": "THROUGHPUT",
            "perf_metric_value": 27316.33569086324
        },
        {
            "perf_metric_name": "n_n_actor_calls_with_arg_async",
            "perf_metric_type": "THROUGHPUT",
            "perf_metric_value": 2786.245634719011
        },
        {
            "perf_metric_name": "1_1_async_actor_calls_sync",
            "perf_metric_type": "THROUGHPUT",
            "perf_metric_value": 1457.3163933993856
        },
        {
            "perf_metric_name": "1_1_async_actor_calls_async",
            "perf_metric_type": "THROUGHPUT",
            "perf_metric_value": 4447.509230034982
        },
        {
            "perf_metric_name": "1_1_async_actor_calls_with_args_async",
            "perf_metric_type": "THROUGHPUT",
            "perf_metric_value": 2723.6213791034843
        },
        {
            "perf_metric_name": "1_n_async_actor_calls_async",
            "perf_metric_type": "THROUGHPUT",
            "perf_metric_value": 7686.919019356983
        },
        {
            "perf_metric_name": "n_n_async_actor_calls_async",
            "perf_metric_type": "THROUGHPUT",
            "perf_metric_value": 23567.440791904985
        },
        {
            "perf_metric_name": "placement_group_create/removal",
            "perf_metric_type": "THROUGHPUT",
            "perf_metric_value": 776.8780725651964
        },
        {
            "perf_metric_name": "client__get_calls",
            "perf_metric_type": "THROUGHPUT",
            "perf_metric_value": 1126.760374919516
        },
        {
            "perf_metric_name": "client__put_calls",
            "perf_metric_type": "THROUGHPUT",
            "perf_metric_value": 833.1799373566209
        },
        {
            "perf_metric_name": "client__put_gigabytes",
            "perf_metric_type": "THROUGHPUT",
            "perf_metric_value": 0.15685350675842372
        },
        {
            "perf_metric_name": "client__tasks_and_put_batch",
            "perf_metric_type": "THROUGHPUT",
            "perf_metric_value": 15223.405047862869
        },
        {
            "perf_metric_name": "client__1_1_actor_calls_sync",
            "perf_metric_type": "THROUGHPUT",
            "perf_metric_value": 542.1463689306149
        },
        {
            "perf_metric_name": "client__1_1_actor_calls_async",
            "perf_metric_type": "THROUGHPUT",
            "perf_metric_value": 1104.3962578235257
        },
        {
            "perf_metric_name": "client__1_1_actor_calls_concurrent",
            "perf_metric_type": "THROUGHPUT",
            "perf_metric_value": 1092.6331677147311
        },
        {
            "perf_metric_name": "client__tasks_and_get_batch",
            "perf_metric_type": "THROUGHPUT",
            "perf_metric_value": 0.9823727578985482
        }
    ],
    "placement_group_create/removal": [
        776.8780725651964,
        8.574597174124973
    ],