{
    "1_1_actor_calls_async": [
        8173.653446206568,
        30.056715254848964
    ],
    "1_1_actor_calls_concurrent": [
        5130.570133178275,
        141.4604558304179
    ],
    "1_1_actor_calls_sync": [
        1959.1925407193576,
        21.592904132679067
    ],
    "1_1_async_actor_calls_async": [
        4284.370408530537,
        257.8746291973355
    ],
    "1_1_async_actor_calls_sync": [
        1426.2018801386466,
        30.85915257732358
    ],
    "1_1_async_actor_calls_with_args_async": [
        3106.7466600430544,
        98.06580605137617
    ],
    "1_n_actor_calls_async": [
        8060.698907411474,
        159.5027847099027
    ],
    "1_n_async_actor_calls_async": [
        7741.746631714333,
        86.62981166379939
    ],
    "client__1_1_actor_calls_async": [
        1041.8730021547178,
        31.906006592386614
    ],
    "client__1_1_actor_calls_concurrent": [
        1047.1016344870811,
        11.862876231087569
    ],
    "client__1_1_actor_calls_sync": [
        527.9555023039422,
        3.458995118132708
    ],
    "client__get_calls": [
        992.4456902391204,
        8.6332446442905
    ],
    "client__put_calls": [
        824.1906946636155,
        31.799894274897753
    ],
    "client__put_gigabytes": [
        0.1550540296697212,
        0.0007285894909629222
    ],
    "client__tasks_and_get_batch": [
        0.9197513826205774,
        0.07766523014806347
    ],
    "client__tasks_and_put_batch": [
        13601.436104861408,
        257.8725152130557
    ],
    "multi_client_put_calls_Plasma_Store": [
        16759.644681044447,
        258.48189505521646
    ],
    "multi_client_put_gigabytes": [
        40.39150444280067,
        2.756325449812855
    ],
    "multi_client_tasks_async": [
        23258.544455831183,
        1366.1772490296016
    ],
    "n_n_actor_calls_async": [
        27209.70867997587,
        274.52329453432833
    ],
    "n_n_actor_calls_with_arg_async": [
        2693.4756033858466,
        43.64462346586145
    ],
    "n_n_async_actor_calls_async": [
        23555.066039349047,
        611.8591542678244
    ],
    "perf_metrics": [
        {
            "perf_metric_name": "single_client_get_calls_Plasma_Store",
            "perf_metric_type": "THROUGHPUT",
            "perf_metric_value": 10529.193272608605
        },
        {
            "perf_metric_name": "single_client_put_calls_Plasma_Store",
            "perf_metric_type": "THROUGHPUT",
            "perf_metric_value": 4968.781518634253
        },
        {
            "perf_metric_name": "multi_client_put_calls_Plasma_Store",
            "perf_metric_type": "THROUGHPUT",
            "perf_metric_value": 16759.644681044447
        },
        {
            "perf_metric_name": "single_client_put_gigabytes",
            "perf_metric_type": "THROUGHPUT",
            "perf_metric_value": 17.79739662942353
        },
        {
            "perf_metric_name": "single_client_tasks_and_get_batch",
            "perf_metric_type": "THROUGHPUT",
            "perf_metric_value": 5.828378076935622
        },
        {
            "perf_metric_name": "multi_client_put_gigabytes",
            "perf_metric_type": "THROUGHPUT",
            "perf_metric_value": 40.39150444280067
        },
        {
            "perf_metric_name": "single_client_get_object_containing_10k_refs",
            "perf_metric_type": "THROUGHPUT",
            "perf_metric_value": 12.31636775550824
        },
        {
            "perf_metric_name": "single_client_wait_1k_refs",
            "perf_metric_type": "THROUGHPUT",
            "perf_metric_value": 5.00750150210662
        },
        {
            "perf_metric_name": "single_client_tasks_sync",
            "perf_metric_type": "THROUGHPUT",
            "perf_metric_value": 969.8384217890384
        },
        {
            "perf_metric_name": "single_client_tasks_async",
            "perf_metric_type": "THROUGHPUT",
            "perf_metric_value": 7931.938851598112
        },
        {
            "perf_metric_name": "multi_client_tasks_async",
            "perf_metric_type": "THROUGHPUT",
            "perf_metric_value": 23258.544455831183
        },
        {
            "perf_metric_name": "1_1_actor_calls_sync",
            "perf_metric_type": "THROUGHPUT",
            "perf_metric_value": 1959.1925407193576
        },
        {
            "perf_metric_name": "1_1_actor_calls_async",
            "perf_metric_type": "THROUGHPUT",
            "perf_metric_value": 8173.653446206568
        },
        {
            "perf_metric_name": "1_1_actor_calls_concurrent",
            "perf_metric_type": "THROUGHPUT",
            "perf_metric_value": 5130.570133178275
        },
        {
            "perf_metric_name": "1_n_actor_calls_async",
            "perf_metric_type": "THROUGHPUT",
            "perf_metric_value": 8060.698907411474
        },
        {
            "perf_metric_name": "n_n_actor_calls_async",
            "perf_metric_type": "THROUGHPUT",
            "perf_metric_value": 27209.70867997587
        },
        {
            "perf_metric_name": "n_n_actor_calls_with_arg_async",
            "perf_metric_type": "THROUGHPUT",
            "perf_metric_value": 2693.4756033858466
        },
        {
            "perf_metric_name": "1_1_async_actor_calls_sync",
            "perf_metric_type": "THROUGHPUT",
            "perf_metric_value": 1426.2018801386466
        },
        {
            "perf_metric_name": "1_1_async_actor_calls_async",
            "perf_metric_type": "THROUGHPUT",
            "perf_metric_value": 4284.370408530537
        },
        {
            "perf_metric_name": "1_1_async_actor_calls_with_args_async",
            "perf_metric_type": "THROUGHPUT",
            "perf_metric_value": 3106.7466600430544
        },
        {
            "perf_metric_name": "1_n_async_actor_calls_async",
            "perf_metric_type": "THROUGHPUT",
            "perf_metric_value": 7741.746631714333
        },
        {
            "perf_metric_name": "n_n_async_actor_calls_async",
            "perf_metric_type": "THROUGHPUT",
            "perf_metric_value": 23555.066039349047
        },
        {
            "perf_metric_name": "placement_group_create/removal",
            "perf_metric_type": "THROUGHPUT",
            "perf_metric_value": 743.5659082964364
        },
        {
            "perf_metric_name": "client__get_calls",
            "perf_metric_type": "THROUGHPUT",
            "perf_metric_value": 992.4456902391204
        },
        {
            "perf_metric_name": "client__put_calls",
            "perf_metric_type": "THROUGHPUT",
            "perf_metric_value": 824.1906946636155
        },
        {
            "perf_metric_name": "client__put_gigabytes",
            "perf_metric_type": "THROUGHPUT",
            "perf_metric_value": 0.1550540296697212
        },
        {
            "perf_metric_name": "client__tasks_and_put_batch",
            "perf_metric_type": "THROUGHPUT",
            "perf_metric_value": 13601.436104861408
        },
        {
            "perf_metric_name": "client__1_1_actor_calls_sync",
            "perf_metric_type": "THROUGHPUT",
            "perf_metric_value": 527.9555023039422
        },
        {
            "perf_metric_name": "client__1_1_actor_calls_async",
            "perf_metric_type": "THROUGHPUT",
            "perf_metric_value": 1041.8730021547178
        },
        {
            "perf_metric_name": "client__1_1_actor_calls_concurrent",
            "perf_metric_type": "THROUGHPUT",
            "perf_metric_value": 1047.1016344870811
        },
        {
            "perf_metric_name": "client__tasks_and_get_batch",
            "perf_metric_type": "THROUGHPUT",
            "perf_metric_value": 0.9197513826205774
        }
    ],
    "placement_group_create/removal": [
        743.5659082964364,
        6.071477547527883
    ],