{
    "1_1_actor_calls_async": [
        8219.795071008975,
        188.48085637821475
    ],
    "1_1_actor_calls_concurrent": [
        5377.1496113254725,
        129.23618916367775
    ],
    "1_1_actor_calls_sync": [
        1959.5608579309087,
        40.05183288077636
    ],
    "1_1_async_actor_calls_async": [
        4171.456937936633,
        195.42830490503232
    ],
    "1_1_async_actor_calls_sync": [
        1468.0999827232097,
        23.907868237519033
    ],
    "1_1_async_actor_calls_with_args_async": [
        2899.87628971332,
        104.68861949721845
    ],
    "1_n_actor_calls_async": [
        8008.806358661164,
        94.9223246657888
    ],
    "1_n_async_actor_calls_async": [
        7625.6992962916975,
        77.78852390836784
    ],
    "client__1_1_actor_calls_async": [
        1065.4228066614364,
        8.475130628383317
    ],
    "client__1_1_actor_calls_concurrent": [
        1051.155045997863,
        7.587242014430166
    ],
    "client__1_1_actor_calls_sync": [
        530.5569126625701,
        3.4917100983628964
    ],
    "client__get_calls": [
        1018.2939193917422,
        68.37887040310822
    ],
    "client__put_calls": [
        805.9876892520514,
        20.246218021849156
    ],
    "client__put_gigabytes": [
        0.1525808986433169,
        0.0005260267465087514
    ],
    "client__tasks_and_get_batch": [
        0.909684480871914,
        0.04209123366651788
    ],
    "client__tasks_and_put_batch": [
        14411.155262801181,
        565.6637142873228
    ],
    "multi_client_put_calls_Plasma_Store": [
        16769.891858063707,
        160.7727767543324
    ],
    "multi_client_put_gigabytes": [
        37.84234603653026,
        1.9543159500637872
    ],
    "multi_client_tasks_async": [
        22162.855018822152,
        1636.6665214042862
    ],
    "n_n_actor_calls_async": [
        27105.63998087682,
        858.8741533351254
    ],
    "n_n_actor_calls_with_arg_async": [
        2723.737298735755,
        15.223156908588408
    ],
    "n_n_async_actor_calls_async": [
        23052.03512506016,
        818.6796601118019
    ],
    "perf_metrics": [
        {
            "perf_metric_name": "single_client_get_calls_Plasma_Store",
            "perf_metric_type": "THROUGHPUT",
            "perf_metric_value": 10841.440823259276
        },
        {
            "perf_metric_name": "single_client_put_calls_Plasma_Store",
            "perf_metric_type": "THROUGHPUT",
            "perf_metric_value": 5110.344528620948
        },
        {
            "perf_metric_name": "multi_client_put_calls_Plasma_Store",
            "perf_metric_type": "THROUGHPUT",
            "perf_metric_value": 16769.891858063707
        },
        {
            "perf_metric_name": "single_client_put_gigabytes",
            "perf_metric_type": "THROUGHPUT",
            "perf_metric_value": 19.561225172916046
        },
        {
            "perf_metric_name": "single_client_tasks_and_get_batch",
            "perf_metric_type": "THROUGHPUT",
            "perf_metric_value": 6.069186157221194
        },
        {
            "perf_metric_name": "multi_client_put_gigabytes",
            "perf_metric_type": "THROUGHPUT",
            "perf_metric_value": 37.84234603653026
        },
        {
            "perf_metric_name": "single_client_get_object_containing_10k_refs",
            "perf_metric_type": "THROUGHPUT",
            "perf_metric_value": 12.67868528378648
        },
        {
            "perf_metric_name": "single_client_wait_1k_refs",
            "perf_metric_type": "THROUGHPUT",
            "perf_metric_value": 4.895502802318484
        },
        {
            "perf_metric_name": "single_client_tasks_sync",
            "perf_metric_type": "THROUGHPUT",
            "perf_metric_value": 961.1131766783709
        },
        {
            "perf_metric_name": "single_client_tasks_async",
            "perf_metric_type": "THROUGHPUT",
            "perf_metric_value": 7971.849053459262
        },
        {
            "perf_metric_name": "multi_client_tasks_async",
            "perf_metric_type": "THROUGHPUT",
            "perf_metric_value": 22162.855018822152
        },
        {
            "perf_metric_name": "1_1_actor_calls_sync",
            "perf_metric_type": "THROUGHPUT",
            "perf_metric_value": 1959.5608579309087
        },
        {
            "perf_metric_name": "1_1_actor_calls_async",
            "perf_metric_type": "THROUGHPUT",
            "perf_metric_value": 8219.795071008975
        },
        {
            "perf_metric_name": "1_1_actor_calls_concurrent",
            "perf_metric_type": "THROUGHPUT",
            "perf_metric_value": 5377.1496113254725
        },
        {
            "perf_metric_name": "1_n_actor_calls_async",
            "perf_metric_type": "THROUGHPUT",
            "perf_metric_value": 8008.806358661164
        },
        {
            "perf_metric_name": "n_n_actor_calls_async",
            "perf_metric_type": "THROUGHPUT",
            "perf_metric_value": 27105.63998087682
        },
        {
            "perf_metric_name": "n_n_actor_calls_with_arg_async",
            "perf_metric_type": "THROUGHPUT",
            "perf_metric_value": 2723.737298735755
        },
        {
            "perf_metric_name": "1_1_async_actor_calls_sync",
            "perf_metric_type": "THROUGHPUT",
            "perf_metric_value": 1468.0999827232097
        },
        {
            "perf_metric_name": "1_1_async_actor_calls_async",
            "perf_metric_type": "THROUGHPUT",
            "perf_metric_value": 4171.456937936633
        },
        {
            "perf_metric_name": "1_1_async_actor_calls_with_args_async",
            "perf_metric_type": "THROUGHPUT",
            "perf_metric_value": 2899.87628971332
        },
        {
            "perf_metric_name": "1_n_async_actor_calls_async",
            "perf_metric_type": "THROUGHPUT",
            "perf_metric_value": 7625.6992962916975
        },
        {
            "perf_metric_name": "n_n_async_actor_calls_async",
            "perf_metric_type": "THROUGHPUT",
            "perf_metric_value": 23052.03512506016
        },
        {
            "perf_metric_name": "placement_group_create/removal",
            "perf_metric_type": "THROUGHPUT",
            "perf_metric_value": 762.110356621388
        },
        {
            "perf_metric_name": "client__get_calls",
            "perf_metric_type": "THROUGHPUT",
            "perf_metric_value": 1018.2939193917422
        },
        {
            "perf_metric_name": "client__put_calls",
            "perf_metric_type": "THROUGHPUT",
            "perf_metric_value": 805.9876892520514
        },
        {
            "perf_metric_name": "client__put_gigabytes",
            "perf_metric_type": "THROUGHPUT",
            "perf_metric_value": 0.1525808986433169
        },
        {
            "perf_metric_name": "client__tasks_and_put_batch",
            "perf_metric_type": "THROUGHPUT",
            "perf_metric_value": 14411.155262801181
        },
        {
            "perf_metric_name": "client__1_1_actor_calls_sync",
            "perf_metric_type": "THROUGHPUT",
            "perf_metric_value": 530.5569126625701
        },
        {
            "perf_metric_name": "client__1_1_actor_calls_async",
            "perf_metric_type": "THROUGHPUT",
            "perf_metric_value": 1065.4228066614364
        },
        {
            "perf_metric_name": "client__1_1_actor_calls_concurrent",
            "perf_metric_type": "THROUGHPUT",
            "perf_metric_value": 1051.155045997863
        },
        {
            "perf_metric_name": "client__tasks_and_get_batch",
            "perf_metric_type": "THROUGHPUT",
            "perf_metric_value": 0.909684480871914
        }
    ],
    "placement_group_create/removal": [
        762.110356621388,
        8.435625535387086
    ],
    "single_client_get_calls_Plasma_Store": [
        10841.440823259276,
        238.0109613877782
    ],