{
    "1_1_actor_calls_async": [
        9060.701663275304,
        118.69740715773278
    ],
    "1_1_actor_calls_concurrent": [
        5167.9800954515,
        141.99267026522367
    ],
    "1_1_actor_calls_sync": [
        2055.7051275912527,
        54.594914220148404
    ],
    "1_1_async_actor_calls_async": [
        4456.606860484332,
        300.0483750432424
    ],
    "1_1_async_actor_calls_sync": [
        1486.2327104183764,
        35.32117622112775
    ],
    "1_1_async_actor_calls_with_args_async": [
        3038.941703794114,
        225.62938703844412
    ],
    "1_n_actor_calls_async": [
        8786.234839177117,
        155.79705585932524
    ],
    "1_n_async_actor_calls_async": [
        7804.984752431155,
        207.2088124010455
    ],
    "client__1_1_actor_calls_async": [
        963.1902909183787,
        7.024139165271597
    ],
    "client__1_1_actor_calls_concurrent": [
        947.6614978210325,
        6.215662216629677
    ],
    "client__1_1_actor_calls_sync": [
        519.725991336052,
        5.524396654486067
    ],
    "client__get_calls": [
        1119.7725751916082,
        22.31873036313672
    ],
    "client__put_calls": [
        801.476709529905,
        24.90986781791733
    ],
    "client__put_gigabytes": [
        0.13929452807454937,
        0.0004893965578803182
    ],
    "client__tasks_and_get_batch": [
        0.911263457119588,
        0.009582733256630546
    ],
    "client__tasks_and_put_batch": [
        11004.98249042869,
        406.99702282940336
    ],
    "multi_client_put_calls_Plasma_Store": [
        12455.514706383783,
        82.98752196297701
    ],
    "multi_client_put_gigabytes": [
        38.4735559860673,
        1.895531621126946
    ],
    "multi_client_tasks_async": [
        23311.858831941317,
        2350.5613878864333
    ],
    "n_n_actor_calls_async": [
        26545.931713712664,
        526.4393166387501
    ],
    "n_n_actor_calls_with_arg_async": [
        2699.08314274893,
        34.72492860665786
    ],
    "n_n_async_actor_calls_async": [
        22710.046003881216,
        682.7591872434975
    ],
    "perf_metrics": [
        {
            "perf_metric_name": "single_client_get_calls_Plasma_Store",
            "perf_metric_type": "THROUGHPUT",
            "perf_metric_value": 10303.517743023112
        },
        {
            "perf_metric_name": "single_client_put_calls_Plasma_Store",
            "perf_metric_type": "THROUGHPUT",
            "perf_metric_value": 5241.163782117501
        },
        {
            "perf_metric_name": "multi_client_put_calls_Plasma_Store",
            "perf_metric_type": "THROUGHPUT",
            "perf_metric_value": 12455.514706383783
        },
        {
            "perf_metric_name": "single_client_put_gigabytes",
            "perf_metric_type": "THROUGHPUT",
            "perf_metric_value": 20.184014305625574
        },
        {
            "perf_metric_name": "single_client_tasks_and_get_batch",
            "perf_metric_type": "THROUGHPUT",
            "perf_metric_value": 7.900197666889211
        },
        {
            "perf_metric_name": "multi_client_put_gigabytes",
            "perf_metric_type": "THROUGHPUT",
            "perf_metric_value": 38.4735559860673
        },
        {
            "perf_metric_name": "single_client_get_object_containing_10k_refs",
            "perf_metric_type": "THROUGHPUT",
            "perf_metric_value": 13.679337230724197
        },
        {
            "perf_metric_name": "single_client_wait_1k_refs",
            "perf_metric_type": "THROUGHPUT",
            "perf_metric_value": 5.485273551888224
        },
        {
            "perf_metric_name": "single_client_tasks_sync",
            "perf_metric_type": "THROUGHPUT",
            "perf_metric_value": 986.5998779605792
        },
        {
            "perf_metric_name": "single_client_tasks_async",
            "perf_metric_type": "THROUGHPUT",
            "perf_metric_value": 8011.455682416454
        },
        {
            "perf_metric_name": "multi_client_tasks_async",
            "perf_metric_type": "THROUGHPUT",
            "perf_metric_value": 23311.858831941317
        },
        {
            "perf_metric_name": "1_1_actor_calls_sync",
            "perf_metric_type": "THROUGHPUT",
            "perf_metric_value": 2055.7051275912527
        },
        {
            "perf_metric_name": "1_1_actor_calls_async",
            "perf_metric_type": "THROUGHPUT",
            "perf_metric_value": 9060.701663275304
        },
        {
            "perf_metric_name": "1_1_actor_calls_concurrent",
            "perf_metric_type": "THROUGHPUT",
            "perf_metric_value": 5167.9800954515
        },
        {
            "perf_metric_name": "1_n_actor_calls_async",
            "perf_metric_type": "THROUGHPUT",
            "perf_metric_value": 8786.234839177117
        },
        {
            "perf_metric_name": "n_n_actor_calls_async",
            "perf_metric_type": "THROUGHPUT",
            "perf_metric_value": 26545.931713712664
        },
        {
            "perf_metric_name": "n_n_actor_calls_with_arg_async",
            "perf_metric_type": "THROUGHPUT",
            "perf_metric_value": 2699.08314274893
        },
        {
            "perf_metric_name": "1_1_async_actor_calls_sync",
            "perf_metric_type": "THROUGHPUT",
            "perf_metric_value": 1486.2327104183764
        },
        {
            "perf_metric_name": "1_1_async_actor_calls_async",
            "perf_metric_type": "THROUGHPUT",
            "perf_metric_value": 4456.606860484332
        },
        {
            "perf_metric_name": "1_1_async_actor_calls_with_args_async",
            "perf_metric_type": "THROUGHPUT",
            "perf_metric_value": 3038.941703794114
        },
        {
            "perf_metric_name": "1_n_async_actor_calls_async",
            "perf_metric_type": "THROUGHPUT",
            "perf_metric_value": 7804.984752431155
        },
        {
            "perf_metric_name": "n_n_async_actor_calls_async",
            "perf_metric_type": "THROUGHPUT",
            "perf_metric_value": 22710.046003881216
        },
        {
            "perf_metric_name": "placement_group_create/removal",
            "perf_metric_type": "THROUGHPUT",
            "perf_metric_value": 824.4108502776797
        },
        {
            "perf_metric_name": "client__get_calls",
            "perf_metric_type": "THROUGHPUT",
            "perf_metric_value": 1119.7725751916082
        },
        {
            "perf_metric_name": "client__put_calls",
            "perf_metric_type": "THROUGHPUT",
            "perf_metric_value": 801.476709529905
        },
        {
            "perf_metric_name": "client__put_gigabytes",
            "perf_metric_type": "THROUGHPUT",
            "perf_metric_value": 0.13929452807454937
        },
        {
            "perf_metric_name": "client__tasks_and_put_batch",
            "perf_metric_type": "THROUGHPUT",
            "perf_metric_value": 11004.98249042869
        },
        {
            "perf_metric_name": "client__1_1_actor_calls_sync",
            "perf_metric_type": "THROUGHPUT",
            "perf_metric_value": 519.725991336052
        },
        {
            "perf_metric_name": "client__1_1_actor_calls_async",
            "perf_metric_type": "THROUGHPUT",
            "perf_metric_value": 963.1902909183787
        },
        {
            "perf_metric_name": "client__1_1_actor_calls_concurrent",
            "perf_metric_type": "THROUGHPUT",
            "perf_metric_value": 947.6614978210325
        },
        {
            "perf_metric_name": "client__tasks_and_get_batch",
            "perf_metric_type": "THROUGHPUT",
            "perf_metric_value": 0.911263457119588
        }
    ],
    "placement_group_create/removal": [
        824.4108502776797,
        17.72810428024577
    ],
    "single_client_get_calls_Plasma_Store": [
        10303.517743023112,
        277.61596662520196
    ],