{
    "1_1_actor_calls_async": [
        7484.128019312722,
        222.23612905590366
    ],
    "1_1_actor_calls_concurrent": [
        5210.654473422534,
        148.8482302145678
    ],
    "1_1_actor_calls_sync": [
        2020.4236901532247,
        18.458813788356412
    ],
    "1_1_async_actor_calls_async": [
        4133.0146320984095,
        158.06597563376883
    ],
    "1_1_async_actor_calls_sync": [
        1483.660979687764,
        23.548334544330253
    ],
    "1_1_async_actor_calls_with_args_async": [
        2744.6685159840754,
        60.78673286688515
    ],
    "1_n_actor_calls_async": [
        8318.094433102775,
        220.7257975463937
    ],
    "1_n_async_actor_calls_async": [
        7563.184192111071,
        157.70699676551294
    ],
    "client__1_1_actor_calls_async": [
        1069.1602586173547,
        8.291193112362643
    ],
    "client__1_1_actor_calls_concurrent": [
        1050.6282351078878,
        11.652242761910356
    ],
    "client__1_1_actor_calls_sync": [
        525.9274124240096,
        3.4715440434472495
    ],
    "client__get_calls": [
        1160.5254002780266,
        16.558088205324744
    ],
    "client__put_calls": [
        790.7920510051757,
        21.308859484909945
    ],
    "client__put_gigabytes": [
        0.1529268174148042,
        0.0010070926819979113
    ],
    "client__tasks_and_get_batch": [
        0.9480091293556955,
        0.07641810889693526
    ],
    "client__tasks_and_put_batch": [
        14569.862277318796,
        259.9296680300632
    ],
    "multi_client_put_calls_Plasma_Store": [
        15796.693450669514,
        300.97046947045953
    ],
    "multi_client_put_gigabytes": [
        39.896743394372585,
        2.347460003874646
    ],
    "multi_client_tasks_async": [
        21959.60128713229,
        815.6916566872305
    ],
    "n_n_actor_calls_async": [
        27465.39608393524,
        762.3570217280651
    ],
    "n_n_actor_calls_with_arg_async": [
        2709.168840517713,
        50.58648732986629
    ],
    "n_n_async_actor_calls_async": [
        23716.451989299432,
        762.9269367240967
    ],
    "perf_metrics": [
        {
            "perf_metric_name": "single_client_get_calls_Plasma_Store",
            "perf_metric_type": "THROUGHPUT",
            "perf_metric_value": 10723.171694846082
        },
        {
            "perf_metric_name": "single_client_put_calls_Plasma_Store",
            "perf_metric_type": "THROUGHPUT",
            "perf_metric_value": 5113.112753017668
        },
        {
            "perf_metric_name": "multi_client_put_calls_Plasma_Store",
            "perf_metric_type": "THROUGHPUT",
            "perf_metric_value": 15796.693450669514
        },
        {
            "perf_metric_name": "single_client_put_gigabytes",
            "perf_metric_type": "THROUGHPUT",
            "perf_metric_value": 20.105537951105227
        },
        {
            "perf_metric_name": "single_client_tasks_and_get_batch",
            "perf_metric_type": "THROUGHPUT",
            "perf_metric_value": 5.997593980449436
        },
        {
            "perf_metric_name": "multi_client_put_gigabytes",
            "perf_metric_type": "THROUGHPUT",
            "perf_metric_value": 39.896743394372585
        },
        {
            "perf_metric_name": "single_client_get_object_containing_10k_refs",
            "perf_metric_type": "THROUGHPUT",
            "perf_metric_value": 12.796724102063072
        },
        {
            "perf_metric_name": "single_client_wait_1k_refs",
            "perf_metric_type": "THROUGHPUT",
            "perf_metric_value": 4.773703805756311
        },
        {
            "perf_metric_name": "single_client_tasks_sync",
            "perf_metric_type": "THROUGHPUT",
            "perf_metric_value": 969.5757440611114
        },
        {
            "perf_metric_name": "single_client_tasks_async",
            "perf_metric_type": "THROUGHPUT",
            "perf_metric_value": 8081.168521067462
        },
        {
            "perf_metric_name": "multi_client_tasks_async",
            "perf_metric_type": "THROUGHPUT",
            "perf_metric_value": 21959.60128713229
        },
        {
            "perf_metric_name": "1_1_actor_calls_sync",
            "perf_metric_type": "THROUGHPUT",
            "perf_metric_value": 2020.4236901532247
        },
        {
            "perf_metric_name": "1_1_actor_calls_async",
            "perf_metric_type": "THROUGHPUT",
            "perf_metric_value": 7484.128019312722
        },
        {
            "perf_metric_name": "1_1_actor_calls_concurrent",
            "perf_metric_type": "THROUGHPUT",
            "perf_metric_value": 5210.654473422534
        },
        {
            "perf_metric_name": "1_n_actor_calls_async",
            "perf_metric_type": "THROUGHPUT",
            "perf_metric_value": 8318.094433102775
        },
        {
            "perf_metric_name": "n_n_actor_calls_async",
            "perf_metric_type": "THROUGHPUT",
            "perf_metric_value": 27465.39608393524
        },
        {
            "perf_metric_name": "n_n_actor_calls_with_arg_async",
            "perf_metric_type": "THROUGHPUT",
            "perf_metric_value": 2709.168840517713
        },
        {
            "perf_metric_name": "1_1_async_actor_calls_sync",
            "perf_metric_type": "THROUGHPUT",
            "perf_metric_value": 1483.660979687764
        },
        {
            "perf_metric_name": "1_1_async_actor_calls_async",
            "perf_metric_type": "THROUGHPUT",
            "perf_metric_value": 4133.0146320984095
        },
        {
            "perf_metric_name": "1_1_async_actor_calls_with_args_async",
            "perf_metric_type": "THROUGHPUT",
            "perf_metric_value": 2744.6685159840754
        },
        {
            "perf_metric_name": "1_n_async_actor_calls_async",
            "perf_metric_type": "THROUGHPUT",
            "perf_metric_value": 7563.184192111071
        },
        {
            "perf_metric_name": "n_n_async_actor_calls_async",
            "perf_metric_type": "THROUGHPUT",
            "perf_metric_value": 23716.451989299432
        },
        {
            "perf_metric_name": "placement_group_create/removal",
            "perf_metric_type": "THROUGHPUT",
            "perf_metric_value": 768.9082534403586
        },
        {
            "perf_metric_name": "client__get_calls",
            "perf_metric_type": "THROUGHPUT",
            "perf_metric_value": 1160.5254002780266
        },
        {
            "perf_metric_name": "client__put_calls",
            "perf_metric_type": "THROUGHPUT",
            "perf_metric_value": 790.7920510051757
        },
        {
            "perf_metric_name": "client__put_gigabytes",
            "perf_metric_type": "THROUGHPUT",
            "perf_metric_value": 0.1529268174148042
        },
        {
            "perf_metric_name": "client__tasks_and_put_batch",
            "perf_metric_type": "THROUGHPUT",
            "perf_metric_value": 14569.862277318796
        },
        {
            "perf_metric_name": "client__1_1_actor_calls_sync",
            "perf_metric_type": "THROUGHPUT",
            "perf_metric_value": 525.9274124240096
        },
        {
            "perf_metric_name": "client__1_1_actor_calls_async",
            "perf_metric_type": "THROUGHPUT",
            "perf_metric_value": 1069.1602586173547
        },
        {
            "perf_metric_name": "client__1_1_actor_calls_concurrent",
            "perf_metric_type": "THROUGHPUT",
            "perf_metric_value": 1050.6282351078878
        },
        {
            "perf_metric_name": "client__tasks_and_get_batch",
            "perf_metric_type": "THROUGHPUT",
            "perf_metric_value": 0.9480091293556955
        }
    ],
    "placement_group_create/removal": [
        768.9082534403586,
        7.490796352327158
    ],