{
    "1_1_actor_calls_async": [
        8898.74161889686,
        138.6655714305418
    ],
    "1_1_actor_calls_concurrent": [
        5596.612088571596,
        178.34652642393664
    ],
    "1_1_actor_calls_sync": [
        2019.1192214380333,
        37.040749344832754
    ],
    "1_1_async_actor_calls_async": [
        5128.909004080372,
        159.91353744375118
    ],
    "1_1_async_actor_calls_sync": [
        1541.090559096205,
        34.01263723112063
    ],
    "1_1_async_actor_calls_with_args_async": [
        3278.2411157746983,
        74.5104314525387
    ],
    "1_n_actor_calls_async": [
        8405.676715400055,
        224.3640255547966
    ],
    "1_n_async_actor_calls_async": [
        7853.325955437287,
        65.25928329465697
    ],
    "client__1_1_actor_calls_async": [
        980.7790835269525,
        23.96411393720468
    ],
    "client__1_1_actor_calls_concurrent": [
        974.1707706196564,
        15.394990388473797
    ],
    "client__1_1_actor_calls_sync": [
        526.7457465833909,
        6.812388197544875
    ],
    "client__get_calls": [
        1066.7684719081053,
        65.14242679850064
    ],
    "client__put_calls": [
        862.5855312761047,
        20.73389580269158
    ],
    "client__put_gigabytes": [
        0.15371223612909402,
        0.0008936587803616917
    ],
    "client__tasks_and_get_batch": [
        0.9201563674628591,
        0.010465748439443982
    ],
    "client__tasks_and_put_batch": [
        14405.107490454913,
        249.95568080534107
    ],
    "multi_client_put_calls_Plasma_Store": [
        16647.860352850137,
        277.3955850318771
    ],
    "multi_client_put_gigabytes": [
        42.866645929309996,
        2.606701622343488
    ],
    "multi_client_tasks_async": [
        21823.517428742365,
        2553.680181642446
    ],
    "n_n_actor_calls_async": [
        26933.018765424662,
        650.9070636285601
    ],
    "n_n_actor_calls_with_arg_async": [
        2719.6626076209245,
        10.139893876803306
    ],
    "n_n_async_actor_calls_async": [
        22994.669871663224,
        483.38033980705643
    ],
    "perf_metrics": [
        {
            "perf_metric_name": "single_client_get_calls_Plasma_Store",
            "perf_metric_type": "THROUGHPUT",
            "perf_metric_value": 10650.27690749274
        },
        {
            "perf_metric_name": "single_client_put_calls_Plasma_Store",
            "perf_metric_type": "THROUGHPUT",
            "perf_metric_value": 5122.443353616408
        },
        {
            "perf_metric_name": "multi_client_put_calls_Plasma_Store",
            "perf_metric_type": "THROUGHPUT",
            "perf_metric_value": 16647.860352850137
        },
        {
            "perf_metric_name": "single_client_put_gigabytes",
            "perf_metric_type": "THROUGHPUT",
            "perf_metric_value": 17.176054266128194
        },
        {
            "perf_metric_name": "single_client_tasks_and_get_batch",
            "perf_metric_type": "THROUGHPUT",
            "perf_metric_value": 7.780451969433976
        },
        {
            "perf_metric_name": "multi_client_put_gigabytes",
            "perf_metric_type": "THROUGHPUT",
            "perf_metric_value": 42.866645929309996
        },
        {
            "perf_metric_name": "single_client_get_object_containing_10k_refs",
            "perf_metric_type": "THROUGHPUT",
            "perf_metric_value": 12.047828247398513
        },
        {
            "perf_metric_name": "single_client_wait_1k_refs",
            "perf_metric_type": "THROUGHPUT",
            "perf_metric_value": 5.25614136017588
        },
        {
            "perf_metric_name": "single_client_tasks_sync",
            "perf_metric_type": "THROUGHPUT",
            "perf_metric_value": 1001.5048485799107
        },
        {
            "perf_metric_name": "single_client_tasks_async",
            "perf_metric_type": "THROUGHPUT",
            "perf_metric_value": 7850.804688217522
        },
        {
            "perf_metric_name": "multi_client_tasks_async",
            "perf_metric_type": "THROUGHPUT",
            "perf_metric_value": 21823.517428742365
        },
        {
            "perf_metric_name": "1_1_actor_calls_sync",
            "perf_metric_type": "THROUGHPUT",
            "perf_metric_value": 2019.1192214380333
        },
        {
            "perf_metric_name": "1_1_actor_calls_async",
            "perf_metric_type": "THROUGHPUT",
            "perf_metric_value": 8898.74161889686
        },
        {
            "perf_metric_name": "1_1_actor_calls_concurrent",
            "perf_metric_type": "THROUGHPUT",
            "perf_metric_value": 5596.612088571596
        },
        {
            "perf_metric_name": "1_n_actor_calls_async",
            "perf_metric_type": "THROUGHPUT",
            "perf_metric_value": 8405.676715400055
        },
        {
            "perf_metric_name": "n_n_actor_calls_async",
            "perf_metric_type": "THROUGHPUT",
            "perf_metric_value": 26933.018765424662
        },
        {
            "perf_metric_name": "n_n_actor_calls_with_arg_async",
            "perf_metric_type": "THROUGHPUT",
            "perf_metric_value": 2719.6626076209245
        },
        {
            "perf_metric_name": "1_1_async_actor_calls_sync",
            "perf_metric_type": "THROUGHPUT",
            "perf_metric_value": 1541.090559096205
        },
        {
            "perf_metric_name": "1_1_async_actor_calls_async",
            "perf_metric_type": "THROUGHPUT",
            "perf_metric_value": 5128.909004080372
        },
        {
            "perf_metric_name": "1_1_async_actor_calls_with_args_async",
            "perf_metric_type": "THROUGHPUT",
            "perf_metric_value": 3278.2411157746983
        },
        {
            "perf_metric_name": "1_n_async_actor_calls_async",
            "perf_metric_type": "THROUGHPUT",
            "perf_metric_value": 7853.325955437287
        },
        {
            "perf_metric_name": "n_n_async_actor_calls_async",
            "perf_metric_type": "THROUGHPUT",
            "perf_metric_value": 22994.669871663224
        },
        {
            "perf_metric_name": "placement_group_create/removal",
            "perf_metric_type": "THROUGHPUT",
            "perf_metric_value": 845.3611380520398
        },
        {
            "perf_metric_name": "client__get_calls",
            "perf_metric_type": "THROUGHPUT",
            "perf_metric_value": 1066.7684719081053
        },
        {
            "perf_metric_name": "client__put_calls",
            "perf_metric_type": "THROUGHPUT",
            "perf_metric_value": 862.5855312761047
        },
        {
            "perf_metric_name": "client__put_gigabytes",
            "perf_metric_type": "THROUGHPUT",
            "perf_metric_value": 0.15371223612909402
        },
        {
            "perf_metric_name": "client__tasks_and_put_batch",
            "perf_metric_type": "THROUGHPUT",
            "perf_metric_value": 14405.107490454913
        },
        {
            "perf_metric_name": "client__1_1_actor_calls_sync",
            "perf_metric_type": "THROUGHPUT",
            "perf_metric_value": 526.7457465833909
        },
        {
            "perf_metric_name": "client__1_1_actor_calls_async",
            "perf_metric_type": "THROUGHPUT",
            "perf_metric_value": 980.7790835269525
        },
        {
            "perf_metric_name": "client__1_1_actor_calls_concurrent",
            "perf_metric_type": "THROUGHPUT",
            "perf_metric_value": 974.1707706196564
        },
        {
            "perf_metric_name": "client__tasks_and_get_batch",
            "perf_metric_type": "THROUGHPUT",
            "perf_metric_value": 0.9201563674628591
        }
    ],
    "placement_group_create/removal": [
        845.3611380520398,
        4.0458509846316035
    ],