{
    "1_1_actor_calls_async": [
        7955.532587564185,
        175.61992810905852
    ],
    "1_1_actor_calls_concurrent": [
        5303.491917324765,
        194.13480183592705
    ],
    "1_1_actor_calls_sync": [
        1950.1566973268486,
        59.76900518616201
    ],
    "1_1_async_actor_calls_async": [
        4784.887893686086,
        231.37765867810697
    ],
    "1_1_async_actor_calls_sync": [
        1437.926664174257,
        45.859818529626835
    ],
    "1_1_async_actor_calls_with_args_async": [
        2977.7412476335367,
        30.87717924019962
    ],
    "1_n_actor_calls_async": [
        8575.187746250078,
        221.26506863699905
    ],
    "1_n_async_actor_calls_async": [
        7578.069803138395,
        143.77100673381594
    ],
    "client__1_1_actor_calls_async": [
        981.829128296617,
        14.06102035801325
    ],
    "client__1_1_actor_calls_concurrent": [
        985.8616123328168,
        7.774725729115698
    ],
    "client__1_1_actor_calls_sync": [
        522.5036741985014,
        3.326284429432372
    ],
    "client__get_calls": [
        1143.529533443771,
        7.843126151799877
    ],
    "client__put_calls": [
        806.8644229079073,
        29.20672925266765
    ],
    "client__put_gigabytes": [
        0.15026574145021315,
        0.00036921229288885553
    ],
    "client__tasks_and_get_batch": [
        0.9196822396421975,
        0.01544850883498226
    ],
    "client__tasks_and_put_batch": [
        11329.64496989761,
        147.88663931420538
    ],
    "multi_client_put_calls_Plasma_Store": [
        12279.826729270004,
        229.27662871070967
    ],
    "multi_client_put_gigabytes": [
        41.02868657596857,
        2.9523066478116053
    ],
    "multi_client_tasks_async": [
        22008.554668281082,
        1919.2339741056262
    ],
    "n_n_actor_calls_async": [
        27276.483183681223,
        460.92673710271265
    ],
    "n_n_actor_calls_with_arg_async": [
        2632.094227669015,
        72.47926888414577
    ],
    "n_n_async_actor_calls_async": [
        23202.288075622164,
        522.7475457723278
    ],
    "perf_metrics": [
        {
            "perf_metric_name": "single_client_get_calls_Plasma_Store",
            "perf_metric_type": "THROUGHPUT",
            "perf_metric_value": 10393.949835145073
        },
        {
            "perf_metric_name": "single_client_put_calls_Plasma_Store",
            "perf_metric_type": "THROUGHPUT",
            "perf_metric_value": 5238.443342760728
        },
        {
            "perf_metric_name": "multi_client_put_calls_Plasma_Store",
            "perf_metric_type": "THROUGHPUT",
            "perf_metric_value": 12279.826729270004
        },
        {
            "perf_metric_name": "single_client_put_gigabytes",
            "perf_metric_type": "THROUGHPUT",
            "perf_metric_value": 20.9008322604287
        },
        {
            "perf_metric_name": "single_client_tasks_and_get_batch",
            "perf_metric_type": "THROUGHPUT",
            "perf_metric_value": 7.988112150159331
        },
        {
            "perf_metric_name": "multi_client_put_gigabytes",
            "perf_metric_type": "THROUGHPUT",
            "perf_metric_value": 41.02868657596857
        },
        {
            "perf_metric_name": "single_client_get_object_containing_10k_refs",
            "perf_metric_type": "THROUGHPUT",
            "perf_metric_value": 13.163538753956898
        },
        {
            "perf_metric_name": "single_client_wait_1k_refs",
            "perf_metric_type": "THROUGHPUT",
            "perf_metric_value": 5.180954283629903
        },
        {
            "perf_metric_name": "single_client_tasks_sync",
            "perf_metric_type": "THROUGHPUT",
            "perf_metric_value": 952.4966774001579
        },
        {
            "perf_metric_name": "single_client_tasks_async",
            "perf_metric_type": "THROUGHPUT",
            "perf_metric_value": 7690.962784600502
        },
        {
            "perf_metric_name": "multi_client_tasks_async",
            "perf_metric_type": "THROUGHPUT",
            "perf_metric_value": 22008.554668281082
        },
        {
            "perf_metric_name": "1_1_actor_calls_sync",
            "perf_metric_type": "THROUGHPUT",
            "perf_metric_value": 1950.1566973268486
        },
        {
            "perf_metric_name": "1_1_actor_calls_async",
            "perf_metric_type": "THROUGHPUT",
            "perf_metric_value": 7955.532587564185
        },
        {
            "perf_metric_name": "1_1_actor_calls_concurrent",
            "perf_metric_type": "THROUGHPUT",
            "perf_metric_value": 5303.491917324765
        },
        {
            "perf_metric_name": "1_n_actor_calls_async",
            "perf_metric_type": "THROUGHPUT",
            "perf_metric_value": 8575.187746250078
        },
        {
            "perf_metric_name": "n_n_actor_calls_async",
            "perf_metric_type": "THROUGHPUT",
            "perf_metric_value": 27276.483183681223
        },
        {
            "perf_metric_name": "n_n_actor_calls_with_arg_async",
            "perf_metric_type": "THROUGHPUT",
            "perf_metric_value": 2632.094227669015
        },
        {
            "perf_metric_name": "1_1_async_actor_calls_sync",
            "perf_metric_type": "THROUGHPUT",
            "perf_metric_value": 1437.926664174257
        },
        {
            "perf_metric_name": "1_1_async_actor_calls_async",
            "perf_metric_type": "THROUGHPUT",
            "perf_metric_value": 4784.887893686086
        },
        {
            "perf_metric_name": "1_1_async_actor_calls_with_args_async",
            "perf_metric_type": "THROUGHPUT",
            "perf_metric_value": 2977.7412476335367
        },
        {
            "perf_metric_name": "1_n_async_actor_calls_async",
            "perf_metric_type": "THROUGHPUT",
            "perf_metric_value": 7578.069803138395
        },
        {
            "perf_metric_name": "n_n_async_actor_calls_async",
            "perf_metric_type": "THROUGHPUT",
            "perf_metric_value": 23202.288075622164
        },
        {
            "perf_metric_name": "placement_group_create/removal",
            "perf_metric_type": "THROUGHPUT",
            "perf_metric_value": 790.8896761742105
        },
        {
            "perf_metric_name": "client__get_calls",
            "perf_metric_type": "THROUGHPUT",
            "perf_metric_value": 1143.529533443771
        },
        {
            "perf_metric_name": "client__put_calls",
            "perf_metric_type": "THROUGHPUT",
            "perf_metric_value": 806.8644229079073
        },
        {
            "perf_metric_name": "client__put_gigabytes",
            "perf_metric_type": "THROUGHPUT",
            "perf_metric_value": 0.15026574145021315
        },
        {
            "perf_metric_name": "client__tasks_and_put_batch",
            "perf_metric_type": "THROUGHPUT",
            "perf_metric_value": 11329.64496989761
        },
        {
            "perf_metric_name": "client__1_1_actor_calls_sync",
            "perf_metric_type": "THROUGHPUT",
            "perf_metric_value": 522.5036741985014
        },
        {
            "perf_metric_name": "client__1_1_actor_calls_async",
            "perf_metric_type": "THROUGHPUT",
            "perf_metric_value": 981.829128296617
        },
        {
            "perf_metric_name": "client__1_1_actor_calls_concurrent",
            "perf_metric_type": "THROUGHPUT",
            "perf_metric_value": 985.8616123328168
        },
        {
            "perf_metric_name": "client__tasks_and_get_batch",
            "perf_metric_type": "THROUGHPUT",
            "perf_metric_value": 0.9196822396421975
        }
    ],
    "placement_group_create/removal": [
        790.8896761742105,
        11.333834748405021
    ],