{
    "1_1_actor_calls_async": [
        9012.880467992636,
        274.39770203115614
    ],
    "1_1_actor_calls_concurrent": [
        5041.760637338739,
        138.0380603219453
    ],
    "1_1_actor_calls_sync": [
        1986.177233156469,
        7.353089580388177
    ],
    "1_1_async_actor_calls_async": [
        4261.050694056448,
        102.67641073560478
    ],
    "1_1_async_actor_calls_sync": [
        1483.4703793760418,
        24.55014969155573
    ],
    "1_1_async_actor_calls_with_args_async": [
        2836.601104413851,
        163.9138928707045
    ],
    "1_n_actor_calls_async": [
        8803.178389859915,
        248.2713616898665
    ],
    "1_n_async_actor_calls_async": [
        7855.576353730168,
        104.38819846802097
    ],
    "client__1_1_actor_calls_async": [
        1019.3028285821217,
        6.754799952397459
    ],
    "client__1_1_actor_calls_concurrent": [
        1007.6444648899972,
        8.361807119609024
    ],
    "client__1_1_actor_calls_sync": [
        523.3469473257671,
        1.559621936382034
    ],
    "client__get_calls": [
        966.9141307622872,
        9.258603442950216
    ],
    "client__put_calls": [
        806.1974515278531,
        25.89751552055511
    ],
    "client__put_gigabytes": [
        0.13947664668408546,
        0.0005617088893114759
    ],
    "client__tasks_and_get_batch": [
        0.9561497312686904,
        0.009734603566212642
    ],
    "client__tasks_and_put_batch": [
        11214.270141950088,
        263.0139775234698
    ],
    "multi_client_put_calls_Plasma_Store": [
        12536.270544865174,
        188.62193594404053
    ],
    "multi_client_put_gigabytes": [
        45.440179854469804,
        3.803265665952826
    ],
    "multi_client_tasks_async": [
        21353.682091539627,
        791.9484727327964
    ],
    "n_n_actor_calls_async": [
        26370.461840482538,
        947.6739378691185
    ],
    "n_n_actor_calls_with_arg_async": [
        2748.863962184806,
        67.15817575976418
    ],
    "n_n_async_actor_calls_async": [
        22929.738827936668,
        1048.7531922006851
    ],
    "perf_metrics": [
        {
            "perf_metric_name": "single_client_get_calls_Plasma_Store",
            "perf_metric_type": "THROUGHPUT",
            "perf_metric_value": 10507.047272805994
        },
        {
            "perf_metric_name": "single_client_put_calls_Plasma_Store",
            "perf_metric_type": "THROUGHPUT",
            "perf_metric_value": 5273.203424794718
        },
        {
            "perf_metric_name": "multi_client_put_calls_Plasma_Store",
            "perf_metric_type": "THROUGHPUT",
            "perf_metric_value": 12536.270544865174
        },
        {
            "perf_metric_name": "single_client_put_gigabytes",
            "perf_metric_type": "THROUGHPUT",
            "perf_metric_value": 18.32083810818594
        },
        {
            "perf_metric_name": "single_client_tasks_and_get_batch",
            "perf_metric_type": "THROUGHPUT",
            "perf_metric_value": 8.199516693089809
        },
        {
            "perf_metric_name": "multi_client_put_gigabytes",
            "perf_metric_type": "THROUGHPUT",
            "perf_metric_value": 45.440179854469804
        },
        {
            "perf_metric_name": "single_client_get_object_containing_10k_refs",
            "perf_metric_type": "THROUGHPUT",
            "perf_metric_value": 13.204885454613315
        },
        {
            "perf_metric_name": "single_client_wait_1k_refs",
            "perf_metric_type": "THROUGHPUT",
            "perf_metric_value": 5.39514490847805
        },
        {
            "perf_metric_name": "single_client_tasks_sync",
            "perf_metric_type": "THROUGHPUT",
            "perf_metric_value": 973.959307673384
        },
        {
            "perf_metric_name": "single_client_tasks_async",
            "perf_metric_type": "THROUGHPUT",
            "perf_metric_value": 7988.9069673790045
        },
        {
            "perf_metric_name": "multi_client_tasks_async",
            "perf_metric_type": "THROUGHPUT",
            "perf_metric_value": 21353.682091539627
        },
        {
            "perf_metric_name": "1_1_actor_calls_sync",
            "perf_metric_type": "THROUGHPUT",
            "perf_metric_value": 1986.177233156469
        },
        {
            "perf_metric_name": "1_1_actor_calls_async",
            "perf_metric_type": "THROUGHPUT",
            "perf_metric_value": 9012.880467992636
        },
        {
            "perf_metric_name": "1_1_actor_calls_concurrent",
            "perf_metric_type": "THROUGHPUT",
            "perf_metric_value": 5041.760637338739
        },
        {
            "perf_metric_name": "1_n_actor_calls_async",
            "perf_metric_type": "THROUGHPUT",
            "perf_metric_value": 8803.178389859915
        },
        {
            "perf_metric_name": "n_n_actor_calls_async",
            "perf_metric_type": "THROUGHPUT",
            "perf_metric_value": 26370.461840482538
        },
        {
            "perf_metric_name": "n_n_actor_calls_with_arg_async",
            "perf_metric_type": "THROUGHPUT",
            "perf_metric_value": 2748.863962184806
        },
        {
            "perf_metric_name": "1_1_async_actor_calls_sync",
            "perf_metric_type": "THROUGHPUT",
            "perf_metric_value": 1483.4703793760418
        },
        {
            "perf_metric_name": "1_1_async_actor_calls_async",
            "perf_metric_type": "THROUGHPUT",
            "perf_metric_value": 4261.050694056448
        },
        {
            "perf_metric_name": "1_1_async_actor_calls_with_args_async",
            "perf_metric_type": "THROUGHPUT",
            "perf_metric_value": 2836.601104413851
        },
        {
            "perf_metric_name": "1_n_async_actor_calls_async",
            "perf_metric_type": "THROUGHPUT",
            "perf_metric_value": 7855.576353730168
        },
        {
            "perf_metric_name": "n_n_async_actor_calls_async",
            "perf_metric_type": "THROUGHPUT",
            "perf_metric_value": 22929.738827936668
        },
        {
            "perf_metric_name": "placement_group_create/removal",
            "perf_metric_type": "THROUGHPUT",
            "perf_metric_value": 805.1759941825478
        },
        {
            "perf_metric_name": "client__get_calls",
            "perf_metric_type": "THROUGHPUT",
            "perf_metric_value": 966.9141307622872
        },
        {
            "perf_metric_name": "client__put_calls",
            "perf_metric_type": "THROUGHPUT",
            "perf_metric_value": 806.1974515278531
        },
        {
            "perf_metric_name": "client__put_gigabytes",
            "perf_metric_type": "THROUGHPUT",
            "perf_metric_value": 0.13947664668408546
        },
        {
            "perf_metric_name": "client__tasks_and_put_batch",
            "perf_metric_type": "THROUGHPUT",
            "perf_metric_value": 11214.270141950088
        },
        {
            "perf_metric_name": "client__1_1_actor_calls_sync",
            "perf_metric_type": "THROUGHPUT",
            "perf_metric_value": 523.3469473257671
        },
        {
            "perf_metric_name": "client__1_1_actor_calls_async",
            "perf_metric_type": "THROUGHPUT",
            "perf_metric_value": 1019.3028285821217
        },
        {
            "perf_metric_name": "client__1_1_actor_calls_concurrent",
            "perf_metric_type": "THROUGHPUT",
            "perf_metric_value": 1007.6444648899972
        },
        {
            "perf_metric_name": "client__tasks_and_get_batch",
            "perf_metric_type": "THROUGHPUT",
            "perf_metric_value": 0.9561497312686904
        }
    ],
    "placement_group_create/removal": [
        805.1759941825478,
        7.473230546683027
    ],