{
    "1_1_actor_calls_async": [
        9031.717791623294,
        192.8094467105873
    ],
    "1_1_actor_calls_concurrent": [
        5674.648008482862,
        213.93402347245598
    ],
    "1_1_actor_calls_sync": [
        2100.2077559510417,
        17.79775141354136
    ],
    "1_1_async_actor_calls_async": [
        3559.7058767231556,
        85.90147942074165
    ],
    "1_1_async_actor_calls_sync": [
        1344.1591739622095,
        43.87958394024655
    ],
    "1_1_async_actor_calls_with_args_async": [
        2584.460785144293,
        43.34232271632638
    ],
    "1_n_actor_calls_async": [
        8884.115379043567,
        254.927340235733
    ],
    "1_n_async_actor_calls_async": [
        7610.6877946166605,
        40.04292562143709
    ],
    "client__1_1_actor_calls_async": [
        916.2659145904904,
        26.390232921162806
    ],
    "client__1_1_actor_calls_concurrent": [
        881.8820523473596,
        10.542366983687044
    ],
    "client__1_1_actor_calls_sync": [
        491.0521520633998,
        18.457136230455724
    ],
    "client__get_calls": [
        1052.0806198982318,
        22.30285026731644
    ],
    "client__put_calls": [
        841.9202869949634,
        17.28917717385826
    ],
    "client__put_gigabytes": [
        0.13121585960885135,
        0.0008462343207558118
    ],
    "client__tasks_and_get_batch": [
        0.9228165417546772,
        0.03080670475678442
    ],
    "client__tasks_and_put_batch": [
        11892.666392463261,
        260.515882221264
    ],
    "multi_client_put_calls_Plasma_Store": [
        12859.321156086282,
        141.19275528753255
    ],
    "multi_client_put_gigabytes": [
        33.57305818008913,
        2.371834567847487
    ],
    "multi_client_tasks_async": [
        4380.675445374336,
        15.990446702845365
    ],
    "n_n_actor_calls_async": [
        26066.334327455046,
        1609.994527151627
    ],
    "n_n_actor_calls_with_arg_async": [
        2625.3114806038075,
        41.66924735479181
    ],
    "n_n_async_actor_calls_async": [
        22473.36680019349,
        978.0020060542345
    ],
    "perf_metrics": [
        {
            "perf_metric_name": "single_client_get_calls_Plasma_Store",
            "perf_metric_type": "THROUGHPUT",
            "perf_metric_value": 10447.993136996853
        },
        {
            "perf_metric_name": "single_client_put_calls_Plasma_Store",
            "perf_metric_type": "THROUGHPUT",
            "perf_metric_value": 5355.048189801414
        },
        {
            "perf_metric_name": "multi_client_put_calls_Plasma_Store",
            "perf_metric_type": "THROUGHPUT",
            "perf_metric_value": 12859.321156086282
        },
        {
            "perf_metric_name": "single_client_put_gigabytes",
            "perf_metric_type": "THROUGHPUT",
            "perf_metric_value": 19.7492591299831
        },
        {
            "perf_metric_name": "single_client_tasks_and_get_batch",
            "perf_metric_type": "THROUGHPUT",
            "perf_metric_value": 7.401087223556004
        },
        {
            "perf_metric_name": "multi_client_put_gigabytes",
            "perf_metric_type": "THROUGHPUT",
            "perf_metric_value": 33.57305818008913
        },
        {
            "perf_metric_name": "single_client_get_object_containing_10k_refs",
            "perf_metric_type": "THROUGHPUT",
            "perf_metric_value": 12.47010395868836
        },
        {
            "perf_metric_name": "single_client_wait_1k_refs",
            "perf_metric_type": "THROUGHPUT",
            "perf_metric_value": 5.386835201432421
        },
        {
            "perf_metric_name": "single_client_tasks_sync",
            "perf_metric_type": "THROUGHPUT",
            "perf_metric_value": 821.7242249574133
        },
        {
            "perf_metric_name": "single_client_tasks_async",
            "perf_metric_type": "THROUGHPUT",
            "perf_metric_value": 7914.550524761689
        },
        {
            "perf_metric_name": "multi_client_tasks_async",
            "perf_metric_type": "THROUGHPUT",
            "perf_metric_value": 4380.675445374336
        },
        {
            "perf_metric_name": "1_1_actor_calls_sync",
            "perf_metric_type": "THROUGHPUT",
            "perf_metric_value": 2100.2077559510417
        },
        {
            "perf_metric_name": "1_1_actor_calls_async",
            "perf_metric_type": "THROUGHPUT",
            "perf_metric_value": 9031.717791623294
        },
        {
            "perf_metric_name": "1_1_actor_calls_concurrent",
            "perf_metric_type": "THROUGHPUT",
            "perf_metric_value": 5674.648008482862
        },
        {
            "perf_metric_name": "1_n_actor_calls_async",
            "perf_metric_type": "THROUGHPUT",
            "perf_metric_value": 8884.115379043567
        },
        {
            "perf_metric_name": "n_n_actor_calls_async",
            "perf_metric_type": "THROUGHPUT",
            "perf_metric_value": 26066.334327455046
        },
        {
            "perf_metric_name": "n_n_actor_calls_with_arg_async",
            "perf_metric_type": "THROUGHPUT",
            "perf_metric_value": 2625.3114806038075
        },
        {
            "perf_metric_name": "1_1_async_actor_calls_sync",
            "perf_metric_type": "THROUGHPUT",
            "perf_metric_value": 1344.1591739622095
        },
        {
            "perf_metric_name": "1_1_async_actor_calls_async",
            "perf_metric_type": "THROUGHPUT",
            "perf_metric_value": 3559.7058767231556
        },
        {
            "perf_metric_name": "1_1_async_actor_calls_with_args_async",
            "perf_metric_type": "THROUGHPUT",
            "perf_metric_value": 2584.460785144293
        },
        {
            "perf_metric_name": "1_n_async_actor_calls_async",
            "perf_metric_type": "THROUGHPUT",
            "perf_metric_value": 7610.6877946166605
        },
        {
            "perf_metric_name": "n_n_async_actor_calls_async",
            "perf_metric_type": "THROUGHPUT",
            "perf_metric_value": 22473.36680019349
        },
        {
            "perf_metric_name": "placement_group_create/removal",
            "perf_metric_type": "THROUGHPUT",
            "perf_metric_value": 871.318654044455
        },
        {
            "perf_metric_name": "client__get_calls",
            "perf_metric_type": "THROUGHPUT",
            "perf_metric_value": 1052.0806198982318
        },
        {
            "perf_metric_name": "client__put_calls",
            "perf_metric_type": "THROUGHPUT",
            "perf_metric_value": 841.9202869949634
        },
        {
            "perf_metric_name": "client__put_gigabytes",
            "perf_metric_type": "THROUGHPUT",
            "perf_metric_value": 0.13121585960885135
        },
        {
            "perf_metric_name": "client__tasks_and_put_batch",
            "perf_metric_type": "THROUGHPUT",
            "perf_metric_value": 11892.666392463261
        },
        {
            "perf_metric_name": "client__1_1_actor_calls_sync",
            "perf_metric_type": "THROUGHPUT",
            "perf_metric_value": 491.0521520633998
        },
        {
            "perf_metric_name": "client__1_1_actor_calls_async",
            "perf_metric_type": "THROUGHPUT",
            "perf_metric_value": 916.2659145904904
        },
        {
            "perf_metric_name": "client__1_1_actor_calls_concurrent",
            "perf_metric_type": "THROUGHPUT",
            "perf_metric_value": 881.8820523473596
        },
        {
            "perf_metric_name": "client__tasks_and_get_batch",
            "perf_metric_type": "THROUGHPUT",
            "perf_metric_value": 0.9228165417546772
        }
    ],
    "placement_group_create/removal": [
        871.318654044455,
        3.7346713437660473
    ],
    "single_client_get_calls_Plasma_Store": [
        10447.993136996853,
        83.07185815932432
    ],