{
    "1_1_actor_calls_async": [
        8663.654839458402,
        182.98906836658583
    ],
    "1_1_actor_calls_concurrent": [
        5775.020315522301,
        166.03207664123752
    ],
    "1_1_actor_calls_sync": [
        2011.916260420167,
        34.20258828426277
    ],
    "1_1_async_actor_calls_async": [
        4259.771844696956,
        244.58821485834815
    ],
    "1_1_async_actor_calls_sync": [
        1459.7289131365046,
        14.372300668103277
    ],
    "1_1_async_actor_calls_with_args_async": [
        2836.298297310687,
        165.56556787435736
    ],
    "1_n_actor_calls_async": [
        8038.166251679982,
        223.66382715772104
    ],
    "1_n_async_actor_calls_async": [
        7382.681881276498,
        130.69555045858203
    ],
    "client__1_1_actor_calls_async": [
        1098.863141897179,
        11.579112801667774
    ],
    "client__1_1_actor_calls_concurrent": [
        1085.0288964711467,
        4.148700210547401
    ],
    "client__1_1_actor_calls_sync": [
        537.8164788509748,
        4.282391401398279
    ],
    "client__get_calls": [
        1159.3513798913632,
        25.153079890432657
    ],
    "client__put_calls": [
        817.4136861603523,
        35.13575238987404
    ],
    "client__put_gigabytes": [
        0.1559990403715773,
        0.0006899703405647251
    ],
    "client__tasks_and_get_batch": [
        1.009944931213749,
        0.0320718636380897
    ],
    "client__tasks_and_put_batch": [
        14560.030073574557,
        146.72299114824276
    ],
    "multi_client_put_calls_Plasma_Store": [
        16526.35985553258,
        400.3514368958908
    ],
    "multi_client_put_gigabytes": [
        38.137310138893675,
        1.3860853941620797
    ],
    "multi_client_tasks_async": [
        21229.843138559452,
        1404.0869837056882
    ],
    "n_n_actor_calls_async": [
        27375.624367126635,
        674.8368191945152
    ],
    "n_n_actor_calls_with_arg_async": [
        2759.3212097473174,
        60.45186810112816
    ],
    "n_n_async_actor_calls_async": [
        23674.50106467489,
        547.7052271058876
    ],
    "perf_metrics": [
        {
            "perf_metric_name": "single_client_get_calls_Plasma_Store",
            "perf_metric_type": "THROUGHPUT",
            "perf_metric_value": 10620.405550394937
        },
        {
            "perf_metric_name": "single_client_put_calls_Plasma_Store",
            "perf_metric_type": "THROUGHPUT",
            "perf_metric_value": 5173.290112206238
        },
        {
            "perf_metric_name": "multi_client_put_calls_Plasma_Store",
            "perf_metric_type": "THROUGHPUT",
            "perf_metric_value": 16526.35985553258
        },
        {
            "perf_metric_name": "single_client_put_gigabytes",
            "perf_metric_type": "THROUGHPUT",
            "perf_metric_value": 19.85639156989914
        },
        {
            "perf_metric_name": "single_client_tasks_and_get_batch",
            "perf_metric_type": "THROUGHPUT",
            "perf_metric_value": 5.800654754787365
        },
        {
            "perf_metric_name": "multi_client_put_gigabytes",
            "perf_metric_type": "THROUGHPUT",
            "perf_metric_value": 38.137310138893675
        },
        {
            "perf_metric_name": "single_client_get_object_containing_10k_refs",
            "perf_metric_type": "THROUGHPUT",
            "perf_metric_value": 13.371722002108683
        },
        {
            "perf_metric_name": "single_client_wait_1k_refs",
            "perf_metric_type": "THROUGHPUT",
            "perf_metric_value": 5.079952667320649
        },
        {
            "perf_metric_name": "single_client_tasks_sync",
            "perf_metric_type": "THROUGHPUT",
            "perf_metric_value": 980.7121217208985
        },
        {
            "perf_metric_name": "single_client_tasks_async",
            "perf_metric_type": "THROUGHPUT",
            "perf_metric_value": 8040.530786886751
        },
        {
            "perf_metric_name": "multi_client_tasks_async",
            "perf_metric_type": "THROUGHPUT",
            "perf_metric_value": 21229.843138559452
        },
        {
            "perf_metric_name": "1_1_actor_calls_sync",
            "perf_metric_type": "THROUGHPUT",
            "perf_metric_value": 2011.916260420167
        },
        {
            "perf_metric_name": "1_1_actor_calls_async",
            "perf_metric_type": "THROUGHPUT",
            "perf_metric_value": 8663.654839458402
        },
        {
            "perf_metric_name": "1_1_actor_calls_concurrent",
            "perf_metric_type": "THROUGHPUT",
            "perf_metric_value": 5775.020315522301
        },
        {
            "perf_metric_name": "1_n_actor_calls_async",
            "perf_metric_type": "THROUGHPUT",
            "perf_metric_value": 8038.166251679982
        },
        {
            "perf_metric_name": "n_n_actor_calls_async",
            "perf_metric_type": "THROUGHPUT",
            "perf_metric_value": 27375.624367126635
        },
        {
            "perf_metric_name": "n_n_actor_calls_with_arg_async",
            "perf_metric_type": "THROUGHPUT",
            "perf_metric_value": 2759.3212097473174
        },
        {
            "perf_metric_name": "1_1_async_actor_calls_sync",
            "perf_metric_type": "THROUGHPUT",
            "perf_metric_value": 1459.7289131365046
        },
        {
            "perf_metric_name": "1_1_async_actor_calls_async",
            "perf_metric_type": "THROUGHPUT",
            "perf_metric_value": 4259.771844696956
        },
        {
            "perf_metric_name": "1_1_async_actor_calls_with_args_async",
            "perf_metric_type": "THROUGHPUT",
            "perf_metric_value": 2836.298297310687
        },
        {
            "perf_metric_name": "1_n_async_actor_calls_async",
            "perf_metric_type": "THROUGHPUT",
            "perf_metric_value": 7382.681881276498
        },
        {
            "perf_metric_name": "n_n_async_actor_calls_async",
            "perf_metric_type": "THROUGHPUT",
            "perf_metric_value": 23674.50106467489
        },
        {
            "perf_metric_name": "placement_group_create/removal",
            "perf_metric_type": "THROUGHPUT",
            "perf_metric_value": 764.5677165695956
        },
        {
            "perf_metric_name": "client__get_calls",
            "perf_metric_type": "THROUGHPUT",
            "perf_metric_value": 1159.3513798913632
        },
        {
            "perf_metric_name": "client__put_calls",
            "perf_metric_type": "THROUGHPUT",
            "perf_metric_value": 817.4136861603523
        },
        {
            "perf_metric_name": "client__put_gigabytes",
            "perf_metric_type": "THROUGHPUT",
            "perf_metric_value": 0.1559990403715773
        },
        {
            "perf_metric_name": "client__tasks_and_put_batch",
            "perf_metric_type": "THROUGHPUT",
            "perf_metric_value": 14560.030073574557
        },
        {
            "perf_metric_name": "client__1_1_actor_calls_sync",
            "perf_metric_type": "THROUGHPUT",
            "perf_metric_value": 537.8164788509748
        },
        {
            "perf_metric_name": "client__1_1_actor_calls_async",
            "perf_metric_type": "THROUGHPUT",
            "perf_metric_value": 1098.863141897179
        },
        {
            "perf_metric_name": "client__1_1_actor_calls_concurrent",
            "perf_metric_type": "THROUGHPUT",
            "perf_metric_value": 1085.0288964711467
        },
        {
            "perf_metric_name": "client__tasks_and_get_batch",
            "perf_metric_type": "THROUGHPUT",
            "perf_metric_value": 1.009944931213749
        }
    ],
    "placement_group_create/removal": [
        764.5677165695956,
        11.50741876717501
    ],