{
    "1_1_actor_calls_async": [
        7830.666642773724,
        245.64382422881542
    ],
    "1_1_actor_calls_concurrent": [
        4936.750311376929,
        138.5095736559125
    ],
    "1_1_actor_calls_sync": [
        2225.1717078621195,
        37.9153553202943
    ],
    "1_1_async_actor_calls_async": [
        3165.1875456748035,
        129.29896786585888
    ],
    "1_1_async_actor_calls_sync": [
        1554.3576799824737,
        26.822708659923318
    ],
    "1_1_async_actor_calls_with_args_async": [
        2056.0199695381557,
        98.53086237660722
    ],
    "1_n_actor_calls_async": [
        11500.9376252061,
        132.66344137297682
    ],
    "1_n_async_actor_calls_async": [
        10657.217652630428,
        41.05091480202517
    ],
    "client__1_1_actor_calls_async": [
        967.2800242296755,
        17.700179271340623
    ],
    "client__1_1_actor_calls_concurrent": [
        968.9686716673139,
        10.358916378885004
    ],
    "client__1_1_actor_calls_sync": [
        519.2782853231099,
        12.252153796519812
    ],
    "client__get_calls": [
        1162.8504787948784,
        21.22952885788177
    ],
    "client__put_calls": [
        849.5430854908141,
        24.115713178938016
    ],
    "client__put_gigabytes": [
        0.044518845277893224,
        0.0010110974291947334
    ],
    "client__tasks_and_get_batch": [
        0.8566847763883105,
        0.022123627405391044
    ],
    "client__tasks_and_put_batch": [
        11118.467947831316,
        178.18289408255242
    ],
    "multi_client_put_calls_Plasma_Store": [
        11747.397907534956,
        334.7951123040761
    ],
    "multi_client_put_gigabytes": [
        28.65241394156643,
        2.312499724082694
    ],
    "multi_client_tasks_async": [
        28663.002230595463,
        1883.4782249996342
    ],
    "n_n_actor_calls_async": [
        30167.775419929545,
        852.1049162125247
    ],
    "n_n_actor_calls_with_arg_async": [
        2346.411202494881,
        58.00890928844872
    ],
    "n_n_async_actor_calls_async": [
        26187.635249245624,
        468.1369567596523
    ],
    "perf_metrics": [
        {
            "perf_metric_name": "single_client_get_calls_Plasma_Store",
            "perf_metric_type": "THROUGHPUT",
            "perf_metric_value": 6611.926293582854
        },
        {
            "perf_metric_name": "single_client_put_calls_Plasma_Store",
            "perf_metric_type": "THROUGHPUT",
            "perf_metric_value": 5911.698223931259
        },
        {
            "perf_metric_name": "multi_client_put_calls_Plasma_Store",
            "perf_metric_type": "THROUGHPUT",
            "perf_metric_value": 11747.397907534956
        },
        {
            "perf_metric_name": "single_client_put_gigabytes",
            "perf_metric_type": "THROUGHPUT",
            "perf_metric_value": 18.914858444869946
        },
        {
            "perf_metric_name": "single_client_tasks_and_get_batch",
            "perf_metric_type": "THROUGHPUT",
            "perf_metric_value": 10.773656085711398
        },
        {
            "perf_metric_name": "multi_client_put_gigabytes",
            "perf_metric_type": "THROUGHPUT",
            "perf_metric_value": 28.65241394156643
        },
        {
            "perf_metric_name": "single_client_get_object_containing_10k_refs",
            "perf_metric_type": "THROUGHPUT",
            "perf_metric_value": 14.235078290083134
        },
        {
            "perf_metric_name": "single_client_wait_1k_refs",
            "perf_metric_type": "THROUGHPUT",
            "perf_metric_value": 5.552637050331425
        },
        {
            "perf_metric_name": "single_client_tasks_sync",
            "perf_metric_type": "THROUGHPUT",
            "perf_metric_value": 1268.800426965035
        },
        {
            "perf_metric_name": "single_client_tasks_async",
            "perf_metric_type": "THROUGHPUT",
            "perf_metric_value": 10630.550516383311
        },
        {
            "perf_metric_name": "multi_client_tasks_async",
            "perf_metric_type": "THROUGHPUT",
            "perf_metric_value": 28663.002230595463
        },
        {
            "perf_metric_name": "1_1_actor_calls_sync",
            "perf_metric_type": "THROUGHPUT",
            "perf_metric_value": 2225.1717078621195
        },
        {
            "perf_metric_name": "1_1_actor_calls_async",
            "perf_metric_type": "THROUGHPUT",
            "perf_metric_value": 7830.666642773724
        },
        {
            "perf_metric_name": "1_1_actor_calls_concurrent",
            "perf_metric_type": "THROUGHPUT",
            "perf_metric_value": 4936.750311376929
        },
        {
            "perf_metric_name": "1_n_actor_calls_async",
            "perf_metric_type": "THROUGHPUT",
            "perf_metric_value": 11500.9376252061
        },
        {
            "perf_metric_name": "n_n_actor_calls_async",
            "perf_metric_type": "THROUGHPUT",
            "perf_metric_value": 30167.775419929545
        },
        {
            "perf_metric_name": "n_n_actor_calls_with_arg_async",
            "perf_metric_type": "THROUGHPUT",
            "perf_metric_value": 2346.411202494881
        },
        {
            "perf_metric_name": "1_1_async_actor_calls_sync",
            "perf_metric_type": "THROUGHPUT",
            "perf_metric_value": 1554.3576799824737
        },
        {
            "perf_metric_name": "1_1_async_actor_calls_async",
            "perf_metric_type": "THROUGHPUT",
            "perf_metric_value": 3165.1875456748035
        },
        {
            "perf_metric_name": "1_1_async_actor_calls_with_args_async",
            "perf_metric_type": "THROUGHPUT",
            "perf_metric_value": 2056.0199695381557
        },
        {
            "perf_metric_name": "1_n_async_actor_calls_async",
            "perf_metric_type": "THROUGHPUT",
            "perf_metric_value": 10657.217652630428
        },
        {
            "perf_metric_name": "n_n_async_actor_calls_async",
            "perf_metric_type": "THROUGHPUT",
            "perf_metric_value": 26187.635249245624
        },
        {
            "perf_metric_name": "placement_group_create/removal",
            "perf_metric_type": "THROUGHPUT",
            "perf_metric_value": 1036.1720107751719
        },
        {
            "perf_metric_name": "client__get_calls",
            "perf_metric_type": "THROUGHPUT",
            "perf_metric_value": 1162.8504787948784
        },
        {
            "perf_metric_name": "client__put_calls",
            "perf_metric_type": "THROUGHPUT",
            "perf_metric_value": 849.5430854908141
        },
        {
            "perf_metric_name": "client__put_gigabytes",
            "perf_metric_type": "THROUGHPUT",
            "perf_metric_value": 0.044518845277893224
        },
        {
            "perf_metric_name": "client__tasks_and_put_batch",
            "perf_metric_type": "THROUGHPUT",
            "perf_metric_value": 11118.467947831316
        },
        {
            "perf_metric_name": "client__1_1_actor_calls_sync",
            "perf_metric_type": "THROUGHPUT",
            "perf_metric_value": 519.2782853231099
        },
        {
            "perf_metric_name": "client__1_1_actor_calls_async",
            "perf_metric_type": "THROUGHPUT",
            "perf_metric_value": 967.2800242296755
        },
        {
            "perf_metric_name": "client__1_1_actor_calls_concurrent",
            "perf_metric_type": "THROUGHPUT",
            "perf_metric_value": 968.9686716673139
        },
        {
            "perf_metric_name": "client__tasks_and_get_batch",
            "perf_metric_type": "THROUGHPUT",
            "perf_metric_value": 0.8566847763883105
        }
    ],
    "placement_group_create/removal": [
        1036.1720107751719,
        7.91979769320622
    ],