{
    "1_1_actor_calls_async": [
        6891.810983940368,
        158.90447500223524
    ],
    "1_1_actor_calls_concurrent": [
        4600.118710434536,
        185.68090874199228
    ],
    "1_1_actor_calls_sync": [
        2124.9132137079505,
        95.76505353572665
    ],
    "1_1_async_actor_calls_async": [
        2938.3869503327624,
        211.3601552693039
    ],
    "1_1_async_actor_calls_sync": [
        1485.131572774145,
        5.900809744936613
    ],
    "1_1_async_actor_calls_with_args_async": [
        2135.7604313398756,
        87.7178518172901
    ],
    "1_n_actor_calls_async": [
        10264.35850171556,
        523.0041873281805
    ],
    "1_n_async_actor_calls_async": [
        9558.899002308037,
        50.371006779937524
    ],
    "client__1_1_actor_calls_async": [
        945.3308717388207,
        9.80963377810469
    ],
    "client__1_1_actor_calls_concurrent": [
        950.2416789794908,
        10.613602385349074
    ],
    "client__1_1_actor_calls_sync": [
        511.642935750412,
        6.1916675846126195
    ],
    "client__get_calls": [
        1093.4303789307519,
        55.85058477806556
    ],
    "client__put_calls": [
        829.8430791435788,
        18.33042696296652
    ],
    "client__put_gigabytes": [
        0.04578746799093541,
        0.0005704600065999942
    ],
    "client__tasks_and_get_batch": [
        0.853905298196734,
        0.015280693558557957
    ],
    "client__tasks_and_put_batch": [
        10616.102176334804,
        71.01626299968487
    ],
    "multi_client_put_calls_Plasma_Store": [
        11839.11215023034,
        337.36863768436444
    ],
    "multi_client_put_gigabytes": [
        37.12054483662857,
        2.299083324936217
    ],
    "multi_client_tasks_async": [
        24894.461452735395,
        507.6419588250048
    ],
    "n_n_actor_calls_async": [
        29179.56691260244,
        866.0137201858089
    ],
    "n_n_actor_calls_with_arg_async": [
        2728.7063897979388,
        26.44382679940674
    ],
    "n_n_async_actor_calls_async": [
        24203.919719797126,
        371.9666452863952
    ],
    "perf_metrics": [
        {
            "perf_metric_name": "single_client_get_calls_Plasma_Store",
            "perf_metric_type": "THROUGHPUT",
            "perf_metric_value": 6752.1289146397485
        },
        {
            "perf_metric_name": "single_client_put_calls_Plasma_Store",
            "perf_metric_type": "THROUGHPUT",
            "perf_metric_value": 5635.808769325
        },
        {
            "perf_metric_name": "multi_client_put_calls_Plasma_Store",
            "perf_metric_type": "THROUGHPUT",
            "perf_metric_value": 11839.11215023034
        },
        {
            "perf_metric_name": "single_client_put_gigabytes",
            "perf_metric_type": "THROUGHPUT",
            "perf_metric_value": 18.22158388450479
        },
        {
            "perf_metric_name": "single_client_tasks_and_get_batch",
            "perf_metric_type": "THROUGHPUT",
            "perf_metric_value": 9.84148376315661
        },
        {
            "perf_metric_name": "multi_client_put_gigabytes",
            "perf_metric_type": "THROUGHPUT",
            "perf_metric_value": 37.12054483662857
        },
        {
            "perf_metric_name": "single_client_get_object_containing_10k_refs",
            "perf_metric_type": "THROUGHPUT",
            "perf_metric_value": 14.155223981622498
        },
        {
            "perf_metric_name": "single_client_wait_1k_refs",
            "perf_metric_type": "THROUGHPUT",
            "perf_metric_value": 5.244999881215876
        },
        {
            "perf_metric_name": "single_client_tasks_sync",
            "perf_metric_type": "THROUGHPUT",
            "perf_metric_value": 1200.8853386364904
        },
        {
            "perf_metric_name": "single_client_tasks_async",
            "perf_metric_type": "THROUGHPUT",
            "perf_metric_value": 9992.216255226114
        },
        {
            "perf_metric_name": "multi_client_tasks_async",
            "perf_metric_type": "THROUGHPUT",
            "perf_metric_value": 24894.461452735395
        },
        {
            "perf_metric_name": "1_1_actor_calls_sync",
            "perf_metric_type": "THROUGHPUT",
            "perf_metric_value": 2124.9132137079505
        },
        {
            "perf_metric_name": "1_1_actor_calls_async",
            "perf_metric_type": "THROUGHPUT",
            "perf_metric_value": 6891.810983940368
        },
        {
            "perf_metric_name": "1_1_actor_calls_concurrent",
            "perf_metric_type": "THROUGHPUT",
            "perf_metric_value": 4600.118710434536
        },
        {
            "perf_metric_name": "1_n_actor_calls_async",
            "perf_metric_type": "THROUGHPUT",
            "perf_metric_value": 10264.35850171556
        },
        {
            "perf_metric_name": "n_n_actor_calls_async",
            "perf_metric_type": "THROUGHPUT",
            "perf_metric_value": 29179.56691260244
        },
        {
            "perf_metric_name": "n_n_actor_calls_with_arg_async",
            "perf_metric_type": "THROUGHPUT",
            "perf_metric_value": 2728.7063897979388
        },
        {
            "perf_metric_name": "1_1_async_actor_calls_sync",
            "perf_metric_type": "THROUGHPUT",
            "perf_metric_value": 1485.131572774145
        },
        {
            "perf_metric_name": "1_1_async_actor_calls_async",
            "perf_metric_type": "THROUGHPUT",
            "perf_metric_value": 2938.3869503327624
        },
        {
            "perf_metric_name": "1_1_async_actor_calls_with_args_async",
            "perf_metric_type": "THROUGHPUT",
            "perf_metric_value": 2135.7604313398756
        },
        {
            "perf_metric_name": "1_n_async_actor_calls_async",
            "perf_metric_type": "THROUGHPUT",
            "perf_metric_value": 9558.899002308037
        },
        {
            "perf_metric_name": "n_n_async_actor_calls_async",
            "perf_metric_type": "THROUGHPUT",
            "perf_metric_value": 24203.919719797126
        },
        {
            "perf_metric_name": "placement_group_create/removal",
            "perf_metric_type": "THROUGHPUT",
            "perf_metric_value": 995.3026814101579
        },
        {
            "perf_metric_name": "client__get_calls",
            "perf_metric_type": "THROUGHPUT",
            "perf_metric_value": 1093.4303789307519
        },
        {
            "perf_metric_name": "client__put_calls",
            "perf_metric_type": "THROUGHPUT",
            "perf_metric_value": 829.8430791435788
        },
        {
            "perf_metric_name": "client__put_gigabytes",
            "perf_metric_type": "THROUGHPUT",
            "perf_metric_value": 0.04578746799093541
        },
        {
            "perf_metric_name": "client__tasks_and_put_batch",
            "perf_metric_type": "THROUGHPUT",
            "perf_metric_value": 10616.102176334804
        },
        {
            "perf_metric_name": "client__1_1_actor_calls_sync",
            "perf_metric_type": "THROUGHPUT",
            "perf_metric_value": 511.642935750412
        },
        {
            "perf_metric_name": "client__1_1_actor_calls_async",
            "perf_metric_type": "THROUGHPUT",
            "perf_metric_value": 945.3308717388207
        },
        {
            "perf_metric_name": "client__1_1_actor_calls_concurrent",
            "perf_metric_type": "THROUGHPUT",
            "perf_metric_value": 950.2416789794908
        },
        {
            "perf_metric_name": "client__tasks_and_get_batch",
            "perf_metric_type": "THROUGHPUT",
            "perf_metric_value": 0.853905298196734
        }
    ],
    "placement_group_create/removal": [
        995.3026814101579,
        14.830064924444647
    ],
    "single_client_get_calls_Plasma_Store": [
        6752.1289146397485,
        666.7266307295981
    ],