{
    "1_1_actor_calls_async": [
        6603.200317238264,
        2218.137181183538
    ],
    "1_1_actor_calls_concurrent": [
        3124.007927317338,
        1494.3138348991065
    ],
    "1_1_actor_calls_sync": [
        1605.7883392118695,
        685.8909576944413
    ],
    "1_1_async_actor_calls_async": [
        2430.195577088896,
        474.47615288591084
    ],
    "1_1_async_actor_calls_sync": [
        1370.1236858519012,
        246.28844460434723
    ],
    "1_1_async_actor_calls_with_args_async": [
        1839.403069218488,
        329.0586129715404
    ],
    "1_n_actor_calls_async": [
        4216.1956016488875,
        618.7779926249792
    ],
    "1_n_async_actor_calls_async": [
        4554.997004632587,
        256.17599297602584
    ],
    "client__1_1_actor_calls_async": [
        932.2499128069848,
        2.2276572883155437
    ],
    "client__1_1_actor_calls_concurrent": [
        937.3395887125336,
        10.857112939609728
    ],
    "client__1_1_actor_calls_sync": [
        515.9306404164186,
        7.587212221596514
    ],
    "client__get_calls": [
        1011.1364846398724,
        17.35692785488502
    ],
    "client__put_calls": [
        809.5020062179915,
        17.116748586507967
    ],
    "client__put_gigabytes": [
        0.045813653782276295,
        0.0004290396634139891
    ],
    "client__tasks_and_get_batch": [
        0.8503468787789072,
        0.016412544428103425
    ],
    "client__tasks_and_put_batch": [
        10612.614693986387,
        94.6163037430862
    ],
    "multi_client_put_calls_Plasma_Store": [
        11896.491262637974,
        204.3218944399323
    ],
    "multi_client_put_gigabytes": [
        34.073689175702974,
        5.749626456977138
    ],
    "multi_client_tasks_async": [
        21176.257327942665,
        3388.523735209287
    ],
    "n_n_actor_calls_async": [
        27866.91609078389,
        3438.6846560058884
    ],
    "n_n_actor_calls_with_arg_async": [
        2489.8317342772766,
        61.4451903084773
    ],
    "n_n_async_actor_calls_async": [
        25442.363338927644,
        699.2665637409751
    ],
    "perf_metrics": [
        {
            "perf_metric_name": "single_client_get_calls_Plasma_Store",
            "perf_metric_type": "THROUGHPUT",
            "perf_metric_value": 6108.750327757198
        },
        {
            "perf_metric_name": "single_client_put_calls_Plasma_Store",
            "perf_metric_type": "THROUGHPUT",
            "perf_metric_value": 5767.150169365295
        },
        {
            "perf_metric_name": "multi_client_put_calls_Plasma_Store",
            "perf_metric_type": "THROUGHPUT",
            "perf_metric_value": 11896.491262637974
        },
        {
            "perf_metric_name": "single_client_put_gigabytes",
            "perf_metric_type": "THROUGHPUT",
            "perf_metric_value": 19.869172610322785
        },
        {
            "perf_metric_name": "single_client_tasks_and_get_batch",
            "perf_metric_type": "THROUGHPUT",
            "perf_metric_value": 9.498639339301928
        },
        {
            "perf_metric_name": "multi_client_put_gigabytes",
            "perf_metric_type": "THROUGHPUT",
            "perf_metric_value": 34.073689175702974
        },
        {
            "perf_metric_name": "single_client_get_object_containing_10k_refs",
            "perf_metric_type": "THROUGHPUT",
            "perf_metric_value": 12.909820242369051
        },
        {
            "perf_metric_name": "single_client_wait_1k_refs",
            "perf_metric_type": "THROUGHPUT",
            "perf_metric_value": 4.782050091785971
        },
        {
            "perf_metric_name": "single_client_tasks_sync",
            "perf_metric_type": "THROUGHPUT",
            "perf_metric_value": 973.8297488772558
        },
        {
            "perf_metric_name": "single_client_tasks_async",
            "perf_metric_type": "THROUGHPUT",
            "perf_metric_value": 8864.793844975473
        },
        {
            "perf_metric_name": "multi_client_tasks_async",
            "perf_metric_type": "THROUGHPUT",
            "perf_metric_value": 21176.257327942665
        },
        {
            "perf_metric_name": "1_1_actor_calls_sync",
            "perf_metric_type": "THROUGHPUT",
            "perf_metric_value": 1605.7883392118695
        },
        {
            "perf_metric_name": "1_1_actor_calls_async",
            "perf_metric_type": "THROUGHPUT",
            "perf_metric_value": 6603.200317238264
        },
        {
            "perf_metric_name": "1_1_actor_calls_concurrent",
            "perf_metric_type": "THROUGHPUT",
            "perf_metric_value": 3124.007927317338
        },
        {
            "perf_metric_name": "1_n_actor_calls_async",
            "perf_metric_type": "THROUGHPUT",
            "perf_metric_value": 4216.1956016488875
        },
        {
            "perf_metric_name": "n_n_actor_calls_async",
            "perf_metric_type": "THROUGHPUT",
            "perf_metric_value": 27866.91609078389
        },
        {
            "perf_metric_name": "n_n_actor_calls_with_arg_async",
            "perf_metric_type": "THROUGHPUT",
            "perf_metric_value": 2489.8317342772766
        },
        {
            "perf_metric_name": "1_1_async_actor_calls_sync",
            "perf_metric_type": "THROUGHPUT",
            "perf_metric_value": 1370.1236858519012
        },
        {
            "perf_metric_name": "1_1_async_actor_calls_async",
            "perf_metric_type": "THROUGHPUT",
            "perf_metric_value": 2430.195577088896
        },
        {
            "perf_metric_name": "1_1_async_actor_calls_with_args_async",
            "perf_metric_type": "THROUGHPUT",
            "perf_metric_value": 1839.403069218488
        },
        {
            "perf_metric_name": "1_n_async_actor_calls_async",
            "perf_metric_type": "THROUGHPUT",
            "perf_metric_value": 4554.997004632587
        },
        {
            "perf_metric_name": "n_n_async_actor_calls_async",
            "perf_metric_type": "THROUGHPUT",
            "perf_metric_value": 25442.363338927644
        },
        {
            "perf_metric_name": "placement_group_create/removal",
            "perf_metric_type": "THROUGHPUT",
            "perf_metric_value": 995.4337136776825
        },
        {
            "perf_metric_name": "client__get_calls",
            "perf_metric_type": "THROUGHPUT",
            "perf_metric_value": 1011.1364846398724
        },
        {
            "perf_metric_name": "client__put_calls",
            "perf_metric_type": "THROUGHPUT",
            "perf_metric_value": 809.5020062179915
        },
        {
            "perf_metric_name": "client__put_gigabytes",
            "perf_metric_type": "THROUGHPUT",
            "perf_metric_value": 0.045813653782276295
        },
        {
            "perf_metric_name": "client__tasks_and_put_batch",
            "perf_metric_type": "THROUGHPUT",
            "perf_metric_value": 10612.614693986387
        },
        {
            "perf_metric_name": "client__1_1_actor_calls_sync",
            "perf_metric_type": "THROUGHPUT",
            "perf_metric_value": 515.9306404164186
        },
        {
            "perf_metric_name": "client__1_1_actor_calls_async",
            "perf_metric_type": "THROUGHPUT",
            "perf_metric_value": 932.2499128069848
        },
        {
            "perf_metric_name": "client__1_1_actor_calls_concurrent",
            "perf_metric_type": "THROUGHPUT",
            "perf_metric_value": 937.3395887125336
        },
        {
            "perf_metric_name": "client__tasks_and_get_batch",
            "perf_metric_type": "THROUGHPUT",
            "perf_metric_value": 0.8503468787789072
        }
    ],
    "placement_group_create/removal": [
        995.4337136776825,
        6.1584001385895295
    ],