{
    "1_1_actor_calls_async": [
        6950.309044188636,
        1767.1928324122027
    ],
    "1_1_actor_calls_concurrent": [
        3845.4307017030883,
        912.4798621105906
    ],
    "1_1_actor_calls_sync": [
        1895.1826839650737,
        556.3253862780592
    ],
    "1_1_async_actor_calls_async": [
        2987.6935064625145,
        607.1637476384009
    ],
    "1_1_async_actor_calls_sync": [
        1375.3347579969973,
        233.6060622196517
    ],
    "1_1_async_actor_calls_with_args_async": [
        1974.7614718203085,
        438.55985481026715
    ],
    "1_n_actor_calls_async": [
        4567.333584384749,
        749.8516966262338
    ],
    "1_n_async_actor_calls_async": [
        3871.8303546442353,
        1222.677264913805
    ],
    "client__1_1_actor_calls_async": [
        940.1608091854366,
        11.444651975100273
    ],
    "client__1_1_actor_calls_concurrent": [
        938.1375161458836,
        16.027735868479464
    ],
    "client__1_1_actor_calls_sync": [
        513.6974442780996,
        2.1613699726251814
    ],
    "client__get_calls": [
        1126.9843359593763,
        14.836849749327287
    ],
    "client__put_calls": [
        838.4416631742166,
        36.35638183504375
    ],
    "client__put_gigabytes": [
        0.046054468206325194,
        0.0007743927852568935
    ],
    "client__tasks_and_get_batch": [
        0.8498386086707085,
        0.008639843182039307
    ],
    "client__tasks_and_put_batch": [
        10838.938245238483,
        94.27624050114248
    ],
    "multi_client_put_calls_Plasma_Store": [
        11864.890069070063,
        173.83456030724577
    ],
    "multi_client_put_gigabytes": [
        32.297592597613566,
        4.602286305500938
    ],
    "multi_client_tasks_async": [
        24388.235673741856,
        2875.6331659366097
    ],
    "n_n_actor_calls_async": [
        23861.853635616822,
        3004.430501253086
    ],
    "n_n_actor_calls_with_arg_async": [
        2539.392384949167,
        49.450812607445016
    ],
    "n_n_async_actor_calls_async": [
        23349.39968007501,
        1828.2322763072366
    ],
    "perf_metrics": [
        {
            "perf_metric_name": "single_client_get_calls_Plasma_Store",
            "perf_metric_type": "THROUGHPUT",
            "perf_metric_value": 5403.340357166397
        },
        {
            "perf_metric_name": "single_client_put_calls_Plasma_Store",
            "perf_metric_type": "THROUGHPUT",
            "perf_metric_value": 5570.884598806502
        },
        {
            "perf_metric_name": "multi_client_put_calls_Plasma_Store",
            "perf_metric_type": "THROUGHPUT",
            "perf_metric_value": 11864.890069070063
        },
        {
            "perf_metric_name": "single_client_put_gigabytes",
            "perf_metric_type": "THROUGHPUT",
            "perf_metric_value": 19.68909338175002
        },
        {
            "perf_metric_name": "single_client_tasks_and_get_batch",
            "perf_metric_type": "THROUGHPUT",
            "perf_metric_value": 7.734729483220359
        },
        {
            "perf_metric_name": "multi_client_put_gigabytes",
            "perf_metric_type": "THROUGHPUT",
            "perf_metric_value": 32.297592597613566
        },
        {
            "perf_metric_name": "single_client_get_object_containing_10k_refs",
            "perf_metric_type": "THROUGHPUT",
            "perf_metric_value": 12.143379797210303
        },
        {
            "perf_metric_name": "single_client_wait_1k_refs",
            "perf_metric_type": "THROUGHPUT",
            "perf_metric_value": 4.87658653544205
        },
        {
            "perf_metric_name": "single_client_tasks_sync",
            "perf_metric_type": "THROUGHPUT",
            "perf_metric_value": 1021.4266276252367
        },
        {
            "perf_metric_name": "single_client_tasks_async",
            "perf_metric_type": "THROUGHPUT",
            "perf_metric_value": 9793.42578856184
        },
        {
            "perf_metric_name": "multi_client_tasks_async",
            "perf_metric_type": "THROUGHPUT",
            "perf_metric_value": 24388.235673741856
        },
        {
            "perf_metric_name": "1_1_actor_calls_sync",
            "perf_metric_type": "THROUGHPUT",
            "perf_metric_value": 1895.1826839650737
        },
        {
            "perf_metric_name": "1_1_actor_calls_async",
            "perf_metric_type": "THROUGHPUT",
            "perf_metric_value": 6950.309044188636
        },
        {
            "perf_metric_name": "1_1_actor_calls_concurrent",
            "perf_metric_type": "THROUGHPUT",
            "perf_metric_value": 3845.4307017030883
        },
        {
            "perf_metric_name": "1_n_actor_calls_async",
            "perf_metric_type": "THROUGHPUT",
            "perf_metric_value": 4567.333584384749
        },
        {
            "perf_metric_name": "n_n_actor_calls_async",
            "perf_metric_type": "THROUGHPUT",
            "perf_metric_value": 23861.853635616822
        },
        {
            "perf_metric_name": "n_n_actor_calls_with_arg_async",
            "perf_metric_type": "THROUGHPUT",
            "perf_metric_value": 2539.392384949167
        },
        {
            "perf_metric_name": "1_1_async_actor_calls_sync",
            "perf_metric_type": "THROUGHPUT",
            "perf_metric_value": 1375.3347579969973
        },
        {
            "perf_metric_name": "1_1_async_actor_calls_async",
            "perf_metric_type": "THROUGHPUT",
            "perf_metric_value": 2987.6935064625145
        },
        {
            "perf_metric_name": "1_1_async_actor_calls_with_args_async",
            "perf_metric_type": "THROUGHPUT",
            "perf_metric_value": 1974.7614718203085
        },
        {
            "perf_metric_name": "1_n_async_actor_calls_async",
            "perf_metric_type": "THROUGHPUT",
            "perf_metric_value": 3871.8303546442353
        },
        {
            "perf_metric_name": "n_n_async_actor_calls_async",
            "perf_metric_type": "THROUGHPUT",
            "perf_metric_value": 23349.39968007501
        },
        {
            "perf_metric_name": "placement_group_create/removal",
            "perf_metric_type": "THROUGHPUT",
            "perf_metric_value": 977.68192525157
        },
        {
            "perf_metric_name": "client__get_calls",
            "perf_metric_type": "THROUGHPUT",
            "perf_metric_value": 1126.9843359593763
        },
        {
            "perf_metric_name": "client__put_calls",
            "perf_metric_type": "THROUGHPUT",
            "perf_metric_value": 838.4416631742166
        },
        {
            "perf_metric_name": "client__put_gigabytes",
            "perf_metric_type": "THROUGHPUT",
            "perf_metric_value": 0.046054468206325194
        },
        {
            "perf_metric_name": "client__tasks_and_put_batch",
            "perf_metric_type": "THROUGHPUT",
            "perf_metric_value": 10838.938245238483
        },
        {
            "perf_metric_name": "client__1_1_actor_calls_sync",
            "perf_metric_type": "THROUGHPUT",
            "perf_metric_value": 513.6974442780996
        },
        {
            "perf_metric_name": "client__1_1_actor_calls_async",
            "perf_metric_type": "THROUGHPUT",
            "perf_metric_value": 940.1608091854366
        },
        {
            "perf_metric_name": "client__1_1_actor_calls_concurrent",
            "perf_metric_type": "THROUGHPUT",
            "perf_metric_value": 938.1375161458836
        },
        {
            "perf_metric_name": "client__tasks_and_get_batch",
            "perf_metric_type": "THROUGHPUT",
            "perf_metric_value": 0.8498386086707085
        }
    ],
    "placement_group_create/removal": [
        977.68192525157,
        16.298490230940633
    ],