{
    "avg_iteration_time": 2.066628179550171,
    "max_iteration_time": 13.97415018081665,
    "min_iteration_time": 0.445157527923584,
    "perf_metrics": [
        {
            "perf_metric_name": "avg_iteration_time",
            "perf_metric_type": "LATENCY",
            "perf_metric_value": 2.066628179550171
        }
    ],
    "success": 1,
    "total_time": 206.66313886642456
}
