{
    "avg_iteration_time": 1.7811772108078003,
    "max_iteration_time": 11.537929058074951,
    "min_iteration_time": 0.13274645805358887,
    "perf_metrics": [
        {
            "perf_metric_name": "avg_iteration_time",
            "perf_metric_type": "LATENCY",
            "perf_metric_value": 1.7811772108078003
        }
    ],
    "success": 1,
    "total_time": 178.11798667907715
}
