{
    "1_1_actor_calls_async": [
        6303.495416674034,
        127.61857475096934
    ],
    "1_1_actor_calls_concurrent": [
        4643.127624106235,
        26.15691889855685
    ],
    "1_1_actor_calls_sync": [
        2292.0521240554867,
        49.67730630463093
    ],
    "1_1_async_actor_calls_async": [
        3520.7866511820234,
        144.66711445570607
    ],
    "1_1_async_actor_calls_sync": [
        1540.9621110632384,
        26.852382548336788
    ],
    "1_1_async_actor_calls_with_args_async": [
        2482.7467673102465,
        235.92931263724392
    ],
    "1_n_actor_calls_async": [
        11956.002041587353,
        135.79929253713422
    ],
    "1_n_async_actor_calls_async": [
        11243.062194952357,
        317.49092121968664
    ],
    "client__1_1_actor_calls_async": [
        951.4342830352992,
        9.757190101655269
    ],
    "client__1_1_actor_calls_concurrent": [
        943.817403100398,
        7.482045631696154
    ],
    "client__1_1_actor_calls_sync": [
        546.4884066643845,
        2.76006293195622
    ],
    "client__get_calls": [
        1176.4758507805825,
        7.713785640146038
    ],
    "client__put_calls": [
        839.8721108084437,
        34.66588611022296
    ],
    "client__put_gigabytes": [
        0.0453433760564245,
        0.00036863456775825215
    ],
    "client__tasks_and_get_batch": [
        0.8853716083224373,
        0.020227375558576004
    ],
    "client__tasks_and_put_batch": [
        9109.735067057867,
        89.08464775818196
    ],
    "multi_client_put_calls_Plasma_Store": [
        9662.197103077946,
        184.95923834781362
    ],
    "multi_client_put_gigabytes": [
        40.94456764236526,
        1.4646681109150272
    ],
    "multi_client_tasks_async": [
        33373.49615641964,
        2544.7390611956334
    ],
    "n_n_actor_calls_async": [
        35708.80231971852,
        968.9170774561776
    ],
    "n_n_actor_calls_with_arg_async": [
        2791.6970243974442,
        52.21972270856926
    ],
    "n_n_async_actor_calls_async": [
        29332.495657058756,
        592.4206189284164
    ],
    "perf_metrics": [
        {
            "perf_metric_name": "single_client_get_calls_Plasma_Store",
            "perf_metric_type": "THROUGHPUT",
            "perf_metric_value": 5241.340796051512
        },
        {
            "perf_metric_name": "single_client_put_calls_Plasma_Store",
            "perf_metric_type": "THROUGHPUT",
            "perf_metric_value": 5358.782981764023
        },
        {
            "perf_metric_name": "multi_client_put_calls_Plasma_Store",
            "perf_metric_type": "THROUGHPUT",
            "perf_metric_value": 9662.197103077946
        },
        {
            "perf_metric_name": "single_client_put_gigabytes",
            "perf_metric_type": "THROUGHPUT",
            "perf_metric_value": 19.497554057400833
        },
        {
            "perf_metric_name": "single_client_tasks_and_get_batch",
            "perf_metric_type": "THROUGHPUT",
            "perf_metric_value": 11.81594556449091
        },
        {
            "perf_metric_name": "multi_client_put_gigabytes",
            "perf_metric_type": "THROUGHPUT",
            "perf_metric_value": 40.94456764236526
        },
        {
            "perf_metric_name": "single_client_get_object_containing_10k_refs",
            "perf_metric_type": "THROUGHPUT",
            "perf_metric_value": 12.655681550185118
        },
        {
            "perf_metric_name": "single_client_tasks_sync",
            "perf_metric_type": "THROUGHPUT",
            "perf_metric_value": 1371.6957624458178
        },
        {
            "perf_metric_name": "single_client_tasks_async",
            "perf_metric_type": "THROUGHPUT",
            "perf_metric_value": 12051.784451227606
        },
        {
            "perf_metric_name": "multi_client_tasks_async",
            "perf_metric_type": "THROUGHPUT",
            "perf_metric_value": 33373.49615641964
        },
        {
            "perf_metric_name": "1_1_actor_calls_sync",
            "perf_metric_type": "THROUGHPUT",
            "perf_metric_value": 2292.0521240554867
        },
        {
            "perf_metric_name": "1_1_actor_calls_async",
            "perf_metric_type": "THROUGHPUT",
            "perf_metric_value": 6303.495416674034
        },
        {
            "perf_metric_name": "1_1_actor_calls_concurrent",
            "perf_metric_type": "THROUGHPUT",
            "perf_metric_value": 4643.127624106235
        },
        {
            "perf_metric_name": "1_n_actor_calls_async",
            "perf_metric_type": "THROUGHPUT",
            "perf_metric_value": 11956.002041587353
        },
        {
            "perf_metric_name": "n_n_actor_calls_async",
            "perf_metric_type": "THROUGHPUT",
            "perf_metric_value": 35708.80231971852
        },
        {
            "perf_metric_name": "n_n_actor_calls_with_arg_async",
            "perf_metric_type": "THROUGHPUT",
            "perf_metric_value": 2791.6970243974442
        },
        {
            "perf_metric_name": "1_1_async_actor_calls_sync",
            "perf_metric_type": "THROUGHPUT",
            "perf_metric_value": 1540.9621110632384
        },
        {
            "perf_metric_name": "1_1_async_actor_calls_async",
            "perf_metric_type": "THROUGHPUT",
            "perf_metric_value": 3520.7866511820234
        },
        {
            "perf_metric_name": "1_1_async_actor_calls_with_args_async",
            "perf_metric_type": "THROUGHPUT",
            "perf_metric_value": 2482.7467673102465
        },
        {
            "perf_metric_name": "1_n_async_actor_calls_async",
            "perf_metric_type": "THROUGHPUT",
            "perf_metric_value": 11243.062194952357
        },
        {
            "perf_metric_name": "n_n_async_actor_calls_async",
            "perf_metric_type": "THROUGHPUT",
            "perf_metric_value": 29332.495657058756
        },
        {
            "perf_metric_name": "placement_group_create/removal",
            "perf_metric_type": "THROUGHPUT",
            "perf_metric_value": 1002.5061654821467
        },
        {
            "perf_metric_name": "client__get_calls",
            "perf_metric_type": "THROUGHPUT",
            "perf_metric_value": 1176.4758507805825
        },
        {
            "perf_metric_name": "client__put_calls",
            "perf_metric_type": "THROUGHPUT",
            "perf_metric_value": 839.8721108084437
        },
        {
            "perf_metric_name": "client__put_gigabytes",
            "perf_metric_type": "THROUGHPUT",
            "perf_metric_value": 0.0453433760564245
        },
        {
            "perf_metric_name": "client__tasks_and_put_batch",
            "perf_metric_type": "THROUGHPUT",
            "perf_metric_value": 9109.735067057867
        },
        {
            "perf_metric_name": "client__1_1_actor_calls_sync",
            "perf_metric_type": "THROUGHPUT",
            "perf_metric_value": 546.4884066643845
        },
        {
            "perf_metric_name": "client__1_1_actor_calls_async",
            "perf_metric_type": "THROUGHPUT",
            "perf_metric_value": 951.4342830352992
        },
        {
            "perf_metric_name": "client__1_1_actor_calls_concurrent",
            "perf_metric_type": "THROUGHPUT",
            "perf_metric_value": 943.817403100398
        },
        {
            "perf_metric_name": "client__tasks_and_get_batch",
            "perf_metric_type": "THROUGHPUT",
            "perf_metric_value": 0.8853716083224373
        }
    ],
    "placement_group_create/removal": [
        1002.5061654821467,
        16.29915980577879
    ],
    "single_client_get_calls_Plasma_Store": [
        5241.340796051512,
        161.1135773918239
    ],
    "single_client_get_object_containing_10k_refs": [
        12.655681550185118,
        0.194638815074622
    ],