{
    "1_1_actor_calls_async": [
        8681.097305051546,
        490.18770918710817
    ],
    "1_1_actor_calls_concurrent": [
        5383.975975746732,
        127.01315115626578
    ],
    "1_1_actor_calls_sync": [
        2072.980503060854,
        36.91476765620745
    ],
    "1_1_async_actor_calls_async": [
        3315.988180363186,
        88.18461814311021
    ],
    "1_1_async_actor_calls_sync": [
        1322.164395174137,
        38.677721022477954
    ],
    "1_1_async_actor_calls_with_args_async": [
        2409.093275457071,
        186.5641118884033
    ],
    "1_n_actor_calls_async": [
        8443.098274122549,
        198.07203862951147
    ],
    "1_n_async_actor_calls_async": [
        7519.436449907794,
        95.86060889021984
    ],
    "client__1_1_actor_calls_async": [
        1016.280218815218,
        10.635596875818576
    ],
    "client__1_1_actor_calls_concurrent": [
        997.379234283633,
        6.910936623788077
    ],
    "client__1_1_actor_calls_sync": [
        543.8113282935827,
        2.6333830446528035
    ],
    "client__get_calls": [
        972.2812234865689,
        15.748481604401363
    ],
    "client__put_calls": [
        798.272026042094,
        14.262937703751454
    ],
    "client__put_gigabytes": [
        0.12557461201692027,
        0.0035369936038473415
    ],
    "client__tasks_and_get_batch": [
        0.9430619663408146,
        0.02806467519848912
    ],
    "client__tasks_and_put_batch": [
        11643.407634989637,
        166.22429025291765
    ],
    "multi_client_put_calls_Plasma_Store": [
        12601.847505074395,
        194.22496890839778
    ],
    "multi_client_put_gigabytes": [
        31.49231062711511,
        1.462700653678963
    ],
    "multi_client_tasks_async": [
        25754.614657578168,
        2421.131420369304
    ],
    "n_n_actor_calls_async": [
        26574.5357220683,
        905.081548483551
    ],
    "n_n_actor_calls_with_arg_async": [
        2764.7870969413384,
        20.317090711094348
    ],
    "n_n_async_actor_calls_async": [
        22518.153639866927,
        730.4245322082114
    ],
    "perf_metrics": [
        {
            "perf_metric_name": "single_client_get_calls_Plasma_Store",
            "perf_metric_type": "THROUGHPUT",
            "perf_metric_value": 10444.558124529281
        },
        {
            "perf_metric_name": "single_client_put_calls_Plasma_Store",
            "perf_metric_type": "THROUGHPUT",
            "perf_metric_value": 5492.43037528038
        },
        {
            "perf_metric_name": "multi_client_put_calls_Plasma_Store",
            "perf_metric_type": "THROUGHPUT",
            "perf_metric_value": 12601.847505074395
        },
        {
            "perf_metric_name": "single_client_put_gigabytes",
            "perf_metric_type": "THROUGHPUT",
            "perf_metric_value": 20.74196784567073
        },
        {
            "perf_metric_name": "single_client_tasks_and_get_batch",
            "perf_metric_type": "THROUGHPUT",
            "perf_metric_value": 7.565153581541127
        },
        {
            "perf_metric_name": "multi_client_put_gigabytes",
            "perf_metric_type": "THROUGHPUT",
            "perf_metric_value": 31.49231062711511
        },
        {
            "perf_metric_name": "single_client_get_object_containing_10k_refs",
            "perf_metric_type": "THROUGHPUT",
            "perf_metric_value": 12.76311195230753
        },
        {
            "perf_metric_name": "single_client_wait_1k_refs",
            "perf_metric_type": "THROUGHPUT",
            "perf_metric_value": 5.42042360909017
        },
        {
            "perf_metric_name": "single_client_tasks_sync",
            "perf_metric_type": "THROUGHPUT",
            "perf_metric_value": 1021.9365798750152
        },
        {
            "perf_metric_name": "single_client_tasks_async",
            "perf_metric_type": "THROUGHPUT",
            "perf_metric_value": 8158.007746418112
        },
        {
            "perf_metric_name": "multi_client_tasks_async",
            "perf_metric_type": "THROUGHPUT",
            "perf_metric_value": 25754.614657578168
        },
        {
            "perf_metric_name": "1_1_actor_calls_sync",
            "perf_metric_type": "THROUGHPUT",
            "perf_metric_value": 2072.980503060854
        },
        {
            "perf_metric_name": "1_1_actor_calls_async",
            "perf_metric_type": "THROUGHPUT",
            "perf_metric_value": 8681.097305051546
        },
        {
            "perf_metric_name": "1_1_actor_calls_concurrent",
            "perf_metric_type": "THROUGHPUT",
            "perf_metric_value": 5383.975975746732
        },
        {
            "perf_metric_name": "1_n_actor_calls_async",
            "perf_metric_type": "THROUGHPUT",
            "perf_metric_value": 8443.098274122549
        },
        {
            "perf_metric_name": "n_n_actor_calls_async",
            "perf_metric_type": "THROUGHPUT",
            "perf_metric_value": 26574.5357220683
        },
        {
            "perf_metric_name": "n_n_actor_calls_with_arg_async",
            "perf_metric_type": "THROUGHPUT",
            "perf_metric_value": 2764.7870969413384
        },
        {
            "perf_metric_name": "1_1_async_actor_calls_sync",
            "perf_metric_type": "THROUGHPUT",
            "perf_metric_value": 1322.164395174137
        },
        {
            "perf_metric_name": "1_1_async_actor_calls_async",
            "perf_metric_type": "THROUGHPUT",
            "perf_metric_value": 3315.988180363186
        },
        {
            "perf_metric_name": "1_1_async_actor_calls_with_args_async",
            "perf_metric_type": "THROUGHPUT",
            "perf_metric_value": 2409.093275457071
        },
        {
            "perf_metric_name": "1_n_async_actor_calls_async",
            "perf_metric_type": "THROUGHPUT",
            "perf_metric_value": 7519.436449907794
        },
        {
            "perf_metric_name": "n_n_async_actor_calls_async",
            "perf_metric_type": "THROUGHPUT",
            "perf_metric_value": 22518.153639866927
        },
        {
            "perf_metric_name": "placement_group_create/removal",
            "perf_metric_type": "THROUGHPUT",
            "perf_metric_value": 822.3681283814908
        },
        {
            "perf_metric_name": "client__get_calls",
            "perf_metric_type": "THROUGHPUT",
            "perf_metric_value": 972.2812234865689
        },
        {
            "perf_metric_name": "client__put_calls",
            "perf_metric_type": "THROUGHPUT",
            "perf_metric_value": 798.272026042094
        },
        {
            "perf_metric_name": "client__put_gigabytes",
            "perf_metric_type": "THROUGHPUT",
            "perf_metric_value": 0.12557461201692027
        },
        {
            "perf_metric_name": "client__tasks_and_put_batch",
            "perf_metric_type": "THROUGHPUT",
            "perf_metric_value": 11643.407634989637
        },
        {
            "perf_metric_name": "client__1_1_actor_calls_sync",
            "perf_metric_type": "THROUGHPUT",
            "perf_metric_value": 543.8113282935827
        },
        {
            "perf_metric_name": "client__1_1_actor_calls_async",
            "perf_metric_type": "THROUGHPUT",
            "perf_metric_value": 1016.280218815218
        },
        {
            "perf_metric_name": "client__1_1_actor_calls_concurrent",
            "perf_metric_type": "THROUGHPUT",
            "perf_metric_value": 997.379234283633
        },
        {
            "perf_metric_name": "client__tasks_and_get_batch",
            "perf_metric_type": "THROUGHPUT",
            "perf_metric_value": 0.9430619663408146
        }
    ],
    "placement_group_create/removal": [
        822.3681283814908,
        12.06213683285346
    ],
    "single_client_get_calls_Plasma_Store": [
        10444.558124529281,
        259.7452859940139
    ],