{
    "1_1_actor_calls_async": [
        8718.58726583361,
        238.019652606414
    ],
    "1_1_actor_calls_concurrent": [
        5384.6220679941125,
        235.5249925676374
    ],
    "1_1_actor_calls_sync": [
        2050.5066496658787,
        18.353635978232717
    ],
    "1_1_async_actor_calls_async": [
        3560.7482005883044,
        127.22681471403638
    ],
    "1_1_async_actor_calls_sync": [
        1361.9487841499374,
        24.834560343910532
    ],
    "1_1_async_actor_calls_with_args_async": [
        2449.654767504713,
        110.5671610471139
    ],
    "1_n_actor_calls_async": [
        8830.194819421264,
        380.5939283100164
    ],
    "1_n_async_actor_calls_async": [
        7645.887311622589,
        286.9880881253977
    ],
    "client__1_1_actor_calls_async": [
        1025.6325457407006,
        9.69085188175562
    ],
    "client__1_1_actor_calls_concurrent": [
        1017.6173594561745,
        15.537346396502064
    ],
    "client__1_1_actor_calls_sync": [
        527.5561284837049,
        24.67846480941688
    ],
    "client__get_calls": [
        1139.0583634662887,
        42.75881522192761
    ],
    "client__put_calls": [
        801.2677122341627,
        15.575830060624323
    ],
    "client__put_gigabytes": [
        0.13304955386758938,
        0.0018253595676492517
    ],
    "client__tasks_and_get_batch": [
        0.9533284196050318,
        0.01889361355457309
    ],
    "client__tasks_and_put_batch": [
        11231.388664580556,
        266.6121439033919
    ],
    "multi_client_put_calls_Plasma_Store": [
        12041.82505815777,
        331.3714809231162
    ],
    "multi_client_put_gigabytes": [
        37.18725987271641,
        1.6116291523132105
    ],
    "multi_client_tasks_async": [
        24773.49785785418,
        2827.488049282324
    ],
    "n_n_actor_calls_async": [
        28466.275531681382,
        765.6774097476917
    ],
    "n_n_actor_calls_with_arg_async": [
        2775.9132185134154,
        23.41703352111269
    ],
    "n_n_async_actor_calls_async": [
        23699.21998611684,
        461.49278717465745
    ],
    "perf_metrics": [
        {
            "perf_metric_name": "single_client_get_calls_Plasma_Store",
            "perf_metric_type": "THROUGHPUT",
            "perf_metric_value": 10344.025810191095
        },
        {
            "perf_metric_name": "single_client_put_calls_Plasma_Store",
            "perf_metric_type": "THROUGHPUT",
            "perf_metric_value": 5520.931029303271
        },
        {
            "perf_metric_name": "multi_client_put_calls_Plasma_Store",
            "perf_metric_type": "THROUGHPUT",
            "perf_metric_value": 12041.82505815777
        },
        {
            "perf_metric_name": "single_client_put_gigabytes",
            "perf_metric_type": "THROUGHPUT",
            "perf_metric_value": 20.782473286079433
        },
        {
            "perf_metric_name": "single_client_tasks_and_get_batch",
            "perf_metric_type": "THROUGHPUT",
            "perf_metric_value": 8.178016100690499
        },
        {
            "perf_metric_name": "multi_client_put_gigabytes",
            "perf_metric_type": "THROUGHPUT",
            "perf_metric_value": 37.18725987271641
        },
        {
            "perf_metric_name": "single_client_get_object_containing_10k_refs",
            "perf_metric_type": "THROUGHPUT",
            "perf_metric_value": 13.959100413589034
        },
        {
            "perf_metric_name": "single_client_wait_1k_refs",
            "perf_metric_type": "THROUGHPUT",
            "perf_metric_value": 5.581148700393339
        },
        {
            "perf_metric_name": "single_client_tasks_sync",
            "perf_metric_type": "THROUGHPUT",
            "perf_metric_value": 1046.3061282471995
        },
        {
            "perf_metric_name": "single_client_tasks_async",
            "perf_metric_type": "THROUGHPUT",
            "perf_metric_value": 8050.793461526725
        },
        {
            "perf_metric_name": "multi_client_tasks_async",
            "perf_metric_type": "THROUGHPUT",
            "perf_metric_value": 24773.49785785418
        },
        {
            "perf_metric_name": "1_1_actor_calls_sync",
            "perf_metric_type": "THROUGHPUT",
            "perf_metric_value": 2050.5066496658787
        },
        {
            "perf_metric_name": "1_1_actor_calls_async",
            "perf_metric_type": "THROUGHPUT",
            "perf_metric_value": 8718.58726583361
        },
        {
            "perf_metric_name": "1_1_actor_calls_concurrent",
            "perf_metric_type": "THROUGHPUT",
            "perf_metric_value": 5384.6220679941125
        },
        {
            "perf_metric_name": "1_n_actor_calls_async",
            "perf_metric_type": "THROUGHPUT",
            "perf_metric_value": 8830.194819421264
        },
        {
            "perf_metric_name": "n_n_actor_calls_async",
            "perf_metric_type": "THROUGHPUT",
            "perf_metric_value": 28466.275531681382
        },
        {
            "perf_metric_name": "n_n_actor_calls_with_arg_async",
            "perf_metric_type": "THROUGHPUT",
            "perf_metric_value": 2775.9132185134154
        },
        {
            "perf_metric_name": "1_1_async_actor_calls_sync",
            "perf_metric_type": "THROUGHPUT",
            "perf_metric_value": 1361.9487841499374
        },
        {
            "perf_metric_name": "1_1_async_actor_calls_async",
            "perf_metric_type": "THROUGHPUT",
            "perf_metric_value": 3560.7482005883044
        },
        {
            "perf_metric_name": "1_1_async_actor_calls_with_args_async",
            "perf_metric_type": "THROUGHPUT",
            "perf_metric_value": 2449.654767504713
        },
        {
            "perf_metric_name": "1_n_async_actor_calls_async",
            "perf_metric_type": "THROUGHPUT",
            "perf_metric_value": 7645.887311622589
        },
        {
            "perf_metric_name": "n_n_async_actor_calls_async",
            "perf_metric_type": "THROUGHPUT",
            "perf_metric_value": 23699.21998611684
        },
        {
            "perf_metric_name": "placement_group_create/removal",
            "perf_metric_type": "THROUGHPUT",
            "perf_metric_value": 813.672592093335
        },
        {
            "perf_metric_name": "client__get_calls",
            "perf_metric_type": "THROUGHPUT",
            "perf_metric_value": 1139.0583634662887
        },
        {
            "perf_metric_name": "client__put_calls",
            "perf_metric_type": "THROUGHPUT",
            "perf_metric_value": 801.2677122341627
        },
        {
            "perf_metric_name": "client__put_gigabytes",
            "perf_metric_type": "THROUGHPUT",
            "perf_metric_value": 0.13304955386758938
        },
        {
            "perf_metric_name": "client__tasks_and_put_batch",
            "perf_metric_type": "THROUGHPUT",
            "perf_metric_value": 11231.388664580556
        },
        {
            "perf_metric_name": "client__1_1_actor_calls_sync",
            "perf_metric_type": "THROUGHPUT",
            "perf_metric_value": 527.5561284837049
        },
        {
            "perf_metric_name": "client__1_1_actor_calls_async",
            "perf_metric_type": "THROUGHPUT",
            "perf_metric_value": 1025.6325457407006
        },
        {
            "perf_metric_name": "client__1_1_actor_calls_concurrent",
            "perf_metric_type": "THROUGHPUT",
            "perf_metric_value": 1017.6173594561745
        },
        {
            "perf_metric_name": "client__tasks_and_get_batch",
            "perf_metric_type": "THROUGHPUT",
            "perf_metric_value": 0.9533284196050318
        }
    ],
    "placement_group_create/removal": [
        813.672592093335,
        10.337406335610279
    ],