{
    "1_1_actor_calls_async": [
        8610.330393123213,
        186.9694189333466
    ],
    "1_1_actor_calls_concurrent": [
        5434.468918244111,
        224.18826060506348
    ],
    "1_1_actor_calls_sync": [
        2037.311539489885,
        60.277572893601494
    ],
    "1_1_async_actor_calls_async": [
        3496.66525534745,
        121.18036155052327
    ],
    "1_1_async_actor_calls_sync": [
        1313.3306658239785,
        38.92009306452475
    ],
    "1_1_async_actor_calls_with_args_async": [
        2569.393341315781,
        70.9355120840667
    ],
    "1_n_actor_calls_async": [
        8912.650001801034,
        340.51947297461015
    ],
    "1_n_async_actor_calls_async": [
        7725.5529818648665,
        203.43922947348253
    ],
    "client__1_1_actor_calls_async": [
        1028.6660764699104,
        5.632488812067818
    ],
    "client__1_1_actor_calls_concurrent": [
        1002.8181030952032,
        19.682387253995884
    ],
    "client__1_1_actor_calls_sync": [
        547.1190170572789,
        5.388241455474393
    ],
    "client__get_calls": [
        1147.208432724297,
        9.113936769933748
    ],
    "client__put_calls": [
        807.7322205282885,
        7.496614272569336
    ],
    "client__put_gigabytes": [
        0.12863575350475692,
        0.002653802588400449
    ],
    "client__tasks_and_get_batch": [
        0.9635575936002984,
        0.010279021760580051
    ],
    "client__tasks_and_put_batch": [
        11864.823829731366,
        163.65402680457817
    ],
    "multi_client_put_calls_Plasma_Store": [
        12316.94637063735,
        252.47580514551535
    ],
    "multi_client_put_gigabytes": [
        32.20802882516999,
        1.4674149451491683
    ],
    "multi_client_tasks_async": [
        24270.150679696388,
        2424.825236525698
    ],
    "n_n_actor_calls_async": [
        28323.541616199785,
        1073.6990643069366
    ],
    "n_n_actor_calls_with_arg_async": [
        2823.6089835451476,
        22.337728603646447
    ],
    "n_n_async_actor_calls_async": [
        23620.657683083427,
        817.0831989697788
    ],
    "perf_metrics": [
        {
            "perf_metric_name": "single_client_get_calls_Plasma_Store",
            "perf_metric_type": "THROUGHPUT",
            "perf_metric_value": 10422.331944119744
        },
        {
            "perf_metric_name": "single_client_put_calls_Plasma_Store",
            "perf_metric_type": "THROUGHPUT",
            "perf_metric_value": 5428.195177026523
        },
        {
            "perf_metric_name": "multi_client_put_calls_Plasma_Store",
            "perf_metric_type": "THROUGHPUT",
            "perf_metric_value": 12316.94637063735
        },
        {
            "perf_metric_name": "single_client_put_gigabytes",
            "perf_metric_type": "THROUGHPUT",
            "perf_metric_value": 20.054852869404186
        },
        {
            "perf_metric_name": "single_client_tasks_and_get_batch",
            "perf_metric_type": "THROUGHPUT",
            "perf_metric_value": 8.145979949846524
        },
        {
            "perf_metric_name": "multi_client_put_gigabytes",
            "perf_metric_type": "THROUGHPUT",
            "perf_metric_value": 32.20802882516999
        },
        {
            "perf_metric_name": "single_client_get_object_containing_10k_refs",
            "perf_metric_type": "THROUGHPUT",
            "perf_metric_value": 13.539452255869243
        },
        {
            "perf_metric_name": "single_client_wait_1k_refs",
            "perf_metric_type": "THROUGHPUT",
            "perf_metric_value": 5.51378601380712
        },
        {
            "perf_metric_name": "single_client_tasks_sync",
            "perf_metric_type": "THROUGHPUT",
            "perf_metric_value": 1036.2409403416186
        },
        {
            "perf_metric_name": "single_client_tasks_async",
            "perf_metric_type": "THROUGHPUT",
            "perf_metric_value": 7959.668291258266
        },
        {
            "perf_metric_name": "multi_client_tasks_async",
            "perf_metric_type": "THROUGHPUT",
            "perf_metric_value": 24270.150679696388
        },
        {
            "perf_metric_name": "1_1_actor_calls_sync",
            "perf_metric_type": "THROUGHPUT",
            "perf_metric_value": 2037.311539489885
        },
        {
            "perf_metric_name": "1_1_actor_calls_async",
            "perf_metric_type": "THROUGHPUT",
            "perf_metric_value": 8610.330393123213
        },
        {
            "perf_metric_name": "1_1_actor_calls_concurrent",
            "perf_metric_type": "THROUGHPUT",
            "perf_metric_value": 5434.468918244111
        },
        {
            "perf_metric_name": "1_n_actor_calls_async",
            "perf_metric_type": "THROUGHPUT",
            "perf_metric_value": 8912.650001801034
        },
        {
            "perf_metric_name": "n_n_actor_calls_async",
            "perf_metric_type": "THROUGHPUT",
            "perf_metric_value": 28323.541616199785
        },
        {
            "perf_metric_name": "n_n_actor_calls_with_arg_async",
            "perf_metric_type": "THROUGHPUT",
            "perf_metric_value": 2823.6089835451476
        },
        {
            "perf_metric_name": "1_1_async_actor_calls_sync",
            "perf_metric_type": "THROUGHPUT",
            "perf_metric_value": 1313.3306658239785
        },
        {
            "perf_metric_name": "1_1_async_actor_calls_async",
            "perf_metric_type": "THROUGHPUT",
            "perf_metric_value": 3496.66525534745
        },
        {
            "perf_metric_name": "1_1_async_actor_calls_with_args_async",
            "perf_metric_type": "THROUGHPUT",
            "perf_metric_value": 2569.393341315781
        },
        {
            "perf_metric_name": "1_n_async_actor_calls_async",
            "perf_metric_type": "THROUGHPUT",
            "perf_metric_value": 7725.5529818648665
        },
        {
            "perf_metric_name": "n_n_async_actor_calls_async",
            "perf_metric_type": "THROUGHPUT",
            "perf_metric_value": 23620.657683083427
        },
        {
            "perf_metric_name": "placement_group_create/removal",
            "perf_metric_type": "THROUGHPUT",
            "perf_metric_value": 857.5492084954697
        },
        {
            "perf_metric_name": "client__get_calls",
            "perf_metric_type": "THROUGHPUT",
            "perf_metric_value": 1147.208432724297
        },
        {
            "perf_metric_name": "client__put_calls",
            "perf_metric_type": "THROUGHPUT",
            "perf_metric_value": 807.7322205282885
        },
        {
            "perf_metric_name": "client__put_gigabytes",
            "perf_metric_type": "THROUGHPUT",
            "perf_metric_value": 0.12863575350475692
        },
        {
            "perf_metric_name": "client__tasks_and_put_batch",
            "perf_metric_type": "THROUGHPUT",
            "perf_metric_value": 11864.823829731366
        },
        {
            "perf_metric_name": "client__1_1_actor_calls_sync",
            "perf_metric_type": "THROUGHPUT",
            "perf_metric_value": 547.1190170572789
        },
        {
            "perf_metric_name": "client__1_1_actor_calls_async",
            "perf_metric_type": "THROUGHPUT",
            "perf_metric_value": 1028.6660764699104
        },
        {
            "perf_metric_name": "client__1_1_actor_calls_concurrent",
            "perf_metric_type": "THROUGHPUT",
            "perf_metric_value": 1002.8181030952032
        },
        {
            "perf_metric_name": "client__tasks_and_get_batch",
            "perf_metric_type": "THROUGHPUT",
            "perf_metric_value": 0.9635575936002984
        }
    ],
    "placement_group_create/removal": [
        857.5492084954697,
        8.8086139645287
    ],